[[28833026905 78951055671 51929254294 76510612423 264154627810 147766494327 -76194842746 18066420777 -125908734340 28704654345 29297504990 146790183214 52009965608 48730652626 17163272542 34491945991 135257349723 -16660437718 77998130014 131333134097 127448385678 227004595311 180498954941 159409192064 137912942482 48632935182 66190954492 14601934047 95434635301 80957355387 89248129153 49343483998 47951234157 95915705256 -18407161610 106168038970 155199300685 230346492020 101828582340 -106538354740 34455285444 -37112174041 199048860111 139735208846 -11890858126 7082657236 175189574284 44589672245 92746532833 -86484968342 -103720335041 15373306787 133006634633 168435967235 305172715860 96758531178 114281058809 -115341365758 47310083129 164395112323 160626917371 72375151557 145522420515 18740261032 120353001372 127199737190 -1942721270 118328760808 75532632308 97833362524 226499140914 21887605655 163496405787 102468245964 54039875317 -23437390582 130125169136 119719312800 298971942540 187451624899 -33986895587 95922679466 -23377207394 24867629873 55118438087 3149056077 114163387851 66813044440 155179661348 -31004152039 -180830697280 580139974912 1893586880 -32212690688 -255891319680 184786830144 1170688394368 117862365312 -237246038528 -816061916032 -10354655040 734947629568 -580457847232 -893035360832 1276911768128 -294558906816 -416279890880 -1012191234752 -1114265753088 -791015946048 958777327808 -716685573376 1422578406080 -94731434304 773481278464 831280883328 2907049466624 -444166163776 1196439270016 -1319780386304 -1132480758464 200866380736 2271231112384 554101698560 -2198087372544 -2986265009984 -2196586555008 -309282444096 1246660859392 879507532672 -1846149115392 -764145838272 -93001075200 -974405072896 -453279434560 269275590848 904366184768 -74808160320 1572785653440 -761483764416 1917856062016 681191669952 -858213498432 -1373870186944 -1012156002112 412775428608 666424277376 808587674368 1088936793792 -612962384512 671092673600 -659456283520 -417763032896 -1034006044544 1132620466048 -369188623936 579674138176 1622379634176 -16984291840 654923545088 -362487200128 -676231520640 880534432512 -1482071731840 233210980288 -1060234936000 -1058907566784 768381795328 117392707392 -393210191296 156151933312 320665222976 -288015077696 589053830912 -851003010880 -2392176201728 459041546688 -553702612416 623276204736 398266767424 ]
[7401354097 120001084856 3088642915 -98384832883 224916897705 -65103573957 -133942779450 89283193809 73589584176 -86092407757 -50394746552 -40385042139 71333576856 -22083848583 -60231149570 -10902957356 -126613300822 -155424059475 103123753769 -22998677522 -97475643524 18762322460 -87149740765 1881857802 16019352054 -20238184946 -143310031141 75294234754 21053150606 -144078843043 27274457260 -70608022403 39114609427 -51260220600 -30891306996 -41460578827 66805967385 -73881046789 59974919887 -38016631498 17440751816 32474640221 -22911891733 48741711453 139396135170 -82541249445 82386635977 -31771189688 31610097046 -163241429526 -3216052609 -69239912411 -93412576737 -37140311753 93106955671 -63834071880 -190961310367 -46177715695 -79102140041 19664389424 49820310823 -162987280568 61539106860 -49795282829 14498944191 -72939492938 -59583559264 -179122216217 -81598805976 -42471308404 108741409404 -38483097053 -167703481826 23027072964 6222337741 -5824645064 -152788463007 22925945416 148329843418 -83741016448 131180713361 193841147404 -61729846655 -15057611097 -4845991646 -186915312384 34231209929 21593186335 -26169676895 74402515771 687646095616 -73527786240 471010080384 262558585792 1323906546880 349719693568 199176664576 -1641760095168 -1171343295104 -55849160960 35575608256 2196464983360 383738729792 -1136261831296 351793768512 383897627264 -1012710396032 -2315926040256 -204586363456 705132888192 -788773242112 923297093248 1620963417664 -913116683264 -932614909632 43172364800 -422413615104 -1952978308352 -702644467840 310552006016 298679471360 -125844048896 679837657792 -2279980551680 562571132736 -791043530560 -961935238528 -345970166080 1928524107328 547402765312 1801301223616 277809748544 1439529531072 -653450397184 266730036672 107597235904 1141901528384 838033959040 -1027680186560 1437682001024 1833010762176 -406502858176 72787913728 229647794432 -2910486824448 53524128768 1356920426432 382145645120 281666891904 -1673339217024 288877941632 995500333056 -1191168131456 -1184519743680 1321839220224 -1235821113792 1772470357376 -303704722880 353223780416 -644658611712 409917402368 -2148948676992 959189661504 -551447377216 -1440706455808 -149627645440 553253343616 -612920405248 156099281088 1064743025152 401749308352 10463600192 1506184413248 -683792611904 406256079104 -137286408768 494907690752 -809182130176 215792980992 -113166346688 ]
[111852967264 134685173177 238075339884 103085371486 51487859559 66237294407 170991077875 233211528016 407116663493 60090982012 15883174872 140703206659 124754030197 21886397701 80766895755 68954975466 58451612459 95426462810 57407553733 2057283736 -158096601331 -66092113468 104719151682 94213207967 185484543255 171552144769 17988803901 -24668247282 55731786628 80651038517 243251793129 230378523661 86037196234 100719835359 14210881374 133017743587 57087151751 -97620175243 38274758659 267635866581 210136691306 242525669401 145203390066 113731520891 236051893618 122832766762 132904137522 72846670782 174649952895 216487516464 61455922675 45007381848 19272654035 172067952055 -83608947007 -4572247485 84856167707 123106434708 284905430173 100588139719 49738769096 -49532375362 214543085517 174694443165 244479797335 192494415841 43356802106 78844628706 27935380536 174593646350 133350559431 -67064916496 142061718534 199108429713 129914874740 106499962823 240947878108 6235045151 171574826216 12264543677 62221765954 346400277110 275337519667 232460066267 101254646165 244244243545 171105956818 156495791583 173463230198 173151116457 689100081600 142066355008 968008608448 -716944200704 509556120512 -496703247104 851792795520 991697383808 190503767168 -716694126464 -590752219136 1252865261248 1263651440640 -1090283787008 -163645650688 616988447360 609127051712 -870346558784 1867032365824 1304136630464 747140150528 2534579058048 -101637797248 -742339398912 -892718660160 -2032427382464 -1546308278784 18135259328 -974255410176 36494575616 -774888285312 -1088148769536 -1732549332800 -1534443285824 659965390912 2710137817088 76974554624 -38658930304 54210615744 720179372608 2317001697664 -260970316096 -401496574016 -553571454848 308788857088 -304746958976 -1239422037760 -499331911296 75732729216 218809270464 -1351232263360 428364242048 -712474508160 -1239379810368 -66953482880 -2563873115648 620259503936 258433221568 -30495840832 -2547512863936 940215964416 1651015965888 -137118283776 569702563968 -1712814841024 -2377556323776 -861920930816 -819762390848 -176653273728 -784963332480 -1253176918528 310201045312 -140744778944 -355034004736 -400812695040 -942466342912 7150460288 741119559040 1191340821824 45060209536 1009297470464 893857614464 -577519434624 -754734852160 -140510441792 1858991076224 2182542276480 767882898688 -306989579776 -854625035520 ]
[38642472278 137432705439 236231709755 43292769944 119240264682 -1414238424 103464269283 124704692134 191606548859 118989644757 -50204074639 83754830078 -56741107502 -134729116296 79266761743 54704551707 -9381881836 131833238350 118180747430 6418060033 -68936449983 136368283868 58345315433 160384290953 119396209997 71453016310 -81661161589 57886915452 -85565747015 -83735709686 52985335360 131737472737 151012369573 110199689769 41669573976 59390463679 -59986850538 -75417837679 145171853757 177833780242 81201390756 212907865983 132875461006 87030897509 149519419851 -13493666742 30869946314 -55965126023 284268874667 170309013082 120933948744 14922413397 101385427985 123453496612 -38183311293 -42425629244 22570452282 221063419115 72186709111 134110428655 28952163315 -55809230877 107069765030 14563712462 238812816535 144553215493 170139031315 -12206562354 78143965684 125436987200 -78529973332 101751607 41345809431 168098765477 71146896708 155558968017 96645976644 52571695082 220769293445 -29458461942 67673799974 245154838662 246422495626 177827992585 249791740458 30563806980 37245075332 187788327612 -143626334441 126108746139 867001032000 -109931478208 2028224749952 -833248222912 837344579200 -275243158720 2525411781824 -1388782565696 -959966111808 1237306872960 291342960448 -421562755136 1919849514240 -690776366720 -347674839360 938121596928 556831562688 -2270889194112 1195014947264 -442279102080 716638297664 1601985762560 288154599360 -2392877965248 -462070504448 -114338914304 76432080192 331700682368 1300449502272 -156772965312 -988891398208 610423937792 -1016840376704 -1289858031040 -541338683456 981236872064 1088784003200 -1510189339840 -867140875712 265463012224 2180233958464 647216094272 327798314176 1997578122176 -7305386816 101063156736 -718158215040 639992279168 -150898334464 -448006501952 -949921382080 203304432512 -778804902528 -435816574144 -1110763884736 -1282567394816 -1284542295744 -687402791744 457253285056 -746491690496 416839861760 2944080196672 -188431762496 -187872605376 -1398405019776 -1723410449408 -461947175744 -1239789713536 -209901727104 389429096960 858885522816 -981984680384 360648707200 352796024576 -1747335083776 -1071166650048 -838932071104 933212053696 2269512330368 -1108969399872 472472003712 258505098624 1061185595904 -2837657560256 566011546624 832996691968 -231371510656 -322318288064 925570415488 -1788710359552 ]
[-21639440052 34244476431 -33114033617 -7406832165 -107303868131 -16368636646 81014770513 44755739615 -174205352395 205857720306 50314018396 27154900523 -81486377679 179995718545 -38685895866 -123917042265 -98040359985 43818634205 -58576441445 -19738306824 257339470359 83227324665 12830808262 5720912444 -21053071709 28647309533 52708746349 179342501266 -96656468050 141572279859 -70201661697 -120757606283 -129782864044 -44700398659 -95631575623 14967258407 8585893654 64084017942 52661740566 -102744019848 8165680109 -75975295763 -161714397380 49669278522 12358297891 50440209376 -743024145 10453905124 -106249838163 -40753869012 -159215374431 12637675129 188446815930 -129766271466 58547172566 -141803694377 76255872442 5630280215 -148460813690 94543505682 -19283855694 48697756730 -95531906942 39888060731 -106075444028 -30492220220 -113922478858 136434776289 108503310153 -42317379171 121861518126 -60546227358 -39035784434 -35196040323 -65298305538 -57533988339 -109495571413 33199255808 -90676887305 136008847766 -41371915532 -53060243776 -145918074290 3863745916 -10365623468 -174434371251 8501969435 -32388863340 -94648888 -140232536244 24014670784 91051004160 -832197630592 255250536128 -661880241792 1005616104704 84030432896 -918262571200 -702872578624 -62551977472 1146629987840 -1975028922752 710702802816 1508946229312 144532848064 -1188065438720 -334367820608 655019465664 -1505357374208 -1333551733504 -68866473728 -2311256730880 1372987063936 1273373974144 1744110929920 -1028740176896 862098572096 -1180189550912 788489608960 -1406561448640 291641624704 -2221836676864 -290809577600 1884518868224 -1568882919680 135693045760 421639115456 517279041856 -2681879206592 1166051540864 -698249999936 1634021893568 933352143232 1113805526208 163767227712 168414810496 -299883536384 -1232813686912 582931263296 -1253310075648 -627542703552 3234689344 185608909312 2655485786880 -1305891919488 1696047495168 524346372544 1378425174528 760170882048 1573239339200 -1603554397376 -481306843328 -569437662208 857977489856 2160077462400 294344441088 608994295104 1176525476288 -496931192000 228438809344 -535610922304 1516809443072 872015706688 517595661312 542751239936 271968229376 -1414512184512 252508981312 -905174262464 736438596096 132909387520 -754126967616 1068401419776 1284685954112 -329122129408 -1339005370816 -1375865545344 -1666887334464 -1487590756416 -585770030336 ]
[89575213106 75153908621 -25829021109 4249735228 123899634356 141352799177 97127177283 62394538345 199349888160 126147009547 189931235529 108045344408 147873839525 320865481736 73285312770 27055085709 139215461182 155697647913 78351839299 168061337424 407876800648 93482271331 132691721062 43999107340 16798277754 132874806393 184513147921 265038492682 157538618407 303191031703 161290245384 49768702260 81581681354 127017130974 131132064002 252434162491 189429794261 313848509645 16380130440 73952147808 158270373817 -98927703780 -48385075709 114091964120 71715030969 97239733756 126995604136 298433397916 -190463746643 35994235238 19649568684 180068258531 220455807106 146976609913 178695353288 80812140484 118883039724 64692823975 85873455024 -66321961173 177030744631 202165373680 55197343218 176528665912 49333287161 -71259277608 103501774739 272056364964 95028568023 177711712404 340430446489 140692107352 -30943779259 -4341645698 182926310918 -40672086780 87174506594 156466609063 71482765980 227390886094 82479266539 12271842372 1961388616 9029537192 -49405430479 204039657566 -1658395263 301104640211 199133373128 -220865344292 -118746221312 -135021048832 -980641305984 -1319476188928 -1368962852608 10833861184 -1054300315968 -1048314283712 -1345842412480 -955794177408 1642031711360 -1015017287488 -419814454400 63596347456 953943651392 844660277120 -1070284151296 2217241846784 -1847137928384 -257738082624 -2419988256576 -3334096094144 1171517042432 1057346926976 391592306368 677149531136 -916941912384 224018631168 -510952152704 -999604863616 973862312320 -1132569647488 -526769788544 2531530371968 -1210882651968 750886585920 344487970880 -598939767872 -1302891306880 1184081608704 -1275676460672 82650147520 436592414912 -303906475904 -474823864448 -69305428672 1447847331072 -1431516319552 423945801088 1567227648832 -406738848128 -339170926464 768265193536 1793533343360 610559158336 841795970240 1614457900608 1249989867584 934833114304 370751306176 325768206144 -2814394609920 -491575882816 2741586566400 1489145619584 1124278360512 312103549632 -787151952064 173371076672 215859996608 -484275328448 -66653914688 787476315968 -83135926464 1044972719872 459889929984 -449056165184 -338592599232 -3568746362112 -89522499776 457165740352 -926995035008 -1606906704320 2560560809472 756567457856 -117194949504 -980342199808 -280754223296 -2659040798720 1144261876224 ]
[-132027634342 -118439777053 -116186333632 -139265016464 -133090526528 -159680719996 -245474622100 -129292895997 -121626508474 -143291099350 -144264005576 -52850883193 -46673581776 -198767950363 -98826831753 -29955527495 -206433409715 -280360491336 -165800390871 -93473677173 -224943315842 -49319657790 -254377302998 -301964454519 -264055149654 -92445773704 -159800035116 -11946943496 -211331196293 -227274959977 -159075470111 -183597761659 -140916518893 -173417579673 -197640984794 -126187568542 -95651093984 -107619075501 34379694014 -137963743763 -279065668085 -81743218591 -183168388767 -144427958436 -114382473947 -96348285019 -176396575400 -268342190151 14233610532 -135423418384 -145003152866 16752123369 -228867496146 -138155868273 -230994416734 -206710589317 -223055789086 -134490341215 -108482416790 57118179215 -239676483698 -223644395256 -90571927732 -342490878522 -256673506819 -90126892136 -119501230614 -76851378075 -172235267975 -134099220336 -241185770450 -159958688022 -151639681574 -96347999695 -141281819188 -37293451162 -144600633032 -77267066209 -234073347001 -150882584096 -136972575281 -131873957541 -65571646593 -86169925340 -542711599 -227918142760 -383218681298 -265279423618 -238829320404 -95944759694 591989265408 -289585127808 -1382595534528 122152596096 601346770496 -284892313024 -42075568256 -1258068273536 849879666368 1143720026240 -398239369856 2642118772480 1251211458752 364413237056 298309430720 439610254912 126329002432 336750587712 915404383296 -719062076544 -315801793920 1381975670016 -1147398488640 -421224856704 -792903680832 7392381184 -29293013376 6581445440 815037057472 -1313370025024 -492799339712 -1241022419712 321977033024 -672080286144 653831828352 530040014720 406003072128 -68384708096 71662419584 -865325334848 -344693047872 1008244489856 2011000809344 2470153579648 752417589504 148578418240 -570282635648 153498837376 -2093955209728 824016362432 -823242410240 707341517568 154205150912 1501596096448 1085873026560 -96381479040 -2605892741440 -291509117248 -821286264256 -236753342464 -2214366146240 757073621824 -1329919878208 -1003655134272 2088988617920 1464120132544 445587966080 1766340185152 -329432571648 -933725198720 -443575572352 -34975731392 2120400254720 -817851471552 -441756763712 563396638656 -1375563536896 631342228032 -79235601984 1726060999808 558218234752 447958388672 1640309266944 -446097463936 -978687425344 466490558208 -1498694299136 -1196814746112 19202844672 315331378368 ]
[-31014470169 -129308493294 -61395804559 41932288126 -270516877730 -74916169070 -26737715003 -165986687106 -61024908067 119370184033 -9609060245 -112949000338 -159919789878 -184166768291 -52476475974 -296083562688 -81066731449 86392813990 -163835325008 -254672244822 -104543692766 7792540104 -107249539150 -76079682208 -53503762041 -147501371403 -1340512644 -25024626985 -198800019860 -64195438162 -183820516713 -101111776352 -137534851779 -202473972991 -123692574536 -102929650422 -233093843351 -74573417256 51300776693 36920162746 -158847941518 59157867162 -43278093912 20968049956 -20574224734 -80108576692 -250795736001 -235068938876 5347565789 7847264013 -133985907261 64787917114 -203083356589 -36946170150 -408015076342 -13101871658 -31073897008 -462870933 7756280194 48651201586 -190082624551 -28970115584 -159850223097 -135350512450 -123521704450 -67794083707 -38928532023 4371341458 -82402053711 -78326421157 -407683859859 -172376693611 -27078163660 -21349086429 71640329873 -67228203152 -149557073095 -243328715793 -187414090137 -41728756847 -109240235864 -162000775044 52825156239 46940520081 70944273593 -34847301747 -266450263461 -74236010583 -279713012167 -67446624444 1167083504768 1127652010048 -251245472576 -1737244509504 -1256900677248 -336793234112 2942229693248 -243610260416 -831154280960 2050247702144 816507978816 -1555518392000 751280122496 1463658862016 -1795371939200 -498348386304 -725173497984 -635080271040 143834636672 1018787597696 628723110720 1478645019008 -1513296598848 1070816921088 -1310113991872 319419859840 665268996480 2412839255424 1137766654272 -1074876684928 -94265927488 -842068100928 -3108798860096 483557699456 -1013181543104 1664850464384 2536783652352 895914569536 -1622006960000 -627140278464 -482087923840 2356436758272 635939478464 1940903691968 479886300480 -787214941056 -1074849434560 -551796421888 -708806369600 -479779127680 -2248423329280 514188124160 677481212096 470796551488 2558249507648 -1867984465536 -1387234806720 -849828086784 -664404951360 1746624403072 -2188012385024 1233737484864 -236427561344 812554500096 -743045038080 1603911901952 -1162249605568 167833841536 -1326918231872 -388936362304 -829960602496 2111637280448 -115089764544 -540838677376 -1539449043008 1156744473792 -803298016256 -207601219776 527639264512 -59207392064 -159401858816 1535685409088 1711733394688 683625181440 180777033152 765162957120 -1037246158592 -497752867392 1084437629184 -1609744756032 ]
[-39479503607 140458466991 77889950963 57145632818 45279109615 -20792531882 -113596617717 22764993509 -208010324413 89879788994 49553393005 92691810210 57278691854 65677267928 39461350859 311701211522 73490746686 48697868892 51585852273 199803182359 142485004416 138452016750 124739774890 -55935201443 -15283410573 67288955264 67055683 33521053511 -29049049564 -121308781866 47442152101 19605103902 32570663697 -5739061000 1470305228 7149656991 218352182553 64385108776 145095209404 -114551870233 -86959676074 63198301193 538057858 -121281461460 10604905307 37862277484 68435594472 8513000617 54589185323 959603136 -3082285074 87083950704 103707475451 -73042281621 213449326160 -16130801805 74339074906 19186098592 -65597607912 204740741006 96424243200 -55415586525 -11318200750 5027462718 -111369232071 93369185274 -95880540508 153482526186 102272094374 -26986052963 -9368218983 51636710247 10640363582 83399639502 -75010307651 63110878677 82397019468 207493234856 41403304291 -62660384144 13616461982 113242627307 -90886973306 -3116691442 149655759605 -230585933132 18412841004 -165264445874 -2334437586 102482611290 -1407300901312 290873141440 -1821369046016 1553031155264 492368513408 422606780544 -999924008256 1166258154304 915747134464 -110222139072 -1098501826880 1519193691584 917245558336 449520150080 -607694512960 -449859712384 -127861284480 69622727616 -1688470113536 -2693281928512 -109073356544 -557896135872 -1358856162368 -886454761728 805762865216 -663217084352 978168370752 -364115798080 2340140285952 -601904837120 -1074406423872 -1148277643584 2638543609280 609204815936 1612466308608 -1498559601472 -1754894908736 -37554505920 -364642689344 -2449713188544 -940801288192 -1468860024512 2039997886208 1284319174080 404449250240 -346982375808 -6610363264 -31984983488 314553945280 515448700224 724633377024 -1539187736128 -643268073600 2134766193088 -1999170666816 2043884844800 -862631512256 336467070272 -235981895488 -508555818240 -1057211070400 1425991512256 -1152063960128 735710234176 1915861238272 796215736512 1209289622016 1685319481024 210025581184 389026041024 1738005000960 -9369687616 924162403008 -490596649088 -19336574080 65309194432 -507292752384 -589259963520 571768777984 1487692017920 -597585247296 -632244548544 1928338514880 -684764341888 -1565955986432 -123943505984 -1799735963648 -1188091867456 -456540028672 128814464832 ]
[-1775341235 15081588706 3170562037 -48089591538 -799393856 15012873189 77716651513 -43483276089 153236670083 9108574501 -87234362445 34947429590 1644634693 -82427927726 101656520533 130475850632 112310643593 48810720057 112900444152 -60764069744 -22690663377 -189237332413 32849594279 189508136717 -96224967586 92938317692 25966709793 110087890771 128821225319 125465184017 -73932150991 119631969389 29332112754 147113188792 255701489629 61419380118 -51150552923 -87562873997 -85632873350 192265177485 128427844372 100467371122 -163021069656 36989349010 -26181867 33363908207 -54190887211 66034064034 51007841902 161096009728 197200540449 -82845185651 -6762475264 -116050113814 -30300349788 105541234903 -126677774604 165791802177 -65581744860 -155302117169 4710417598 199268650928 -85321078948 43152554670 89167823563 87834653322 148889218893 -88180676965 138862702156 79027107010 69791961531 183491916390 68744353464 83633545577 6105675530 140768289814 -110042484255 72708185789 -32284292643 -48885222012 -11748337324 99609083205 41322117440 -115226752239 -18422998596 254176787594 66138219741 47530872477 8564251946 81176058278 -1046113802560 -957262062976 1766907713792 309554582400 529834393536 -1266286671616 -1751892742336 1521383779136 643624811264 776538272448 400055936192 -1092434644800 -1092497035008 -627962015680 225500584256 500195232512 443150820032 -148500422272 1121047146112 955397392000 -710635990144 885624039808 -1074731550080 -1105608031232 -303709717888 214454239488 -1889150895360 -1112708389184 -459929068800 820475778240 502901631552 2833442034880 -407031266496 -1570876433536 24577714176 2209660530368 110626001472 -295211607296 -1824728493376 1935097216320 -967018252800 44961576064 -2243097084864 -231384351488 -951068342528 1812314882176 -894823500288 639615670720 155275498176 525306392128 -374562178048 1425764498688 778968548032 802344347072 1287037525888 953952528128 1886875960576 229437259456 -550354877952 828632187776 353947096512 547121975040 934439946688 -537248500672 -2061751197056 530926441856 94652308096 -3824681902272 -68704994112 713084112832 81182611136 -428737982656 -2399713139200 1069774894400 -379952208576 1054362590144 1755468878848 1140256539520 -305235706496 -1744722989056 -1483180763712 -523730073600 -881361148096 -1988898977536 601568849920 414218072768 601917473728 1763701414656 -912738657536 -664633572928 ]
[-172275148781 -117813762719 -231289052094 -38228594664 -239730678551 -107987046127 103256260792 -263631195818 -200753282986 -82074086673 -115452799005 -188356613115 -270256789195 -163829397002 -218897662138 -238085739138 -294351986055 -18716970950 -105523642780 -202218792140 -22146550086 -92924134148 -44800099891 -119273565341 -105618210025 -263694481694 -202714319715 -147782781644 -209449106103 -198586425535 -130762534583 -349377614916 -165486021206 -167620603235 -142739743958 -223516219625 -244400244378 -168089317951 -91661144531 -35145629646 -141332033278 -260597815517 -210098805735 -192776704066 -162094252097 -57746204562 -211816396895 -124536516417 -182598135516 -147358801137 -198232572679 -143168112917 -252179249855 -136190283481 -179862429654 -189532515885 -114890456728 28939475223 -370060504771 -31546041456 -268745163202 -198747320400 -231089376090 -56649562408 -204659544864 -171821063259 -172168434875 -107040542237 -100163722482 -223399264169 -367247375242 -104519821324 -377002132634 -297173078169 -120230546824 -217375609582 -208260061651 -309977787134 -303849957758 -14286800648 59620111194 -226341445112 -91602880812 -172866713925 -156211273179 -299676010075 -248633602835 -107657180734 -295385547987 -161273483035 2262528373312 -63678444352 52309500544 867023601664 -193392844352 2051427187264 -1360466736704 -2286422321536 -2721334588032 1861070994624 366797301504 -858200060160 1226000974656 1824736982528 -492951296256 -233716578368 -2706878786816 535405729600 -1881335706944 -1076600489216 -74897128256 218030371520 -794454151296 807266629696 429306255616 1776122817920 813741992768 571908181888 -1085832725376 1400779747520 278712017216 -325852279424 -2182014443968 860340389312 166738906944 -828686486656 2021948792960 -521102956288 -327842878848 -1025356047936 1216737960960 518167654784 1167835632832 -182276398208 771730608064 624861024576 1119727296896 -241324497344 -591132562752 -674953964288 -1537459763840 138987574592 -144704641280 100186490304 200956416000 197423713856 -1031913744704 659248918208 462442037632 1748023433920 -1577870247488 -187700109696 501142289024 2915875833472 795062510400 532938121728 -783495089984 863643383552 -2265372681984 135340296320 1351876087808 647333892608 -1508209806208 1449074593600 -685647687808 598228878976 -471875685568 -428894966144 -779477044096 610296093568 1286355002752 8066991424 2350673969344 -143953622336 -512133347328 1174569738496 -1150868254144 -297593645120 703321418240 -1245465091072 ]
[208847099819 320423368008 278863629006 213807675700 194045006072 156953960138 289968960720 174838226812 452895811181 106949827010 176357531880 151121201754 175751900583 123513420218 201966438819 160661690884 60917788142 239822275434 315908379582 222039545555 -12553202050 108480789494 64410979033 169195364201 74496092556 311321021789 103407031845 237245443884 12596739793 145732935184 163582437694 245172285225 302039223319 211921703849 288199997152 337550185380 154258538715 182198324422 177439528459 216607069646 186568119883 153463399168 164197944594 178903352085 254093695498 73427892140 173670902220 37859985119 306583256864 345667875785 342416628860 343070597399 240813856297 268786950851 25057722897 -93692358562 167112711031 316886825276 328145805240 81934113966 199969718099 107286803887 185678208638 107855317232 257177960653 69961647826 236905119679 228588900160 181409129898 306671967569 63880869421 169943054835 -3887744130 231076630894 222405703701 348301915849 312719570442 255071858563 110422770052 71780890048 166701617923 397946082496 262570635453 260028111994 283084671593 315550453512 -26283690819 293183474084 -22291851489 78844364164 371146740032 -433177006976 -1013402236928 -2646324543488 117145731008 -211556460928 -122177216512 -1563071036416 -51748102336 -466634383872 -89126617728 -271271735424 1668258182208 -1196704143360 -185655379648 1577534478272 1216094491904 1537706011648 2060012812544 821583866816 19284514048 384731297792 -569891505216 -1565531153344 -880824058752 -563272479744 -1270646688192 646627776 1386208651200 -1267203325184 377317116416 371543876416 -1429109735872 -1771198633344 1211896461824 1767633028480 1479205608448 -3332087926080 -2932077610496 1035097282816 455433747968 1992868787648 1277031602048 3261409476032 869747610560 1207657961856 -303522398080 1070783391616 -1683619376000 2472964579840 -2909240338944 402322696704 -1367798333632 477646976512 -603619200256 -2666858359104 -789433442880 -1330736483712 -750839800512 -675231832064 -361674063104 915686882944 -640819054080 -39721020608 -1372070805504 -1976585643264 763444601344 -775294907776 1449279839808 -315059024064 1593874876800 -2729022560128 1305160686080 -446634356608 781884052672 257360431232 -349617054400 -405840904448 628492021568 -657234908352 967852134400 -1005962152640 -635353895104 -652174533504 274440692928 1524098782336 -490594310784 483946862784 -116997927360 -556107805824 ]
[-98128996018 -233847377286 -108069391375 -185227071615 -32476324173 -231863339395 27686642045 -178612556252 -4079171096 -283036887982 -218266527467 28762846469 -226926289628 -368473810087 -167144463733 27372198802 -110912330805 -158202709729 -255540005058 -133861101149 -377771006075 -224900327335 -79592423872 -208405106743 -234838389209 -255720915219 -227228891382 -277662819098 -206203158643 -99487453744 -95661492048 -87638342289 -83044603729 -102194169378 -269492710172 -138721385362 -244150642699 -183701532622 -136130985633 16277563064 -179983147187 -285093886360 -46268408504 -117218228778 -296178992002 -112473584040 -198488086402 26122462359 -98477071867 -120095628001 -94598462745 -241680288054 -201256634954 -5571002193 -292114975211 -190079762088 -184537067797 -188702666580 -129805604962 -202993444972 -232996044914 -126424278557 -5365775097 -236102509406 21552902101 -121464622472 -6254574535 -208238879906 -337851416275 -69466299128 -291004217390 -231896655539 -49451953379 -204571647925 -85663540418 -273740968630 -30907312426 -270493992777 -150548512104 3129469499 -93266956722 -270996291959 63036160231 -48859471214 -115808673059 -30829053266 -226848364882 -92214077621 -156384104824 -120422454154 3178798098304 -352692384896 815025078784 -1503612523712 2199706107328 -374097436992 -250082563648 233039457728 339482512064 446933314816 -106967532288 16345156992 1244063507904 -409403997824 2340674395008 1078043876736 286234754496 43048217920 1867307488320 -220810099008 752612142272 1506751507712 -1332209981888 -1749044305024 -2025726102784 -394763060928 -552365593472 1360182884096 -820012004224 591869649472 -564980405056 670109491136 -1075061294336 1718195249216 -1762059495744 -332675001344 1781425036672 -46863759232 2000621204992 -3113868846656 2541941497344 -294015325888 164955712448 -244303212160 -964920458176 -286314077312 -476650806336 187158237760 -681060800960 -398894940800 -952898057408 464979207488 -1174960876736 -1254791528448 2355396676160 -1782273401536 -2484877531776 667232918208 1004857281600 -1635565392640 148730017600 -1222866691904 1920749359872 1505205937152 -328109003136 987830373888 -2252371218240 -576736009920 -1245349617728 212385998272 318334044288 -991348743040 -666386716096 1621432304384 -563613823872 -1402137317568 -822812113024 2171126134016 1181041141248 -1237694595392 1995403524288 292785261952 -352075041664 -630866756864 501990411584 2450661387392 -119574054912 848106663040 -342998717696 1170895819584 ]
[46616632830 198480591890 120721144736 75188805304 152884970363 51183822310 9441050611 58075663782 191456552398 19183783793 -67219125891 -121258840195 24534831301 52035973298 -110479842248 73478958020 -15978302029 69361470736 59687264828 127875371865 -67609459981 -7817716365 306329032458 78198364434 158011334059 70639520456 -79059581459 -10817187123 -83880551236 -27995989994 68094335300 91478298659 103386306861 117817359116 4942240572 30447749513 217655653255 -8143882793 -58265421045 112288135085 115434028595 93043064711 72346152502 -148764341645 -29648686592 10325438296 75309622164 -9975495055 -114353866576 3247713904 42607821984 30979151683 64722920843 48130699764 88208244769 29926777115 188343467039 5194301286 77226240848 773722365 33655189961 -47458719761 127233106176 194495302049 46117294171 48487650 6794453420 146242585956 11455485846 40015523306 114366373033 -28822824466 61382964923 85152298845 19550916969 190877423568 213414351337 48900756356 33947833150 -23255113041 157085053525 149436436909 70683209661 4835692830 69398669145 137884629102 140594565110 30781361271 -86343872970 -103259390124 -325348805248 -308444669504 484714187776 -814426869440 -56357795392 379014707712 673846441344 1724791544768 429184712384 -1070926598016 -51182106624 1226050185920 144587090304 -992465783552 -236839271808 768044383680 -161110231872 1991661915392 1041202832896 -1318731406016 1339397318080 757318561280 -585851134144 -667162810624 84045365952 716369221248 -116452994176 -109344631104 423607484544 1192053764224 180756329664 -2659047705984 -909256032640 -1932460714432 -381124765568 154253003648 -1515200409472 -2679727222784 -852477074816 -855701053056 1706807535424 -817673699072 572480629312 33646163392 227449288512 -144847363712 840607097344 824219300544 713381286080 872506798144 -1315705622592 -695211667072 -1971104138432 -1704683370112 -803890080576 -945960408640 939054686272 591345420672 747320997824 -1355062466240 992835498048 2207216981504 -1129479178880 1580002227904 173041038464 -1977903444480 13821485504 -767729849024 293002556608 1584981455616 2598991125952 311789697408 -1523390688320 -1185195615232 522403280768 -574883378944 622515229248 -1323346806784 442357991040 -377698129664 1303557412928 -1256380670144 -1936979991040 -15612906688 622117321728 1310736012288 -573302487744 1100238184064 -441421578176 1549884988736 ]
[-118839753581 94702459782 25819626261 -88117930985 -167010033922 -154051571166 -150888392642 -65988466484 -170922143341 -93664387401 -75801135751 -171744445867 35579082677 -140362907374 -34240248421 78083572530 -181793644214 -113109686251 -10890958977 -137881368617 -323518822267 -232776250890 -93399279012 -95575565091 -92026073711 -154844093795 -213404253223 5276625686 -231568238854 -71441169452 -194615707897 -173670593731 -50062954808 -163911021100 44716920334 -120406916541 19162083246 -262883631219 -81302001836 -45532606311 -132001883052 -25565544056 -287635385386 -77163943561 -74632946855 -190638342206 54784022788 -127125066363 59961595584 -116128024958 49307039647 -89710960365 -199443178159 -194965363188 -250643222996 -215607372548 -213475898109 -4021784965 -212846242365 -12851769596 -167146284708 -116777835668 -199308627356 -72910770757 -158928851065 -176988097354 -139571767542 13694303054 -105202616198 -73549169213 -230246472055 -73713597494 -121373419840 -112656457197 -189278349242 318884193931 -191704885853 -115431587310 -364690199423 -254757801822 115047163942 75772849793 -179411274957 -206550732910 -60240985491 -203881482477 -150402217152 -255626690263 -333839825928 143598305472 -240197883392 401869100736 -1912865408960 829607711168 1480472087936 661884147520 -1925661475328 102917324288 380239859072 1793735329536 -1567069670144 1775665872512 437103091456 1946921423616 -2046341802112 -421504578112 1011033493952 965458643456 1126261019776 -1098986700288 418410064128 2998344338176 -2044373836224 -1745618820800 -1821671028224 458772172160 -1522204805760 -1911838477184 1464574259904 193987623808 1576359690112 -1060405197184 172029280128 -1981328312640 1810304513088 1416156052160 -866181084096 -677856115328 -1471823175936 -2712432224576 392441604416 1645555384064 1078370876544 449677597312 859239754496 3006487326592 -1689649042368 1057247070336 -3236443610048 2327656976448 294715688640 540224839616 -810916608960 1329993451392 -315231435072 53827166528 1370568776384 1161968563712 -1025727565568 -1141510712704 -3839016301376 1088877212544 -1103794671104 138368760064 898217697536 -867509051456 1073194907776 -213447190400 -696710218688 1528429887360 3434533350912 -2179154840896 -1365255072640 421696230144 -1413539505472 1486238594432 1188362408704 -101020638784 1731439773696 1213278136896 1545313545536 -326488132672 1653595434944 -1291712854848 -159299778496 -62617919104 -1390417675264 355081738048 -867026291968 -507499496064 ]
[167555563266 226966857081 8051069939 125879631330 103667491833 102354795278 173396316264 120219695756 84756419724 208350452475 212669741594 69488071614 125760596734 223628697764 87562285470 88804090165 -54456978675 198392673120 271766797888 156291243830 247818632516 56710502844 128104692027 -13207075039 -109806548388 195025228992 169985858076 272582272899 193787284207 37564221637 159711630106 76013153425 30891967167 59582088365 224397878816 128811012137 204496368788 34193304952 92224207202 159282776546 88735845346 213319663695 -44634521883 107680094656 308291560665 232751175908 -27704634946 178713523478 -5245241735 202676726599 230389820895 154354166638 53854734740 -15511659598 146816568374 -35861259759 -26826582143 203307203723 -2530487497 21157758849 244287799358 188973903963 -10445874653 151115345967 -59084072515 42551033027 -76482297736 106071005522 246167625982 51642611969 229766327535 212758694738 -60863148444 98528397111 154845705077 -15155111887 -90535607601 252238393888 122166892609 111769723680 105264966529 200673525122 -133695891687 96448830218 226205819925 -26516764236 174442918467 58881134818 138828521337 112134965467 143499622272 1613521356416 -1696791874368 189293761088 -114405088960 311831186752 -3032951425152 830555771648 -577101721664 879303585600 5906330496 -1340622600768 -296262727744 -1175942212672 -285446810176 -1068021816832 -1527959550976 -233288154368 -314400974592 683166603008 -2213949140608 -1010414422080 -714920713920 2614091593920 459104328384 -1372598309888 -1217284997888 -1385147461056 -1955544692928 -462344279104 1295456767872 1105761820480 1199506819648 -845826815808 2035956010752 1180811265344 -1669160211456 -131466339264 -2020780368384 637449555072 -60796487488 -811719442752 1404658046912 768556090880 482846460416 -348577259904 837196215936 488565912448 425169237568 1410697335488 -531014581568 -1223969371776 2468783236864 3472211944064 -2094793082752 683897504832 513074152512 -734110218944 -448034773696 992817128896 355875648512 101644174720 -712750914048 915195881856 -1973975885312 -688847903616 1478786690432 -824116784256 -1105332214400 -1307654047872 408296154688 498008122496 87832439552 1339647489152 -462753924480 2373364756480 1133468759232 -2094314833408 -2008370281472 1925212626240 -2415641279808 -255854082752 2621071991616 1444117301376 -56958177920 1865017811328 -1314237153472 -623855847104 -1199396608576 -861624004160 ]
[23862545289 -181889464876 54217788508 -50747516217 -25432712011 -10982614700 -40707599501 137173746561 -67172343272 -81349164861 53087868701 20607611870 14644540188 -61018368829 -29018511738 -50353649050 -155943203351 -224956945598 -248745929121 -79945745252 -256573380871 -49458512168 -20016215511 -159402217271 -5344445503 -90423684406 1997266994 -163384282346 -26326940472 216716354841 -82039309045 -30653765699 21693297108 -132476931646 -215567306024 -121532309132 -41123736206 -18457940145 -149925094607 -112123734588 -49863036850 73145414906 65835635717 58094577586 -125125168554 111805481165 44404588837 84790046109 -242834204885 11312395808 -110315273073 -97669147565 -62736586826 87454328 -100671710783 48963892555 -47611758786 -359981708268 140072918812 -179376826636 -95236636191 51520146650 73955037409 -44562273396 83345224823 -157767044893 -42886758102 -67901886183 -198501113272 -8327170711 87674596656 -213966462628 420502933931 -126058801786 -63600393082 49193619299 68990317773 -116542680248 19056332058 9206704847 -118716401377 -317808314084 11082131108 172753420389 -72081962211 64439901041 152709063151 -141762509459 215955515144 -63225642298 363947507328 2270009198080 749797939008 -456871239808 609444059008 -616199071296 728488213184 880742423040 3883808374272 -1920288532928 177009905280 -415289849152 -1669073700864 -952266851072 502094181824 -792184364736 2278098306496 872031469568 3127186343296 1087002685952 883936661504 1468269839424 -176422428800 -480742594240 -1025295151936 -243676064256 -1938253378496 487663166272 -1716347215168 249797443776 1125114235840 -2944168182528 -489620481408 1492985736448 -1949617233600 -566637320512 -1689847511680 1331105614784 2871960517568 -1061483556480 1394031672960 -1041293401600 148851942336 -1462418200576 -1011428392128 -2180462318208 -702213716928 493535244224 1804953742080 -2829474590784 1046362650304 606551663232 -349506857408 -2575275165376 1891160746368 708406286400 -277425476864 -821159445888 913465014464 -1212375726016 417085016192 -2441298938880 -15831186816 -2002278066432 -1598361702720 -624311402880 -2456695861376 1137036075456 319010011328 107528501440 -490453125824 1693722811648 2161692544 813415140032 26290994304 -315081391104 -1469840029184 1013749923456 400291150784 427293067520 826202560000 1664968490240 -2594179187264 2437629509120 682319582784 -547341875200 1037846344896 1171435623360 -1489382707520 2527414150656 ]
[322535937813 567152413430 298937203078 431613659032 547620604793 399442111946 430922066367 209026579689 297516468435 267320978655 312819002304 575803742102 348600220716 131151052974 269545611656 572776765991 271142178097 414870899226 553797600275 434881835152 188637181573 404599609220 534354990019 445393008716 340370117298 366417865746 240843613080 198543599536 466688786057 313868754294 339659557241 320567607436 447822129034 408155052695 475354538649 535387639697 318086872119 395100953972 398090423242 335414683901 290541461616 233046507606 426808497478 488138460039 310988282664 382300368290 315258706661 309573674648 418491667692 446822756777 387541098261 372561988705 303437234378 411616681299 482237675428 389538540143 293870786070 291651008869 358433976021 302154204126 491863432075 495778046069 368235890932 251311639608 375749544048 456695903885 313169222777 469695227070 378366516845 592675700808 243676727060 410319725131 390178646365 280322962525 446540109017 447514871711 375768992425 348194881058 554449253769 422943249390 268706853145 484219128056 291075269572 433920308492 414568816923 438820471267 405275919271 329380565332 525091528227 315972242527 -832762108480 536839970368 -681581255360 -646182879104 896911652096 1602907943104 -3042493677440 1547824161536 -144625678080 782362978048 -1385007021440 -1019225280000 -124988521408 -1968097750720 2840927946304 -285204444992 -1882259332096 -977186501440 800262515968 632339657344 -486871151232 1187836840704 -1237890888448 -1938682341184 -103677368576 1347034570816 885935102016 -1240463933888 100252705472 -322930632064 -780516030912 2040817554240 1845335552448 -362968872256 -862951987776 -731028156032 -1522140236800 -2138390434432 -330968092864 -2061898426304 -1774084911488 -416536108672 1207903075136 -1083778946624 -245839681728 1081917565120 -581968886912 1239896276480 757700410688 -97072568192 78928241344 1549014306304 -3123804361536 -1886408602368 -814219781120 -575473376448 369975525184 606250645248 650703984128 207286893888 -528666342656 462633669760 349070105344 -308279443776 -3098577264448 -967193075328 -1065171972480 -142121145792 -561745944640 1367500106176 1426067788992 -2405349198080 -351010978944 312003956160 -478020560768 172127649664 -53678489792 682117960192 607779879104 -1524647049216 -1110936658048 1682365654784 433894810880 -590287117376 -1077089820224 717444145536 -853122056064 1452961955520 1032929119040 -447838602752 ]
[-142884045083 -126552003459 -17185638164 -158310810481 -350956068115 -9618691099 151901365855 1894801335 -115160211912 -32092302215 72152748128 48262064752 -138675011011 -186328322141 -78215976504 -207866548533 -288479161154 -52941313803 -149047570999 -342715590685 -211891855663 -148778940540 -180635030743 -131050503304 -183202798085 -136758435095 -171876279095 -130057000313 -234387983793 38087506592 -55077892394 -64557845652 -31424237205 -169099695516 -83848732276 -89679501315 -304252011780 -290113930023 -153275093575 -81766571485 61168687236 -7758646837 -228610424792 15340404805 -34079439465 31174180708 -139072933072 -118213729741 152762957643 159093641778 -177782064406 -167465738762 -54576157227 10443761908 -334729897152 -423167754509 -197296706707 -19389313019 -48083011211 -164636165075 -300100974632 -111101637604 -251708999346 -3329727156 10846885608 -158858658002 -134604030313 40411236545 -60081635761 -56949839986 -234026977050 -307394679420 -26269337098 -146974947005 -135599998610 -81261322250 -200695370613 -160605444156 -194633927909 -208728556963 -305772348607 -28142749286 -17836815957 -29454325191 -140285720477 -236823741694 -192423725504 -16441907856 -218105586740 -244897977603 -123859307136 1818941076032 -745385889920 -1042134314560 -502512429120 -417892157568 -1028856086656 -2774729998272 -1043892956800 848318526656 -23361096960 -1033851139392 2136917294400 364102035136 179258933248 -288372114304 1829269206720 914670666432 1300103369408 898720965504 701859220096 2086402795008 -277834940800 -593161269632 -201818832512 261325783744 -1220554531136 400375809216 -806915670592 -1577776566336 643441908544 -519844232128 -1134635045952 761534039808 -128449132800 2062616600704 1674564913408 -354239277056 -1600740440384 3078806652672 551913019072 37235778496 880899113664 1866020338496 1208787491072 802623003776 -2367603096000 -65783215232 1021318724416 -322355513984 -2471752196416 2196012538432 2014546879616 916084768192 79018381376 -2450896644992 -1278163834368 230793959616 87759411072 -618622257600 -1530132037824 -1244683246656 266948254272 1354432679168 -1405741955136 -3237932500224 -3280701304960 414605117248 -1440450906624 1226853981376 41472930624 226246436544 1164738614848 2181667183168 -934845656640 641727975552 -1725805720768 1608401221056 2423857872768 788398130048 2044439414848 1896644199360 2173381291904 -802234240576 -603053378048 39749455360 742746049728 -580741956864 -1742446546048 -2046953279104 ]
[97057124229 313601088459 211339646791 213100103383 322795356393 208052616075 251166239763 -5196069801 136908975100 96333031463 -16490931133 230975937880 106609476093 12843782969 66571268011 315998854852 197557191595 130839660507 313726542399 294632769216 271632824454 333489499605 390390830687 437422048619 231200829576 280609444305 138290371059 149906627425 248406752738 267002628149 -22536682774 172168085720 297081096057 229982995533 285184381858 263106928524 307427381026 340821803193 199910594830 126130795377 194906466111 67130111986 211330644652 149612405103 -6092551957 206136442678 174762201731 256623647588 149661966737 188419018385 240834651675 140300593603 183107569972 46069061461 375131932267 406804124725 213674429931 210839567220 76883034233 244442437109 221470812871 352794666040 159900821830 220671548506 304488461858 359714865478 333873967109 151307889282 316971744584 327958681969 173701348361 459526982944 228678213858 149366091635 181114222102 295818163358 198006079370 215149899023 285022091445 475427185063 126428279868 228826004605 311901419293 239260716705 203541894976 249453427938 127297554731 103868522334 316440515591 296406550186 25049519744 704589225472 2072806944640 1225442217664 414183699648 445937020800 -2533408242944 600974970816 1015994344064 163725544192 -291325014784 -526849478144 -743942646016 -420030079232 1194198346880 279117634368 -2388797343744 108696303168 -570823200320 -1156151615424 -254815613504 1154448174784 -602174996864 -1463767211200 1249011287936 1784086973760 982603992448 -825385275840 2987527892544 771333126208 -543017620352 2261636758656 95578578880 140494837376 -1400158624320 -3824512449280 -1102707185344 -1287917347200 -378721288256 -2117324082752 -2617972982848 614861963392 67619043840 -664061249216 -570623701568 1838535422464 328338817920 1646132344064 107557545728 -1062983982720 -1354531484096 824485410112 -2355233291648 -358975666048 -242684749824 4193768467648 1276931606720 1283626063808 151371660288 859109845760 631893410304 635486120576 1099938998144 -1893532344704 -937063700672 1007195940160 -457216843968 -467896545088 1125813834048 -45643024448 723032270656 -1677611288576 -1751799765952 289191613440 -986349355456 -695989079488 -1313104214144 571379769536 -1316550094848 -2118009326336 361825564288 -453967467136 -1038480953728 -996451704064 -101571779776 -906066903936 -1184484929792 641875835840 -62883598592 376013553856 ]
[217188261381 191934453569 240287594126 213066238186 244708975972 93460197658 302253201591 256930021129 499766044407 -45711348702 164801520569 133530612162 131621257424 188416502075 130062404977 98119378873 225723787728 153774335546 194463761594 189944407967 12989937491 50814093198 123905217716 139238498791 300983652412 246835124935 98886356151 214716814913 186815428405 163482283620 249108820800 271484079321 220055961818 177197475622 245716802576 378449343543 211014799087 108281912884 189990838746 205967991106 285518381918 94332610112 171380902176 57858933970 232123634771 151970817995 136429052562 235709913251 129784074211 227251001952 159258485992 116941052552 110258119356 193741360071 -14910269500 175570290743 142509581845 158939758387 317257421977 73459870917 139003222380 177296361032 192917985282 159603040805 286378266291 224445826603 204376776359 124621741796 118137660841 332586425275 193062637459 155281800882 -11853236785 208787556069 204673658004 29179720184 222768494005 97672019223 190397413593 163442152677 136948582643 449560687590 270372931720 155515307005 4118741961 348238120799 120977490189 244757720065 161552693186 293690820993 -234041188480 -639446780352 697725917888 -2029030835328 237067490816 -823094244864 -2282172079168 -264747894976 -224472982464 -2605074075520 24519673664 910182862784 1078198479872 -256375492224 -1102629469632 2468273145600 -777934843200 211648497920 -682481442304 2568158292480 -111514456064 468149235840 185145031744 1082677654976 -145172190080 -1835656215168 -1186595407104 255162001024 -1063908697152 210261539968 -497460655616 942356760000 -2277815491520 -1191887340736 115042644032 1277010890816 643456491264 -1946381560320 570396624576 -805049499776 107606462720 553801114048 -580612895744 -1161418433920 1436331349824 963861939840 38274757440 7135960000 -1232473696512 2825122223744 -2035674114752 -38462675584 -297542611008 -464101268416 -858870238208 -140435326144 1138427826816 1607341822144 -309630491840 -2206218932224 1254149130880 657178707072 127483361216 -447427453440 617838253312 -479631676416 -572412907008 -1438809094592 856318167680 -1893430164672 -1390051459904 -1485979161088 -494185743424 -861084652544 499437869184 -20924759488 713603312768 562686673792 44168286592 -1037964551552 1492236734272 -882133975488 -567426391744 391920952000 -104531813184 2226713088832 3177268493440 -70946341120 -238220779520 498617110784 ]
[-92835740575 -89018751459 -204828977165 -127397691280 -154668775695 -203146628621 366939554 -287184123534 -172543030655 12850457616 -92711682049 -22745989388 -186276857177 -265236444948 -107683088056 -94904150358 -53868554923 116477762946 104636427671 -202802658483 -226677308894 -213875002442 -175039643345 38932302023 -247846385572 -278144246221 -57577837027 -94640861890 -110866176336 -280843709748 -233513158259 -219430281672 -142142963864 -89362232438 42864018036 -213719486755 -276126245668 -235442843309 -42961218787 -46263465460 -130935214725 55702053380 -210193281500 -22306805277 -54386219519 -65953549236 -228425322011 -304877800115 -95897037386 1623698527 110286718433 -8754530749 -255168018260 -218258917114 -106170584863 17902281667 -216046887614 58908667360 -317609280732 -92834468775 -76617254315 -58972168679 -163384978737 -266201377167 -156704272705 -51625204455 -61167404027 -205981157488 2899216646 -157622904122 -404454224697 -126800628767 -103332696856 -72006554863 62570093981 -106173783789 -333855127719 -130797437035 -75213411104 -142001184697 130424151701 -223613365136 -154531965184 -84931385320 1818566065 -25369315076 -59411372751 -290911374443 -98436759901 56815271955 1817987339392 -979050913856 1261928303808 1088751005760 969144734848 284029356288 614220672640 674938027712 148695000128 1966363177856 335252238400 -706328340544 871410833344 1906768838400 1087769637568 -1623951400576 -930329918336 -3279665614848 61386985024 1715254992704 -1374895578688 -33129062656 -3427741963648 -724365214912 -934371649280 919586044480 -136577150848 571485583552 -394133419264 901844224384 371912322176 2614701328448 -1438205331328 -1405648220288 922112339776 1359042546944 1889215099456 571333388224 650939473472 -848630567104 981689954560 454328448128 1028395454208 -246593532224 -1792624511424 -1990475880512 189069994240 759105499328 104625742976 -1617173051264 -296290852992 577179833536 902112035520 277606561408 -184794941696 -1213112447872 100873676096 -1766952112256 -437010517440 2289924209984 -2362919006720 1754316578816 1272096337536 -402316179904 -1065250316864 2031716634048 566261065344 -521896488832 -1539416611840 566259269696 1234170029248 630847751488 -2690091569600 60757561728 -563259561472 1507425746688 2062503838912 -39764198656 77521902784 -105081108032 -2636964838592 -836391790016 2523539115264 -1319930401728 738380055360 592582532352 -590826092864 65537520576 545139439360 -1390335227712 ]
[55018253403 34940150334 99605361439 36754472615 101961160062 68218767203 -16947902288 75181791498 -120366860067 32448153027 211143691110 13260618950 123932124677 172042803186 -33422785619 7265781914 57851890224 83827305668 135665860374 -2265997903 76186162309 -28109838970 265971932895 19201850570 64346539017 -117162509000 38214653268 180113748480 -57102885862 211299953205 175710955359 7076744794 -54466051314 70843463966 134865588216 66772345623 178617928066 17451516575 43444417373 11113767699 107197736789 13505624199 -14153480048 46620806097 117618189162 170648946536 106103624773 37978798014 -160495759632 -44990437464 -48740137040 -113348785946 154590505100 206262607416 118434030051 -4597387115 78333875226 -61006025997 -15796864105 34016079263 157707836588 172526999895 69834633156 175330381618 46196740912 -15117322070 -76805356023 196156406505 30414614875 69321364848 362259805119 -270466799780 191221589107 12046672280 87541975142 113631663102 79051177541 11565393528 106659208469 62044519264 238583535611 81948838088 -165356100020 -1976166319 1120818000 37220666182 243668142198 72898916166 118187440326 -29449345120 1056726862592 -123421579520 -1408263891968 -1151850037440 786910369792 1105262154688 111819142592 -470367265984 -181858947264 125088648832 905260012928 45209844800 -165069855936 798952034688 39753209152 -404703811776 -112046064576 499630549632 -1158767405760 -22446622400 1032023466048 -335749586304 -1425242170624 819054758080 231887772352 571786084288 -219979455104 501651282816 -913253517440 -994159855104 1459821881408 -2071568868480 1006225131200 -850010113280 -1319457420736 1383378189056 -1846513295936 -736246318720 -480015327552 104181284288 1070794272256 -2317566634368 273805307520 -2626877977600 -1018876522752 -788857224896 -28202372928 153978050048 933973491776 690459280384 1996237249536 -232900782016 334242187456 -1524253554816 -554056264384 -1934819124160 1546360200512 1742377512256 2860643676992 -1851449828352 -681894503296 -1718892696128 -718175870592 2289167787776 2189617834432 -1464561116608 161524286400 888196700352 -2742167343616 1873297415872 835254219456 226439309440 -2254369525504 -925182582912 -212606138240 627683881344 686138604288 -1224795139776 -70692019008 -167937193280 1491543328960 288183620736 515802438400 569944387072 790480356864 -276792536384 1351348926400 -497828855296 -2410000872896 2500381427136 ]
[-126789288712 -271250855623 181901026 118087933378 -307051077160 -118791928114 -155316424367 -98990358204 -192733923676 -125815974258 -77528530905 -215687198229 23731061428 -18047108864 -74322559802 -137218060209 116942815218 -63526820623 -278501920735 -117831258029 43323465210 -35525932721 -14603961666 -150575401730 136485036721 -112888860947 92885752141 -234172560653 -92369217239 -22435514933 75459893460 41454941910 -149738157472 -251362615270 -101115763040 -185341830401 -59547949314 25601451578 -57620553239 -167468506122 -94695137192 -78688453610 45608844402 -100975366483 -186663711324 -20353793946 -94825611388 -9825628477 23878539201 -234484777996 -154449453584 -86907566802 -253644002796 -77367366098 -111439768612 43819118285 133385979776 -97868421804 88613908922 58938903929 -265957428063 -62035174025 -39862202195 92734784792 -73493153196 -17739562475 -163569358785 -7906980748 -33927116483 -235082871769 -120685404287 -97406127375 62268473659 16990664990 -129784414614 -62562022237 31317721147 -233802154023 -303455436147 27266575205 -41480309245 -139346080530 55136366912 -72900900862 -34515543439 -207532879930 19734095283 -162092029906 40684878753 205226667018 408337779712 1559296211968 -447734378176 847374748736 -1203126520576 634891725888 1104314240064 2654290195072 -697441447808 534612187648 -2162586214656 1570219183616 -692161980608 931016334336 -3231951239936 -2150508282240 -126224530240 1615395657024 -2368678839296 -1163644541696 2193015478144 1486411858304 -1003110074304 2390159785856 -539807086016 -535763172992 -248870912128 2221833306304 1202497297856 653611766976 -275737558976 -1155492320960 178828336192 1016063384640 2245120757312 -1457981025280 551338431616 2900134328640 939516313344 -2361310872256 -1399277515520 -1179645225152 -1703403795008 -2332174122624 147705126080 -215134431424 -589065233600 -748251404736 127699751552 -496209566720 1228157341824 -1766490386944 -226458742016 -481548012864 3852191107072 295157951296 -218980389760 530185499200 -439063129216 434406512192 -250009084864 -38153185600 2203912919744 368949859008 -147872771072 229430276224 -389692807296 761822624192 -140312374144 -1051141551744 -2069096966464 1099935918528 6126454528 -811283561280 -1202498752000 -114761466752 945018788992 -1912897420160 -337553394240 -794997635136 717625776448 980894927552 -1164173292864 1819868404928 -2521529472128 130747531264 677646259776 -263692169984 1719939958848 1866909727424 ]
[-62448245421 -287657184083 -202242465684 -32675625981 -173346784360 -153167066543 166889903960 -125059959086 -357627727379 -136811933834 71476784811 -65699489170 -171879670395 -257511193344 -60938111246 -130498121869 -125833891992 -38806310865 30223676182 -234084708269 -241397684850 -132465728428 -211052275981 68544156007 -97373611913 -212347815507 -130486451287 -176165306642 -96850371390 -128614912840 -234459609070 -203733738169 -76483181623 -117860346902 43190229380 -109204302497 -262843617340 -219704521691 -82380621420 -332999460235 -157941087136 -125195468432 -188163970240 8678957891 -309428625035 8868684594 -163804070571 -164789678671 150114339761 -57196420156 76205828373 -205760912299 -183280120023 -144845838961 -91645943699 -17223474653 -107868020391 -64470043603 -344279374348 -188272057243 -197554708061 93171086935 -276091038840 -324701283172 -90089549188 -110894213278 -61180063371 -120632044342 79233254221 -138361422697 -370414806245 -63829619667 -124329509716 -187646501934 -262096761315 -161765318702 -461770161528 -157851534776 -307942873084 -56400480351 -41917107264 -336082995900 -153199367106 -251227688917 -164147181195 -94853466189 -45056463209 -182737221375 -155352872920 6012477680 32996397184 212076160320 -312016680128 -80596934656 48848617280 -926140461312 -2148425985984 -423416092992 7433305152 1445930490752 -2074017144320 -1565929704768 633491286592 718023880192 835956798528 -2170893509440 86220212864 -476992872960 -1348334825792 2280365363200 921770295104 -97667618496 -1644948853568 1593458193216 857128380800 1653524804416 -126923166208 -172433093632 -1748431917760 668558564160 715969060224 2714980141120 1129214671808 927214228672 87999447296 -479345683136 2580462508096 798306205056 1015707591744 -435747235456 -1840796722240 647335154048 -1427507023424 -298619731712 147551150336 1282180187392 -1471609479616 1787469728704 -79396048128 -1288720281920 5581555904 488117912576 -13124206528 -2195508435328 -104733835904 429643212096 524748422016 371614954560 -1317748892800 3380767374144 -2309112616384 -434952726720 2917221646528 -2238786456896 -903311291904 -571736410496 -1279775020032 -917706521920 -779134833280 1408599070144 1184856490752 -833683003200 -1194473627712 936773670784 1472849366272 1483133384704 2232736248640 1746521486976 2304642121792 -1517061195328 -1568045943232 -927203718848 1316028575296 -937641495424 -444722605120 -340894597824 125461204544 -104458793024 1464833721600 113072303808 ]
[-289583444926 -383232127502 -527891866511 -155446108590 -238773641961 -146710977144 -77898025154 -257646250020 -105506734075 -203526702381 -54486926324 -299808884738 -346725653997 -155823057127 -235906680333 -276215509451 -292074607562 -332986787030 -286314140929 -267933242986 -139225950122 -289513856576 -320498964665 -273694556070 -264281403342 -300946741969 -249992916244 -318864449041 -158708466927 -324094000876 -199248599164 -439368269172 -157960433081 -168701229109 -318731776263 -316483033685 -443874956963 -219883167130 -294695172221 -180295007488 -230323639777 -344943455406 -260122498129 -322462053143 -376281101997 -161641936201 -230002398863 -128585074908 -435001637048 -179574283444 -241690112574 -299202566046 -349185445277 -54704915654 -239871932823 -125525472804 -279778366631 -198388133688 -367562575263 -282868009314 -322157696629 -375674343299 -458108390925 -220128370034 -279322403715 -439575156510 -220238388975 -376348545383 -414509298775 -367170683515 -375888995519 -124979358700 -527076155972 -397790517357 -289021149549 -543059946768 -281026341804 -269737089987 -348421233262 -350348808852 -160897965050 -455661180433 -269524943522 -325459935940 -451383178786 -280790432100 -374758144424 -55653711355 -275562911782 -444721279442 63132906368 -1110009300864 61133584768 693440956096 -539837910656 670930858240 -2247917358976 -2544121711936 -2892621566144 -438895014336 1239550876800 -906306117184 -444318804224 150245398912 432229969984 1688231393088 -887889935296 882840898240 -2674953707008 1756473258944 -749326125056 -1138603230848 515559422656 450935611200 755609183936 1588187104128 -135285085824 704321849280 -3626629903424 2564121048256 -1020050431808 179662232192 -1158773779008 1990351797376 589999016960 -416787558656 1241333297216 -74142381376 3027919908544 3031408124800 601919722432 -414264097728 -341698167936 536979277504 1110476835840 -1026867807936 3056573132864 185606408128 -1454631522496 -247282587136 132555518336 -1079064758720 494883515776 -756470885504 -14506785408 -213067806976 -424806986176 -1008884838976 -1532967059904 2549940019072 444628623808 -2524098815232 -296054911744 1616269260480 134510294080 1524410723072 -744176007040 505108502528 -180900468480 196107752576 1175462171072 2315468687680 -156779767296 1981776910464 1308944399168 590965363520 -780193616960 730731016704 -1327083622400 425621133248 -242549549696 315437497792 -822614576512 968525184640 820922972480 1151959685504 656458421248 1058010437696 1349251111680 -985324063168 ]
[-76552135988 17868201323 -161607296422 -98812674697 50253940079 23584262167 -204687363939 -162781434143 25045846352 -152005402419 33237631185 -101534321277 16556293960 70491118839 -90608247313 -44727976217 -7329454988 -10029551297 -71553837254 99280762941 -12464733323 -104416734354 65116527622 -139772030894 -65661518416 -244354260529 -17997298543 10408027006 70381582493 -44561030939 -58854777867 -122318965141 63545883535 -20717456708 75657541366 -47423538388 -55732841174 12411874359 -164261065042 -76921501394 -17389840487 -188934494705 -90765452944 -112896720560 -142251536946 -166241040321 -45671217122 33425666740 -264473264307 -114278562386 77942810784 -56791607972 -65651964984 97680201033 -77817292505 162311717087 -33245867892 -156517095886 12426539108 -283728277249 -25598757133 32856647073 -87400591991 47753505749 -149626252090 -358670372660 -24533757239 102179570035 -220147900365 60754580345 -142449247875 53764202662 -7317489760 -113956176725 139179183848 -81085241624 -164894335492 -76526981819 -91391548128 -137982550028 203083893886 -219586162770 -249895088502 -389371857417 -319964662667 92908651033 -61156422778 10350405095 -103871507396 -249929118832 -1467888053504 -878688563008 -1058330981696 -1356521764864 175595814336 883742545664 -1311684767424 1427582891648 -1788328343872 -1764142407488 696510099072 -160805088000 -1405674490432 1226321179200 -495528126272 1091054407296 374823793856 1790764535360 -900102630976 501657116224 -1377124627840 -441957832384 853030290880 911586756416 -181541848384 3290532946816 -1270263190656 -701778776192 -1128854623232 1249757139840 1749160342784 673782566784 538712417920 -398120623168 -798871217984 362045745408 -1692735540544 -2959083878144 2182244079232 -2217758578752 -164740228352 -913884497856 -321106127232 -2153393957120 206461424128 -253045062464 2072435687680 441394264960 -1307344078016 2137595470848 856816542784 148722033664 1500110236864 -636040362432 899991478976 -2626658471296 159170784448 634466657984 -960472595840 527821325504 -45213196352 -1616475416704 -1070145416704 1321682308160 -179907737024 1086702438848 -784586456192 -83068987200 138586198592 2067979903552 3306599025408 104070597056 -409294681984 57591363008 1105919354240 665166712192 2440276874240 -1267512423872 -1232108589824 -1244552388352 -275101062592 -452462028864 -129140297280 2342566426688 565634265792 -732829595072 -1790636005952 912024961408 242727475520 2719080670400 ]
[284504559844 324327983341 377010074431 263698134646 233812449595 247880303128 262423552042 355187086835 427169496300 246713327420 184793931956 433605821791 436710126802 356756060708 294683324823 370758884491 331196267653 359598824865 314230978289 298891427164 440043291703 407227850192 220562033512 304657014308 420606513488 385134239322 273676807248 249774909356 434996531227 261529458812 406048782195 330176092556 144838251458 375464309023 210700015783 358482177190 211891591911 290008366589 280069327160 307078268913 394366262796 294268789963 329514920051 306464259583 574661895575 294414759989 350186542547 173446472068 283916071627 335317714318 116853557092 375991661928 322551067908 334186057889 364943781424 311971404350 255540476323 446089059233 417142671032 337221029826 501553306833 84532322562 445609781771 462774566139 295721271359 497754456860 220404277098 334695280855 274273438554 386864058246 340171916280 283825849882 94446716381 285445774573 500640632479 168700646579 369555083268 232800102332 381367341277 284436152484 290353488293 466280407809 407801426465 383963400246 174024514203 338800216197 321926906225 506334922989 543266691553 299089877970 -541361587584 -2378713074688 1495718832192 391461206528 -117850682304 1200160068224 1276623879872 -1009431301056 -670285669184 -837086029824 -1095579545280 2420652164480 -287655604032 -627733880000 116209915584 56485581248 -1254150270720 -2070263699712 -1566699348736 -739823843072 -1393404280128 107819064704 1812874851840 -660490332160 991002658816 -897825562880 20084889088 -607673331520 427053099200 200116888640 -179992417088 -865024457152 -277503761024 -75918807616 158949173760 1045143806464 1755808247552 541788540032 -165012241856 1326593436800 68989450432 -1429033776768 38120234688 -2352301304640 -915702809344 -651884465664 -1909880544832 -1690092452800 -724158254400 234614506880 -107848308224 1012911743424 -252883289536 -899530041856 -1845823854720 -644488993664 289750162560 877055572288 719970809536 -450936975168 1907196216704 503504099392 -1070001108992 1823801005632 502867773504 9167831296 -12080182784 1311084894400 44377419968 -1532626973248 -2704065078848 -572208090496 1155694954688 -1495191131584 239486534592 -1884483988864 908579843392 261428767744 -1497242660544 676953375424 469717895296 1709032883008 997212320000 -1800386857856 -2007220851904 784051468736 1061408641536 -217385646656 -536410952512 -551620661504 ]
[12331335666 -58570047769 17821093109 -28942241404 21145718338 15958816464 53693560543 128965423815 68558540386 229533808803 82441494602 35160216499 -220692330110 -128998690639 -36111082352 -351415198529 -93871988324 75221527889 -103052259241 -57815130123 -73982670687 10245270336 79897212312 63821377594 92269612735 -16343350536 85432423509 16407692967 -219267297745 114396321051 -9517286525 -17403573364 60959542203 -81539413345 -210013176502 -86813596054 -126626393003 76582336141 37541528741 53585727477 89608092224 67134188904 30454593211 181596344189 -62299231434 -66053566225 3799100522 -41859008962 -146686490155 -24484425277 -47518012756 -9300223073 100401861214 205885279679 -132751373499 -26464982671 78673575552 -32062518389 79917540487 -67658423250 -47747683262 35613944639 26996490420 -119771846647 158775484191 -94628429487 63978973610 99163067450 -53453367059 106796067630 124351787177 -242747232676 361722308777 24349022500 131060001991 -43492903655 40567350021 -49148677353 130467975398 35838272449 49067335800 -203026774500 21412840664 208027382619 60612222211 60415203733 94173360467 8987206614 20224866840 -169183539185 1449135469952 808027892352 1162248603840 -3425966760256 548543220032 1100114446400 3577441904000 -181854086080 -349659487296 -1156232299904 2198357434304 -2456462794368 1809837154112 1061423405952 761892986304 -609156145856 944972357504 -1491395128768 1655908324992 1266131859456 1121014686976 52816196992 1040608104128 569810424640 -541813203008 661822893248 443085523328 1886858650176 366805392448 -2690535888384 -570358417024 -3136224203200 -2157636208768 572632996992 -3666602604352 1461822394048 -257056762624 -1081327550272 -489339239488 635219528384 2747320393792 844630688000 1390925667520 1457078594688 -1284334528320 -2610843543680 529269973312 -613423513024 2020472261120 -2442558020672 -555982913280 -260282747584 289962248128 -1186818809792 1889852560384 -1976902059904 -75205586880 -1152961775680 1560836945728 409708186624 -710613935552 196950279232 67150187328 -683434271232 -325167719552 -770294840064 -2433489506880 47809967680 -1485417255552 1259672150592 548282658240 2524496157184 549748368320 1683141642752 68171123200 -1168002731520 -1565352564480 1117127354560 -761078042880 -750537028480 406911715008 -1245967267456 -2023751674752 2300534789952 1935607608640 -1109484664512 690202766080 -753002981504 -1071008405504 -414984146496 ]
[152160972429 71125532186 131010292486 249358162105 -22006733110 69178375202 319865523444 226695623090 80688105993 160309014567 225264049699 66053606621 -26141541682 190563790971 38976124992 17778617177 84778023735 298301196329 92257214638 175936522564 254211320072 69747322502 77425594760 96606627171 218688495045 200215389462 121516692663 203457001494 91795479846 -45589887483 257329047698 52011024872 124132162776 168981869241 38750174360 83312665871 -88908273108 -57775789178 192800018394 153595155620 234028774913 167659971125 -25854191494 149931594519 218710413791 81243851915 51031284613 152713868411 132201673079 241043105694 138911144025 67850083100 62864500723 66425367869 66958101023 33079751928 198499209709 399797172864 -16587237000 137276678205 124725674806 88854418243 82756759507 204702951872 130132161929 279738296650 27052869779 163953678930 177738692063 22441817261 117007130225 150661996411 -28704275400 172783269025 89934548896 -62289452624 -47559766692 128975536429 57243681639 136615656838 245086465824 61978007259 -1402973473 217044159008 54082437704 -36831367858 317526811069 148620793523 93374321372 366133438081 -293356519104 -537899191552 597389292352 687476475200 729502580608 2179737293696 -1641246107072 46674039168 -1981705944320 -1104560743744 -751775379968 -2215476234880 690908419776 2152981451712 -1082244346816 -1469681939520 -112534920640 -897862850048 -1761270763200 592720743424 14625950208 -1404853766016 956139494912 2009448930112 2461982800768 -1039693720512 -326227968192 942968688896 -2376840412096 899580859712 -351029714752 410543739072 646847804608 86517952896 552753691072 650564467520 133594996608 406824145280 -1666955490880 -674649836224 1757201896384 -482298587968 -1170450427136 -1317613351360 395098820800 -763761971392 -202390152128 160703789120 -1580343410304 -622337454720 -1814611031040 -1645987798592 1476028282304 2723711738176 -1343033568512 433895982528 -975967044928 -505957961024 -1046845915136 2172755843072 478242854336 2046210549376 1059303269568 -450394249344 -501560908544 -1555722142400 -648572181120 308826992832 -1761363082816 -95221305280 -986471685760 705559521600 -70699674496 2310204646144 18838416000 -1010972681920 1403880952832 1199256538624 -1769450714496 378680330560 -511701437568 -1257685210816 2558273895808 623880949824 -919330083712 1380655992128 831503070656 -1621652561024 1436531703680 -1112514317824 ]
[-62066537785 24567238826 -92068509391 -151127492747 -55539046043 -47845881892 -108727250865 -155015774037 -99557456389 -76364739755 -19025849407 -194855033370 -181567352747 -20204565771 -86638913245 -216291758065 -143337562139 37422821968 -110251280436 -148924920379 1824073382 -7517673455 -162919202 -70989781394 -47232933317 -223963976539 -15054990082 -112524377127 -144724380343 -56844568022 -224401590338 -50164249226 17825447961 -206020992267 52924875671 24845879075 -118776274875 6346669940 -149170971206 -111948790082 -69891708476 -176409568439 13477474752 -10701973167 -219413407287 -189679396967 -157197918971 70094881672 -54133918093 -82195342058 -109243148542 -78739749612 47316742311 -40411741622 -167952255912 -43370842661 -44000440371 -252105820469 46954666656 -212591804962 -106763714583 13086603195 -153799197129 -39326430110 -19444066281 -353755376550 -25287323771 -8268500917 -90785238341 17430499667 -231289335319 -140212115172 33697243496 -41442749626 -62159553785 -186479907437 -206277294562 -190706319227 69707974656 -129488373916 -219194646742 -86501369235 -29597011168 -152559995553 -66476196559 -71672820160 -156485429892 -21702934614 -303106444947 -292839480820 -39562556352 2703709331648 48373162944 -2300099359488 -2300960855424 -1190578860736 680033049280 -282423885504 -1249267072064 1156475816768 2624631138496 -1672805865024 -311608324224 -686667553728 -1613360821760 168541528320 -881980126144 622749869312 505868796928 1292345241280 -54236432640 -1087823955392 1457791295616 628840770624 -1086333873408 1017960910080 196792412352 418003028032 1448214026560 700799766336 1360081953664 1597878630720 -1244789584832 1604062119360 -1080572049152 -1497401456576 -20409635008 -885298575808 312936070528 -707485759424 -751218634048 349419586944 1072564048704 -247457988672 904640696192 584799721792 860499128320 62955613952 1811866175680 410039637120 -198308775808 -803320522496 770057382016 -64351484160 321851432960 -1695923689856 318147903296 1120278854144 1050882221696 -554831252544 -514331785344 -888932586112 526981989312 593527586816 -1489579016576 -579485284928 -1105349200576 -952072715584 1021705573696 602063708480 1535025680064 -752049669888 522561532416 -249614365312 -1054980542720 776531822336 -1192719792512 -30250935936 3045253626240 -1366137264576 -926101629568 105556461184 -825893456896 2608233900416 1090747534528 -1096049858880 -1727822511232 757377469184 -722357677504 781577718976 ]
[199089975970 -131437719900 -25073871358 109203931934 135189170464 -17770762454 150659669846 1452614871 -143118911819 -34263609051 -24629192865 -198221218360 -153956354591 -220506027786 -4883754155 -253320954508 -82060567915 4430922229 62357325326 -2038095354 -192186265066 183025438461 -79570774767 69574629220 86674126632 -118511744712 -6407180057 -88100393425 44643093200 79652366428 -230012391774 -17225882709 52632111184 -84416162129 -35070731791 -69610852630 78657191925 45984112317 30156620829 -64669370604 -166151214797 21936925780 123475591056 -8119858650 -238980276728 -95752225805 3204881436 52883137449 -34186333788 -91737343001 180435141381 35704263634 -95950317898 -127755687269 -121694575719 108898916521 -7270124915 -47966099932 -63842396345 -248625391827 28773888296 188213399788 44740733512 -246686455137 16020236690 -108657977026 201860520810 -148548220036 56305406131 -100260858862 -162101231720 142224815031 111855982093 -214773657724 63472149463 97959287926 -37071906358 -183188133464 -119469331096 192356060462 89489945159 -186240251556 41096963450 52189903012 88001340805 43861379409 7251915690 -160364288666 -156018119053 79805687492 1383608762368 1683927169984 1723699688256 -949605989248 -163141272896 -868312931584 654111394304 -999466548672 2295056732096 -531127739392 -938690783424 -1991965420160 -597705048768 -461015884992 -480961623296 -1737209615232 699482744960 -816465289216 2894839081152 1033422266880 536494062400 493651937152 -659737312960 1598727925568 -1245138765696 84424066752 1356255875712 764103545152 -352867524224 436851394496 1597768586496 1193575154496 -1560021270016 508720698176 -2153104385536 -2564395141888 1024021581184 -922809802880 264197278720 -3506329501440 -401011679104 2008225189760 330800428608 1082347010240 758105797952 1301702847552 398845348096 1331147975616 254206833216 -1393078701440 446169895744 -309293677376 34496057600 -3218448513216 1401406132480 2659380857536 210497481088 -2245609706752 75832567168 1349203830080 311893148992 -1338597078592 2390042011840 -2562133539200 -643898279232 411920879424 -1423282339840 -2438572356736 -99327633472 91714694528 1245475182464 -244923031360 -1508574494976 1186612232320 513064478016 811094382016 315114078400 -1309765434944 -633009745920 -734946603648 -477691163904 -734031620352 -1919393847936 1084538492288 2657926252224 -386609505984 -961320578112 246269705024 2310695732864 236631114816 ]
[-232112470741 -82479247731 -225518047115 -281191555470 -33043781559 -89505841587 -89030189344 -141188326089 -275845124895 128638378389 -158305372871 89676905566 -53703222036 -65269448507 -137432006666 -57725072615 -63279957354 -133779348011 -79530664791 -133677122152 32695880848 -92220386874 -17277489046 43464242045 -86326847415 -221159170516 -97319697145 -80878830897 -1564990240 134390402600 -259784043582 -184088933505 -62046772620 -41737431002 -105053433594 -229039247376 43099875569 -68788968378 -293846295435 -283753273158 -107654005612 -75464274915 -116627000853 26610082256 -277619614283 -99364073480 22721901911 194691394688 -251044435833 -217208451341 16401574958 -221812486453 78630841068 -217716850841 141609411744 -6210507697 -184764829160 -87205179967 -358305079086 -148013774847 -124791904029 173164361125 -257542883030 -59563142292 -117984494473 -142170509390 -88043081720 -42474670509 32553653524 -46054217663 49901113683 82461015094 55657921240 -304299618724 -82614312576 16145762214 -267686605346 -18999846030 -53131366116 156098293183 -185679065319 -348015007809 -93838159653 -262211010396 -133132096812 -105764844022 67146767658 -89940017417 68681705935 -287546178245 866677387712 1561301011008 1684591962240 1600222073472 -1388038888192 261729452224 -673376340992 1371232165696 -557010749440 1605863882688 991937727552 -630198071296 -1436306750208 476128115136 1490664978368 -559788661184 91770274432 -75092734400 162161217600 -2026508349696 -1096563327232 -238766124544 34762688320 -582425105600 -70912136512 1893213927360 -100846105344 -2914034000064 715369268480 -1155853339968 313693047296 309594023488 1649430149632 2658053944896 -2060380681792 -1076722177536 -554553836608 492046707072 2001467369600 -622792708800 -1318263480448 738779475840 -923576438784 -1270090979648 -1968004761536 38283198784 -287995131968 -25275022208 1872286674048 -2332412463488 1833194242752 1530984732736 206649807424 -438597787584 -1197898866688 3814017354944 1953913608832 461108908608 109747526848 2002834047040 -449120403456 -2311630507008 889174691200 239951641152 -906580341248 744791185792 -1258819725632 -945009149952 340238654144 4214375154944 1334461540160 192144860288 -1339880272640 2226779749184 41752115008 -118663175744 214511830784 1175503748096 -1424231486592 -895518027008 302176749632 -1034911617472 -1421204977472 -545504797376 2355342375808 -2370074649472 -2587793141568 401579046336 -2184596341760 319532464384 ]
[71232610368 -13334045422 117611549996 60408814827 70898658097 7759084328 -226967004328 52009588483 -62496085573 -93103356027 30549985666 59699695051 84573769980 -3397496476 65805463784 272591952958 79199006603 -53807435879 62552993407 120372280598 38571272139 65276404238 70946156276 -10436420485 -144109797159 151397111038 -27636346663 157848575314 -23321425163 -141867213084 65268387846 118285092429 133495950905 107229542469 84198905113 53124181826 132694644776 95885887308 18548289794 -18804098794 -124115801592 204740275354 112211422319 -59243731597 95673185549 -106274603738 -99268935909 -41583559638 192085831519 28538587357 150130153595 -107416317819 90997541894 164518735479 117998270936 89418911518 45706458515 55032329539 64694687898 96716848413 250628327506 -9677355482 99152566964 -76345580299 113177307319 134632575014 -17635711847 69655554674 22816942992 52225390239 169235077492 83852478517 70187163011 317165513734 17434453747 -14342742200 84387244366 266983482087 151766061827 -72598834627 -26204723024 67037990807 8541988318 54018074721 143742291992 47825992268 28826742987 63140338795 -31060842176 150162019153 -503046900864 -207719025216 -1356236754624 40651064128 484606998976 -708555289216 -300774523968 1868610374080 2139679486400 658054286208 462157327616 1484774302592 -231159941312 -1925191689280 -449740359424 1464077423488 1658486391616 -822258860160 775651093056 -1116716892864 1340682752960 716042183232 -521248046976 -279260047872 964331206208 -576774686784 346589249408 90018032704 1524008495232 -1265736992640 -15904292032 719618025344 4453414972864 -1712708417344 -180842702144 -1109422464768 -2398779645120 1104124574848 -1123091535808 -317622402112 -751937522432 -2964496067008 -1045273388544 164766962880 -532967604544 -982374843904 -1252162486784 2044076785216 -1453988227840 1984290944512 438501661888 -1675774401728 1267172924736 362002275520 -1788150372992 -751602588800 -932227329664 -568216403136 -1329860182720 -783482879168 1880480432832 1180729118528 -173737831488 -1399203482432 -1156582868032 -395318980736 551833684352 1046353503616 1170077790976 -363284719616 1010346657600 -1825336545024 1121605589504 -1611924946688 191772567872 -678041342528 -346681987904 1568885173312 -102060875840 219538796608 -1959538020480 -615235103168 1603031163712 -1112317889856 -746536099520 284348079936 106495237568 -493320960896 270335139328 3401488754048 ]
[-123291168267 -84391698656 -244616301639 -200516406413 -52453455402 -197020987344 -210019300043 -70731370796 -266402099311 -16283841 -193772001501 -173753653106 -42295792964 -62979175359 -326945352830 -190196518014 -193124752527 -251703174809 -334644534469 -200042358297 -87687301693 -139715887550 -90773622544 -193146087198 -56556634252 -180840468114 -97926096332 -122935989438 -66186151166 26352948979 -212600321612 -137475417578 -320320515540 -243829014868 -316842119221 -323867201373 -5303977841 -214073798413 -190812610656 -228090911006 -104549150534 -197862023406 -19087783533 -100383689511 -317635667023 -67875130725 -187883290240 21394245119 -200984567154 -382103224561 -281774671287 -268841505650 -162977803087 -307506430851 -179816245825 -98013507849 -119516572322 -347964884315 -220632138668 -50784337750 -267886854262 31104612917 -144760790282 -37348514900 -445914881671 -122610394000 -246205166531 -142177545983 -210253658057 -220529697290 -10253209549 -103916952957 -19590816066 -335681632924 -170377955683 -131452141239 -356409401613 -181135288862 -334263042644 124669908044 -132148027298 -364227869730 -259016066636 -185521908696 -238611012242 -208933558739 -52845548430 -205905635821 51308926399 -328442725578 -35908893440 896812338112 -778134346624 948709139008 -5675383104 376464585344 523865048768 2107917530432 -647638782272 1007998570880 -707748218560 -733396022592 -1628358388288 633370156672 823897016256 -1878593795968 -1527671007296 2261906992128 -811518864128 -1243283881216 1252438195648 -220047061632 2387182897984 2840114780224 -479379981376 76083075008 247991528704 -3001216099392 -1016591338624 -622070237248 -760021646720 -2044395941504 1906170508928 1347806822272 -2224004176128 -438144370624 -1052254902912 882893014208 1529290776192 -1712190335232 314816779904 1688773505856 -199735813440 -1451089333568 319137561472 89336776000 -1042382481216 -665325931904 -631672433408 -643163638720 1150748819072 1582595956608 -1055679955200 1009337435968 540867679424 1657537887872 57447915520 2420703390912 -559379245760 488148066752 -514943297728 -43521122240 1344562509824 -251110523392 1739508911680 -607499039296 -1468466532480 269003862272 -175343257600 1722877017024 -1860555523840 2417469037056 -676850262272 894825063616 -560356067456 -296821964736 1477890543616 -806905522496 -230304049600 468791121600 345669156992 600080403584 -3192170368 954983837696 2317171378944 -1285847420992 -2152346349504 -1142822114944 329064806528 1425101158848 ]
[-44715086522 -288751907878 -297681309272 -119359812045 -47147870273 1743426887 -269840776783 -222612232615 -262825583707 -245119146159 -58528131339 -118052331869 -284062071375 -147175841597 -123418681947 -215897153392 180057036689 -12713112475 -257589768812 13674381758 -83072567069 -116691788218 18126164255 -60403856941 -75780714439 -255413532646 13302129081 -245963991398 -4611745725 -224944470082 48103554460 -133416501471 -181065849748 -49454363700 -159711478247 -39897902754 -188060023232 76185239262 -166323015567 -54960011228 -44550944533 -220583157281 -113419542809 -66859975869 -224360683401 -327450344010 -134409954159 -121886184371 -208993925524 -296051164885 -255313154360 -16321190113 -286953245963 -19302151765 -54046456378 -9634889166 -94951413487 -57933707285 -98535095776 -364440757640 -113892279832 -110531242641 -56960996338 -239930664952 -107015097410 -106679048279 -96861682591 25851321021 -192289679487 -165068827306 -226452388032 -79677606412 -79901475419 -69177110237 -34568701381 -398297835634 -67244703365 -138176905183 -68336078224 -301336818224 -143577611030 -210487357206 -273993047545 -312959342121 -203907808288 -63660868357 -29196395558 -114723983985 -311589553098 -116718247318 -792551482560 -302397661696 704397245056 -589120974592 -1739441019136 -959020039424 505666072320 2812377334080 -229110905728 -2040672081472 -76629660544 1106113127808 -1937784412096 984030473344 -157115616640 -1054250016384 54953010432 -1012499273280 -1423994743488 -174201346240 -704484120960 -2349817296320 556817191488 925083888896 -214897355136 1235919458688 4132743513920 3529254141824 -925337940224 577079488576 -582514827648 1338642989568 -501570777536 663653837824 -1478860950592 -1062094894144 18704757440 316514422848 683027904960 513812123456 -1215869289600 -3439699588608 -1473366833984 -1414184566080 -886072471232 -150684274112 1998976602624 -1506669533056 1916260498048 1235075239552 1010457569664 -367226622784 2912047957184 -430470251712 2868631435264 553799588096 -843580063552 -169775365760 889100432000 1060997979264 575479018880 -896300168000 466090956480 539036326912 575462239552 2420621512128 -385805212416 -747505779200 -2370240603072 1011655669952 768794240 -1352429118592 -176463499136 -552906696512 729959528000 -147603876416 789476481152 727427645440 -1914727912448 494621498496 -792697581120 -50386837376 -645680859328 2563958777920 -2093387155840 -247133810688 2090994735744 1069218700160 1534090404928 -435502395264 ]
[-26177761314 222967539038 88785249385 237871918176 -38180028027 163599108301 110501354026 6386115950 226616456197 59487181875 97655691526 174614996687 132528088074 255524548566 -97921112171 206190732535 -31752099671 62534896014 74187268139 -11928367156 203666990390 147039395067 181654349274 -91416586584 -8768154771 137884334092 -46958984990 109065587976 146367014178 162380604418 91673129379 65768829916 114883277989 46856470407 108931095932 99121963788 112799652876 32148813156 46478070986 48871273292 99453069353 181710965358 -131451249686 30376045512 143477387958 193214797161 69370916634 130153801604 -80532126116 314277619716 -48269686573 81267850001 29892421680 -136545402751 7792972511 10926730217 -31717549772 131731751954 75062741901 101169872585 20776176249 2692556906 -77579601918 393613767174 -71430870015 105536572716 -68133948402 198363252039 35507959834 38195866447 3570901240 13050741544 -70512859987 28046681444 121076532008 100534509490 19885941663 -8480357507 -77563509130 114897358301 -4929225878 195568140705 146244129446 170622594089 56872175965 -11478716288 -85849294226 -35169532651 177272955676 -71427359766 -9907996096 1256494968320 -416724152128 626758859712 -2203594332160 1877595789376 -4618296491456 -50454667392 6481638784 -536128502080 52638659776 1248577018688 -515250294464 -803693767936 -1320554748544 -190156203584 -520039686144 1053255408576 -836151407424 499770739840 -1410873251776 1932645413568 -1425888225408 -770898116736 71371085824 -691224347008 -2208811287744 -734379125184 518097206656 -276731029504 211854225792 -1496253556544 -677876335616 29624462592 1512898196800 518262837632 -423740581632 -265313785600 -1293618031616 -38555408576 -1745292422208 101769867584 1386568128192 -1301946082560 2174828810304 -146795051008 77663016512 1051811172352 -1017297032000 932151550400 -2544670339968 787028370496 241070602816 2466684601152 -402576051840 -242552451072 306157162176 881349516608 -1396287371072 778077372352 322660131648 651501917248 -1737595320256 3326090117632 -289618056704 -881655143872 -948146931648 1021441492416 -516457624256 -21876610368 -1453577509120 1984229081728 508775138752 -694574310144 -997138560768 1428832422976 -666130005312 -547951079040 -2212661654272 1967162702016 2090929972544 2407670964736 2024619976448 823161737024 -1248035077504 1181857434240 -1551737278336 659424569920 -1566866760384 1145436672384 ]
[56722872147 8602388358 -61249914800 -86783910285 -155124070639 -71572552260 21191935453 163411733735 -21134321431 -29233834194 -168796328923 -217547372610 -51558698845 183394726379 -140628752746 -393659394783 -75429330030 -97050775822 -33179413534 -6563734154 -116585517011 -117303455002 -50345613271 86818342410 149180280760 -94939855305 178480324978 -145885062450 -93482009752 13594987144 -41251777114 -74389723736 8658149209 -12515103242 -160002877577 46650878524 54309424385 35712888146 -286016581503 16734228207 146003708356 5851471598 2141465057 34543575212 -126935375693 -132504136379 198211133387 -83822129409 -226718131121 -147417568339 16597899446 -25052985615 41418259089 37768340395 -13597263717 -112527299923 111051540552 -65520252869 63378676122 -77440023361 15303634984 -147477788062 94459521564 162608138447 143119291615 -175319495936 -12789455762 77074481917 -18549725082 10837621558 193852237860 -36762326141 59939308641 1022730396 6742503036 -55889086992 159306752624 -57788429292 -36501566574 56373230731 69890325385 -56853960533 -94142723509 -44898397921 -28183108547 11649775078 295714069723 -63612282904 19493298941 20193311795 1380296177280 87148571776 869696822784 890762181888 -1462107132160 353298952256 1089737735872 1722476290624 -143301663488 -1324770840832 -273856676096 1724718447296 -672766825600 1378468626112 -20543601536 -1639458600704 3131478792768 573818319872 1850065616576 -254056283840 247662291712 -1365043218880 1738411065280 1920245614976 1077890032576 -734008190720 1691022960576 -1020442562048 -63517418304 1527628374080 2393464851456 -1515237412992 -2389974497472 -417257664896 -1036213827776 -1313875540352 -603133084992 -130002569920 -613506363712 1643710007232 1278430697536 767165003136 -977090478528 -1248094042112 -315309466560 -1011959972608 834460668032 -801667152512 406830556096 -2293631440576 1056331675712 -1044709078400 1802906108352 -788070616448 -1122969575296 -959084524416 3068565462656 827058776064 399147710016 -459088539520 670986724416 -1630132005248 274739517184 -1370074299392 -1516340845312 -1756437647808 318505377792 1204255836224 525558563136 -993418364736 878077070080 -761606661696 -976068267904 -1083771665216 935238524160 -1281186890944 -1521973689984 -56560893760 -427569825792 788604746368 733251502208 -912257864256 -4962567419904 3439935796352 1167434837824 -289021343552 658182595200 441903396160 -835854007552 -137089910400 ]
[-69627496367 -262165722583 -217115958209 -119469658514 -99917483447 -201595040353 -112394551469 4732814765 -226658091636 -189839348006 17128801698 -234921345819 -117355309329 -253767522318 -55743595949 -56288679509 -267929161052 -182327157745 -184298106255 -213222649110 -237654691399 -43596670394 -313507378784 -252322045525 -206358734576 -240531482952 -228469580330 -175073738974 -1133986025 -257159295260 -237296972364 -247261981093 -141571999872 -289937455094 -136785091269 -234314532954 -317074290345 -316441430003 -168052918445 -167358576628 -200549266104 8412396865 -146937059509 -197684440189 -43334735655 45142493871 -226112635397 -130895170375 -166738292469 -74740368504 -54644722150 -134499786702 -297675114665 -134662036454 -165285099977 54718426249 -395174274160 -306226948053 -211546867315 -255527968642 -108160571945 -125228302073 -261613065340 -216258792713 -159768551839 -256884872897 -222469303407 -366330711902 -164342099208 -185061026782 -281733675922 48044446053 -266210106649 -178358934518 -197036129081 -331081459407 -429727218241 -35604544095 -79910205979 -376572993430 -257122883845 -335804449999 -245002090631 -127669201593 -211424765237 -111866241095 -150940811570 -150164536417 -96849799538 -82600169085 -2040586115648 1429385071936 572026309504 1533348102080 1063977243904 -1302993332864 -1034130478080 -18009531712 2170371541952 561644475392 -691222234048 -756735770048 -1240244380800 -2076906819328 -22957807808 611950188928 -827257583424 -855664660800 -608889868224 2903339825728 -357826657408 -523768526464 661075654656 915662901376 -265900625792 339415134592 -1762781917952 336679641152 -3509862194304 2558228205504 1128797589056 672273557952 691613274240 1414153746432 389865549312 -6165762112 -725639239744 449930275520 3578103096640 320777982144 35242830080 -534549885312 328155029056 -655283088256 -1133196133312 -916000312576 -585474458112 1245445938944 208713837120 461431574208 422981136576 -643739018048 1351381403840 -344913286208 -2798449450112 1307532834624 -431346270976 -982760170752 -1204344387904 1132768154240 308307060032 -227479305600 -508375673216 -1645177536128 -2208760644992 -25438337472 -641698120960 -1098355123456 682039743744 -2001353803776 271566827136 2343801587072 447184803264 2092722604928 43436383872 2034465265408 1758859145088 226927974464 1764028795904 1337775723200 -2969678255424 1114565057728 1444142737792 -440726809024 -468057990528 897933739072 1628625164224 -430567232320 1127980815872 -807356237568 ]
[-4602514530 -105954561140 -169452072488 -96988301474 -185976952205 169392286031 22638192242 -269613627841 -145430377700 -119013728961 154967435711 -91657458964 173113647415 8443525836 98069837436 -19780324183 -48794940116 -10074413826 99776814589 -52478803392 -43169211031 -64236820685 20908101331 -96174931713 -192889140811 -243861912098 -33743815301 37948336363 97493682222 158575737330 -92921926993 -186510358370 -86329583056 -17125492738 276086798509 45808882541 -76316507746 -84557116328 -150445052752 108631524805 -120796274719 -138088931359 -230884808924 110650496583 29903800242 197546583698 -48508590834 -127677108 -120872663141 150672420189 98048002050 127819553519 -180896492098 36008179920 -96885813208 152378197089 -148389846174 -29372519481 -119921867957 -111335955605 46363095302 200105723633 -135552936677 27597471258 -49922272555 -113168628360 98753157372 98063542929 20958206660 55999393694 -152507935725 8745416131 80547079044 -238323485505 -5079701536 47721327766 -202759234601 -64609321851 -153494560646 -26793931870 34041662496 -151396201222 -87243688311 -106758602645 -116330359237 204591557185 -199623144916 -99569606579 39337758967 29861520053 171409967872 644510512064 -191211063744 1702267735296 -1608587512704 -476082167616 -3789384883072 -2135370872000 1692437111808 2223916638592 284867031744 -525613854592 -1471714566080 1741711648704 1023447412736 -721118203072 -1572128509952 539547742848 517344975744 1943577381504 -2101157715712 912532893440 -3289194964352 1049829066304 -313747898112 3226268939904 -2245686790784 1071961133376 -1944630846912 1821221209536 3720788596352 2490571518848 -187706234240 469671016064 429956389184 2499392957504 -115116712384 814142404736 310984958848 -46496731072 -2098384092096 -1070646605696 -1294228920832 -1637874943616 -1372180595264 1128849539712 -848000461632 -67960497280 -992629356928 853907767360 -104107366464 1215355372992 1821087232832 -1274773217536 2203407253120 -1671931955072 164945479552 225871827200 327193418944 1250803037504 -1384523819264 -3192100162752 -257434959360 -149545805440 -1561768676544 1879688448320 327941788672 52958830784 -2712324725952 -400848971520 -150462816832 170629925824 -2209670008896 942443066240 -254467836544 2707642635264 -62349861312 -203699182720 -516867290112 1079353965312 -108581531328 2388349985728 223673236928 794752310720 -329718854976 -1373098749760 -671799428096 2431602597888 -890855868480 -892355117056 ]
[57428724700 249559096244 67217639075 122359646077 44283516482 244957639385 99237109586 195130341918 51084868236 205514011967 310794072562 173975780633 123337594457 217138314742 -69950585892 -38373353778 88510095736 135431653808 91558905140 175811560361 316635265704 297291111156 241553705554 147576845981 364971677783 66532488346 174304812081 86010597625 175128025955 219873194720 180991309084 -6877496254 240781857965 6067912915 88655536473 258809311984 57858319628 201230389010 173848105702 40615382727 362059582919 69545140820 148327889889 273401458102 115463116895 48648554043 301803656877 215062581263 4424277024 82626381956 14031041749 272649966490 312149841946 214156629616 159638638047 100126742049 264084829946 181762263623 276890116188 7678602792 121760449157 282131801266 48773560802 233550912828 119790913094 111923034246 119961151668 390875538746 135825322354 349444625729 194252226406 140894623529 266075793548 26086367631 292570106190 215334174513 100972087243 18567769779 256638763337 171539894937 19850892435 80529403255 184988504854 135760480658 64738170779 36641950612 222130308522 155760328731 83421656066 -62942542283 -1067473366080 1497440788864 -1015247760192 -1013712264512 -2120814042560 1419556483264 -707386943616 56088914048 -1455464481280 -214396694080 1202925212416 -566885408320 -255370399360 1240014917952 -432192741952 -1324704813376 -938784171712 721815961536 -908571804800 1207009833792 -907731837120 -1025955255936 2647542021120 1596718453504 1227991045248 2182289160192 571125816064 1535699129792 1472082468352 -1822253018432 183293179584 -1742997799680 -614553839680 977423670528 -311059082368 -1219821790464 -480229846528 -1448635780864 -89982918720 -835334641792 -580234896192 2020134258880 753759912576 -1987570645952 2041877450880 -600223109568 676188449408 -523997288704 1062365634560 -823657476352 96895554368 -448767774656 1489127312832 113098246080 -139388117760 -617072256576 251547049216 -85948784576 555163626752 1275769470400 -1408315582144 -1569291074880 -889616851392 1057761600064 -394211937088 -1112207399296 -3145346643456 261384833536 -1032611326848 3301740758656 414756140800 -903000649728 2657053586432 494444379136 345535070656 -996639864832 -1209021897024 -620590477760 -505596949568 -759257525440 1998620372736 1256238245376 -978567260288 1748865922752 123654485696 -1422443711680 -1570746008640 -1523721507072 -1442754965440 -895347864704 ]
[-111563226031 -79817097297 -41899228204 -66387803047 30252377980 -206754041511 20096755154 -89521045274 -25947706466 -109127792344 -213996993504 28360942721 22606260560 -89507328719 39681019169 125583871199 32785318433 -26913682224 -92118466358 -42475386202 -65304802105 -145438649717 -271939839348 -161820619773 -236299227832 -62279667673 35963108808 -95139382199 -99490717060 -120645585585 -5792016370 -639942766 -83632185264 -27369647815 -167123811675 -93025806468 -7032335039 -69064827324 -53270768773 -49548771111 -170648867757 -147636647489 -40833029282 -185090228992 -38786464434 -111600946946 -89129204956 78031280704 44082230227 1860424507 -74398009262 -83879817569 -86139888239 -131830021356 -148663129694 -290881527135 -301307839849 3467916692 -128076978186 91286905697 -61765308155 -163990838864 -69764880525 -110030453299 -141933218687 -7409173311 -80152327188 -217216659593 24217338042 -63020019644 -203732753736 28622494540 -423979226753 -176504954978 -51936548946 -175720274089 24349047654 41263263699 -196055482793 12429804909 -175983872250 -171292364426 36655623921 -73963842378 52114339598 -98346685704 -215775186440 -11760364592 -151590642900 -96186138385 2683472187712 82517523968 -740071979520 205820078016 606875256064 -922540904384 91012657856 -422330307008 -1829351319680 1434569296448 -642937986176 2085414755840 -499019197568 -672088733568 -968923421824 1051125703744 742239248960 1698986677888 -618623838784 -2158471174080 -679355642304 -872592980672 -1387976013632 -1588850034816 -1561010626240 -713259526464 88427724800 -228146058304 -184105579008 -1235263252800 -1567904563456 1092057115584 1181442748992 2558701952320 1240783418496 -1142003518208 2371431402752 -1330053849600 372307570048 -1808652455168 -258240857088 76851480384 123405772928 1337806735104 -369084521152 526583937216 -899198458176 -1106566327744 -1291107074304 617209341696 -264080979264 961467078976 150610080192 2934346579776 -280933987776 2076622482560 -2021046679488 -389871331520 -220758855808 -1799919257088 119461743232 -154310674304 944669947264 1622000131584 984629719360 1718972922240 805477740928 -224218313920 314456139648 -1999473893824 -618139304704 -714024796032 -216307836288 585270239296 -631645020224 -752979813248 1129885266880 1585510421056 -200595476544 1515462942848 1014029859776 119509010752 1148266790336 -1946672930304 -421388219200 3220468527872 -311192214592 6981467776 -333111320192 -601107314304 ]
[-62764682481 92645800895 -178179535424 -181523675161 60051179629 -37952962874 -110195816943 13437067997 -29746920486 99902297930 -150690333261 172974568189 159300301890 -10729905222 -118613220484 209032836124 -67540757838 -178339758400 -69484489303 104651109493 102221465018 -40257812700 56899019489 -159084750651 -10093442247 70457371815 -61872175416 36800174800 73030861677 -132297759774 6607131255 -105197930153 -83486755007 -8409271170 -266266599848 -32948811635 126594993612 -90206400728 12610174658 55767466229 14109430020 -70580642832 -153060899881 -137679715963 130156852208 70282978045 -93210298329 -134925601684 -271422357488 -132911887016 -160162965860 16027104633 41094489037 -42527255465 156229669665 -88846033034 -54682030360 -82713922520 -61359091363 95964703588 37338073401 -54232610631 -45128117073 -37643870752 -389309564090 146982918622 -222690318530 67727181121 -42288064083 61708807892 235355178956 -53315613203 -194844758558 -64396641899 183474218577 -41795734667 -70178463333 52728280784 -32647113905 33001468674 -247809474538 -20073795403 8447484662 -99230595332 -101416160196 -197688715069 111652760193 -124123384472 13856793444 -270576402162 -1486841781568 -1961984547520 -2210721268544 123328300480 1555637840128 1668810590144 -1006530882496 1964169463040 -1239534031744 1111506973120 567808651840 3988289564032 30860070400 -1452494647296 2572908228032 255799185984 -2690841210496 217997373760 416776531456 -1607941858880 -984449797888 216576467392 -77286886528 1019644814656 324267279936 486529057088 189038878272 -1571537229376 -1136976809408 -1858047115520 -361484717120 -3751136936448 759184583168 -666364206080 -185793911488 675391282176 -1303615463424 114846243456 384877911168 -32534567616 -397712706496 149600955968 1693758759168 91499506880 288868649600 -1457852595776 -1471295852096 -1746067011520 1447762228032 722908416320 389897052864 725754682048 49500570432 778412243264 -2848012948608 541187130496 183526696320 1242597343680 951788960320 -384937902848 656623926208 459437202560 -3855503785472 2806344658880 3339108205760 2472325168448 -392884402048 1003458945344 -639352901376 1076157083392 393287142464 1588799717056 1466883346496 396175077184 1009424484800 -1313229519872 1424259756736 -4010793664 -1717283229824 1007309361984 1112127001536 276418751296 343674604608 -2273722831232 -2144816467456 2541901290176 -553715956544 -1029853974848 -1988227136320 -89712419136 ]
[6817895248 -5050675835 13406903072 15507747808 140532269225 99614531438 -42912680566 29462002732 47006155100 -51866863105 55865037098 154028131371 94026258115 -86363086291 -2256190107 209047569916 180142990815 -23235697210 -149821098683 51414429770 68727719059 172644184232 32809262511 -164187396337 148555043507 -93359449567 -117815233140 42398985600 130536701109 119363887230 103654799209 65656460467 314480901578 -83230243446 -33061070433 90803502346 -27457176532 32281478807 222845772496 20513450018 -100093802229 -66605216473 -69771450124 173328108856 -57743114160 -65844454533 110724429876 261484146161 24711156504 28426654096 -91917265693 3113968143 -29624601381 76087736555 21847228424 124482314742 -49903075169 -56059283207 40144605521 -47654575078 -55309505524 182068713284 -43059884996 -15996396380 42693627516 3440926 171086205010 124533841265 -144369502393 83209770300 -80397237088 95695969327 71116505158 -99709920311 114109884859 116744773294 -14134709543 14851538934 125463206108 -6918271989 -148491634138 20217610868 141586136396 -22706703995 -70655178946 -91705421291 -134212912298 49479139286 -50872028427 52092697476 -2021836446208 1045905946560 -912031909056 -77323009728 281293263168 422460614336 -1723556792960 -1048824182720 -1114165697152 -917665416128 148264926976 -225177602240 114015801280 -278950819776 425403224192 1634716282624 579867386944 -400236857984 -434983155264 1180795391104 -698852810496 1461442193408 -67021947968 -1758901241152 -1448796940288 1993718132864 -1121234808896 2048077507712 -389912545536 -1578868616832 -834203297472 213345856064 -449257291264 2474807004096 -1909309562240 -1560253696 -108639192704 371157987200 2041475152064 -4365518559168 -2276454279488 1094827545408 325751142400 -1003972416000 1450009712768 589497734080 197051313792 -698845357184 735538426368 2669550900992 1224179710592 -1107683205120 -604292218560 495181471744 1052562571584 515941041664 -346135717504 25221155776 -419109858368 -680150901632 -953046555840 -1113648523776 -945054018048 2037115249856 1559316534656 1227725090176 -2160811101120 -1769329914304 -568540278080 1994631011200 -450402477888 -537008201216 2223389004288 2175685226112 -1920543185024 -6470726656 -1076101980160 1157138437632 -288345941824 -1022952237376 2306801272000 1551489884032 -150490276800 -852178282944 193546925248 935887996288 -841337421056 -637862986688 965034664000 -454134846080 ]
[-71795446630 555771740 -73608019809 -108084636828 151099117963 -145048540291 9432628153 39222921852 95682917056 36319720307 -11162788721 54756837663 -188792563769 -96529017462 62445809036 37173917662 -95633463413 47961213385 27906984167 -96986000996 -54515099390 -84836919846 -107154181036 -162984698127 -133380990032 24474445988 -101220306774 92511798794 -170687013324 -146929310918 -74944725494 -34657793081 21713518802 -33378734162 -14185133054 -157857196071 -25193414533 -26387597541 83788069065 -35848579109 -205959036849 -67003479457 -220021533052 -23821654253 -63502772430 -250640685200 -169360133086 106811827498 4389904726 -76276249287 98441653343 -160873061617 31897733525 -96368978483 -83309172561 -145423254585 -291928104982 80963323891 -207646332173 -79045367453 -84703385881 -108335760729 -216530191821 -218992972349 -105618701881 -320609756074 -6552498326 -144091060500 -24361783378 -132656494340 -199233545107 -55450449151 -290509365565 -137213837087 -117141162992 -105087190546 -173762272489 -26023301928 -206039278245 -266220666299 73586947388 -56322729119 -7564369749 -234806976442 87946459759 -236762444413 -198703986484 19018938874 -294811523640 -59156208390 914075581696 -1356734581696 -801024557504 -3300341395520 1626869855680 24411471936 -1346607503104 -1973534896640 -2763612288000 147061534720 462197791808 242940638208 1103416884288 -984164977728 -1623486999872 1581686936320 840410760960 -1792375423552 -113299264832 -205844230592 -983662108736 493232190720 -556602905536 -1780236725440 -2285002174976 354164701056 -362621957248 -1014713678656 -228269913728 -942921641408 -717070100288 265526733248 34167260992 177039519744 389507128512 842182731456 1903566468160 -1344717242880 337379209536 -2180772947328 1344188516736 1144424650176 2546406171968 2798094666048 933127670400 606657497728 126053463104 -407150837120 -606343678784 2323200900032 610935928896 -2037985865472 -258852681152 1044380426304 -75336301888 688729918976 -339763482240 -271803055616 89911358784 -256874713088 -1257384633664 247366182848 -180479057856 3052780467840 1082307194240 582171688960 407690167936 -1591132880704 255235403008 415294518720 2554035651328 -399473017024 294409237440 1768396680512 -735260133376 1784412665088 1031238863424 186119029056 198687131072 383720205440 86592311424 -3265576451072 2041254836672 -421745505664 582628286720 2269986898496 -1047733885824 904330332224 -1437801260480 516171552448 ]
[-174319784478 -11062458550 6782405821 93082465708 -137538184158 7319726742 -108036638823 -72689334803 -194912943989 -101656364866 -34841625018 -262701473766 -137855510093 -93162377527 -210148772992 -105133372443 -49460659684 -68071296766 -268319837655 -84584162494 -139124101254 40924458482 -17552002629 -193306851623 16805744753 -159070200668 -125616668180 -272530211615 -352535591858 -219718517849 -32820636032 -91492515375 143490490829 -121715715525 -42479229724 -40140979650 -193657872178 72227304237 -64333750496 -117317061843 -84527904163 -101777438830 -18231004957 -53248269692 -259383149216 -251433624727 -109670271899 -126465536084 75596885100 35103319315 -329785430899 -36398303172 -129718474544 -2920599710 -146975561822 -276906608082 -22848307405 -184272320126 22316133928 1284928825 -287776855041 -289215561967 -174346197645 -28916977225 -52727876769 -138479515804 -64723764965 107673035064 -64372481992 -163036240005 -331444874911 -230110036863 -50847318036 -45340676305 -235082281365 -25537473835 122384219526 -76659002490 -212162006582 -241316315416 -214286266292 -55968902099 72034860178 -78636688707 80537206332 -313940682492 -180440336248 -161715405262 -356475769007 -55446179962 -1014219609920 1787822257792 -364537767296 -108806107136 -1747592703232 671222074816 -405875327488 -1126586466688 -1022615389184 -378396509952 597129964992 1817110563456 456865439552 909928302976 -2169092370944 -7334479552 2050495597824 1940477408320 -1065151079360 -1937545677120 3094125794624 162933164416 -1301286346432 -1066199795520 -1581009990400 2138148870016 922921604672 2563344478656 2072744866240 -536325719232 -1449708661696 -652615496192 146413982976 -480133288832 260555676672 -2278346251136 -328114641728 -1694658767808 -674014026752 -693932099200 -1528141818368 -45070159488 769874080192 833097645696 2975017790976 115445707392 304202652416 388583729216 474303701184 515036650944 769616517952 -1259226890880 -1034521532224 762177188992 854000426688 -1405540789696 -1319883814144 -77677936576 135238923328 -318092731712 -1268444502848 746620875392 42334752832 206653233600 -771162336320 -1764809893952 -2418973250880 1757637244800 25723087168 613404750400 878961828032 -544939127936 1961203040896 -1232914389440 -1719882974336 -8769290368 -2128241861888 1556561383296 2243532430912 930186218112 2355308895872 1194255791424 -935096565952 2282499614912 -1985470760704 359260145536 -187271387584 1450575041536 1311646481920 78914828544 ]
[-139776799757 -89158781547 -99351822272 -81181001213 -152219117336 -221113666130 -214706335253 -107556224311 -192734303539 -101561877115 56114760848 -47723325692 -7015754825 46995696815 -42671582130 -106229722993 133414092909 -51168468950 -108881944636 -230581457736 -57486283154 -191911649849 -158150688279 -149957872376 -31427367977 -244928639711 12584517002 218867447886 -239285269848 15502901268 41761335825 -177424453104 -90829368567 -215607029946 -3378915102 -28870049135 -60448379567 64211897839 14813338821 -251419687105 -170643443237 -138180754308 -123111392924 28434735304 -65882509961 -119216427372 -3129295840 -3771044160 -41609371197 -273002370960 -271885560444 -104744241348 -121097393278 17652565593 -108410649965 -183540969180 -183046661116 -74981006347 -231773867514 163768584633 -95181974828 -75894992696 -147529242116 -145510540316 -44203819707 -246175178904 -127649398811 90118791412 -72935727337 -96616494560 19871548779 -233293240570 -118831557770 -20640912863 -40445943828 -209274740967 -113877080518 92042719343 -61201137102 -130535026307 127756544753 5940194272 -273420048407 -196755567250 -63274538885 -155785694464 -188698051770 -22926846505 -42481376444 73683209172 2779391928448 -209203073536 -1381666841152 813789270464 -414550086016 986881335040 221296231488 -776952652224 -1247137781568 201737060608 329101220416 1690260741184 1436393550016 2903457205760 -1833068394560 1269162943040 -54733692352 -708650790080 -4366793589952 -149621111104 570199052928 -1115348908864 -1085472219264 318521680832 -1088039260416 -454520080000 -298124642944 752776464000 688005080960 -2936986255680 -348308085760 -1125777901184 166802475712 1639021160256 -513762347648 998641896000 1387672420608 889002627776 695828500160 -742892123584 -451809895872 -288562062912 1310087765696 -1285266394240 -1780489649024 -780193844928 588496672576 -1850328305408 -1258049925760 3164783143680 2184839620992 -787170062784 1530264723456 2941246486528 -142515073920 -610572980736 2191777676672 2406314515264 463417330496 -1865674397440 -3271285366272 -1918082042624 447416048768 1344779700928 4470700637568 776344191232 1546814013760 2036073324096 -861107308032 -112139877376 -1192398548032 -1791054248064 -788321255680 -1584327991552 -2168202570688 1904207633344 -1457517577152 1313493227008 212864709888 1485942964032 -377265862528 -1724131195456 1002192105856 1264716959808 -196062042048 -424425175744 598981564480 -2391407441920 -890131157056 1210998890752 ]
[238471915838 137320696056 469251603625 407565466919 162400590365 164322153988 260338187038 336917769014 113691673093 267389969920 147074120793 344410960464 164531434003 269094580530 293969578504 366159959973 178614501765 201363408185 195048922020 206538219095 327996212750 377069673284 250668254388 303200240855 302578666457 360411638934 246670229657 182746179291 176135578168 292068511305 99416350793 205597114648 160017552826 209107789658 209283010907 357148900304 311639164192 376474206523 281527385449 1039849341 150375364424 355346200566 150389792284 236157831770 199389074083 443589277067 382426495912 9663401395 97694136612 257671223061 127873629046 123020971465 396954879768 36660711433 442837798463 260631917874 330501143540 160488809197 133709616537 395556715446 314738194942 137862555306 226974403292 276625179075 327900465599 325872177614 201274752861 234047093536 305669305864 241175092637 421170106516 149826109531 177260442255 362730321137 42342895748 344626633662 395464562628 353740013906 247673309625 344819783848 204346989702 233360424298 271739089461 377668967105 387170098931 217705692887 372934990534 209439043196 546994538897 331829817692 -725635193536 -668683817984 -210650363264 1542592068736 748306672576 1442023970048 167396387712 1305886596736 3617467025152 -438395384512 -1978307040320 6784895424 -232242483200 -966262934272 583516148032 -476425817792 2192149651008 -1045062233152 -1232859288448 -1149157601216 434691505088 -1757676347648 -268065163776 -1690550121536 2198524752192 -2766019562368 -632721481856 -97149360512 1678719907520 -635682733504 -620210320320 -3143448458368 -1051044438336 1621818121408 -502725337728 -1273260703168 -41908030912 1133785925312 -1253487616128 611621977728 -2054374578880 -450611273024 644538043328 427369893760 -1275038286912 232697299648 -1168750269760 549416430144 1581793064896 -3376549081280 214159917440 -1073681667456 -3551059539200 -868713471872 -1623404591104 2509037199040 1910957659776 2433827216832 70883827776 948870856832 1133888853888 207888411520 -1629525971392 -282974429824 595295861376 -1027969241856 2110566562368 1703015271488 1697029047616 -1823953972160 -1209392335616 825538128192 -406521902208 -2424030194048 928632436032 447619037632 -1189489139776 424897915456 66481853504 -12110105408 -339677359232 64657380160 -951502478592 -518556386304 -2104534368768 412067259328 836510846784 -577072076224 -805026647232 1656622252864 ]
[-315069434119 -211921806701 -441395373147 -312989530258 -50967670219 -240892862997 -518154024659 -279488186011 -211589632450 -168564451291 -424569032516 -448100796043 -279542779644 -200249594711 -403469442750 -294937840776 -182444742449 -453041673705 -392683059860 -335331171005 -253226509012 -294827953351 -300807824445 -330917651410 -230306808739 -264041408852 -195881130085 -254280766857 -180921050669 -422834243404 -301643789098 -309248174632 -475762536961 -91834100274 -490785012465 -331360820835 -309240081716 -313977028114 -258410227990 -173060244388 -186864406743 -331111520499 -370833161834 -383579238750 -320873717027 -415193216049 -209107795861 -257121384707 -337596368781 -449328453439 -589053787335 -206348046254 -492989227538 -338398990673 -284952191947 -198006327633 -471471124089 -406895082803 -307278228009 -131617881205 -271131026715 -497420277687 -274007846954 -305618766099 -525990686172 -46215822852 -400452904295 -322949213177 -420588196548 -491429144141 -152905618071 -261215339836 -435865281269 -315861354584 -225891254823 -508566872422 -301922527572 -432081067541 -249991889225 -321204705010 -310468442354 -189100407330 -306875332015 -496343087858 -408829419341 -366385333702 -422251716194 -431534533939 -485502388557 -352546142433 -962565067968 -2227070583104 1467471705024 50078511424 956275042496 -1186735348800 769437247680 -1095698045696 -2314521203200 -506007925440 1360571322496 4659408676992 -1760372873728 29630255360 818778249664 665161108928 -2158180997312 -200755814848 -182297627008 34394316352 971390360128 452483305536 1940369743872 1274951958976 -1543153384000 100675304128 2926260458112 -1187504557568 -1335901903168 535099521088 -2327572466560 -403662162624 -721288952128 -1457115929664 -567590544832 -943716227840 -1644248116160 240750919296 1622453383808 2963828812928 -673458503168 779778892608 878536765376 -1677754596608 2207734886016 1434321019712 1490091983232 -1176481541248 -1474476614656 1001796439232 1457548990208 608844504256 1240942049920 131621436672 -309169046528 558159729088 1186714641856 108259286592 558412888320 -51180295424 -910641224000 993889223360 -2050463858176 929407367360 4308291951936 3300614782208 415925613248 1341035725056 -2423780517632 181399830144 -1922614955648 3363212118720 49911030272 -2576989526656 34315361152 -352293024768 1254829620224 1162443563200 -534755524800 2280825941760 836687090880 -942156920960 -379680375168 722898607552 -509589816192 -411580512128 982683925056 -49839592192 -678759116544 -929014743424 ]
[-4242831849 73771804682 164119714420 307254269116 -11577550448 142856721414 154299847279 12658244274 225683915975 202772018255 83406407088 4060847497 -74032407188 16196289908 7955032872 -14329173266 119477436234 145074467692 33415173098 62651259436 20380701392 187456900028 -11305009988 90095147117 290764769276 116280145522 42675200212 -325324725543 81055047483 -103115895007 11079413144 147034278025 105138921684 68747798331 -29445567056 157227420143 93498747421 132355686062 71092343903 37631489697 26038483731 77331676923 474594360314 -29146079587 -59556530422 -51775753636 34193568885 -62079654083 112904255946 103160892194 15010069231 117313178830 -16032071546 253608821839 -135434639997 167029523419 168150894032 141674407234 324790263955 182190991249 -7972937589 -65942144562 -32466667965 130876565874 1073159995 168519986367 95916336964 121625462108 -163292440363 74691977238 -325873171253 214095425053 -199275802676 -47788996795 107416314289 91579246704 366869181832 -187142146925 74108013180 87377554621 -169102594478 170287878525 306918420778 231090397905 97224116393 126998629582 -144049265553 248139487930 -29408399552 59999231362 -1573415899776 1540361559040 78751727104 -1677903790464 -2174601402688 324538914368 1241697521216 7245528064 -1228680788352 429292420096 -1192885019904 -144069758464 239275282688 263524861760 -1733168214784 1397549817024 -911867089280 1440486212864 -345136635392 -783171568448 722648307392 1647085575040 -97253898944 -859359801216 -990476303424 -1350819550080 3360237061376 1960588150016 1363759112640 476037523008 -3337591964800 908598917504 -3622131791680 1006866990784 1479437843136 -1532812556544 916012490880 -1004348645696 1086579969920 -70162934848 -2136895302976 592273141888 645433691776 889478123456 2184635558912 830612201984 15126846464 -132238650368 -1774203089472 454997189568 -2255571985728 -20043351680 -3234502126976 -3844005367552 -105529977280 583924041600 -1866658718272 -927239038336 -2207647041984 1242311737728 1857501819648 1259515078464 -296540899840 589074944960 -1815365379072 -46010992256 -2128244415424 2464037982656 1125273187008 -173023189504 -252553495616 720194634688 418055088512 -984474725056 223974982336 -942048302784 -844131744960 -534899947008 496562014144 -1328089594624 1682212244672 1575475038336 -338583900608 227178468928 1924687892160 1041938032064 1624090476608 1310041232960 3319155485504 -2015041263680 ]
[-211853231131 -32400810342 -255934289131 -203479046763 -268551836267 -455661984604 -51540919306 -163311190341 -30961434587 -159794271930 -387138814435 -200749514901 -206764466879 -253155160931 -313532569086 -318216565155 -164440714136 -156531723051 -78270860766 -380807649961 -237380743304 -281508016765 -306492039209 -134818715471 -246725374849 -233698078319 -121936060805 -113107752918 -356900621414 -185179407697 -356873841400 -198225115910 -232409132319 -237046948799 -200860151272 -390554596142 -270185730892 -272061323128 -204376589946 -278301208833 -164011629022 -102958280538 -197906059267 -257549994257 -133698026215 -165518372958 -287920710756 -175825766152 -271025080857 -145486205605 -124679722725 -204375064967 -260212063234 -395204180046 -297933234998 -213894986458 -342493486202 -100491320202 -362546437712 -3751964157 -323612807013 -230432080922 -335891136948 -71755650842 -202145443669 -147036981521 -252910688707 -466387299846 -83708888983 -276419370175 -317529546372 -183117772668 -439083596060 -89825909440 -80771912158 -374603895644 -400401936282 -199112068218 -344967275674 -18601420909 -119616461999 -254832239087 -165448768091 -245969754231 -107539871180 -289947067831 -317437956905 -308842257802 -127189375465 -73813542074 3912145219904 46637289216 1542139850624 22597821568 251943968128 268728546368 358992747008 428867700544 -1814512022848 209385614528 92287215616 1336185542784 154869036288 889330236032 -2027867476096 1516981537280 -1672457030720 -295495518720 -1864336163584 1382102345280 294457093376 1048639207872 -1270357170880 1052146920384 -1032942942464 -620785550080 -873492635008 -1588558147072 2356788437440 206859343552 298248464896 1127311010560 -1513856250880 -1278398924608 130830232576 -646367681536 3371378952192 -275900950976 554997500224 -545316264960 -466519889408 3157788023104 760220379584 79961792768 -1300288411456 -1561776377152 820600164352 1166791056128 -1198641349760 -646750916608 -612649692736 657555660736 379384820736 2841967593216 -2225989395392 451953926464 896232348416 386358331456 -828776985664 893424869888 -1464502364672 1379601785792 492436182400 193310873728 -1206883648 570070987520 396747307584 -123780971904 1338868512704 -2056108787776 -492122833536 1850831204672 -1419681803200 -203631584064 -1185292190464 601369836736 1187917920896 -347500427392 -112168140992 739623178688 341881972992 -1351430458048 858357651072 163496210176 683871772160 2764701157824 80771902784 -1250074801472 -1871777645376 -383913384384 ]
[68769649486 -212381166217 -48572437939 103681272086 -179933353161 -84421165948 164398249813 25481660202 -23931048965 91430554304 114922774635 -192585113753 -90275553928 87214202443 -2425452332 -254736985996 -71400786978 41707028693 54076171285 -28872694487 244740913871 124877575270 -154604255267 104848773890 -31340277276 82878900820 151926003332 -11944977569 -72524540869 98057619190 -107526759625 -53034203886 -69825306015 -124185276772 102679313785 -54448183452 18302481496 247510231445 -113696569341 52444554767 -43650254449 33060659132 83170954506 -9228421878 -64918279202 -39435376389 -8289021050 108685950738 -121492178864 4905240837 289163523183 -17396760391 147072202633 47841617687 7377602532 78959162492 83721330104 231030939999 63222349540 -187748824020 52539446057 86891784526 -88214018512 20963603845 72131407927 -187817500921 126856806796 -89992080028 117510900054 2149375033 -9451930101 271715186157 -59662081037 -94698237583 29003928195 25197043335 -5461677996 -35727950021 -220689769161 151567551045 127732465236 -245705794816 182080801426 72484526317 19678703250 90882836600 -18069098238 159834617816 114263572484 64378594691 2024105311104 375591698944 -34184627264 -651283368512 -1168731501952 945118401728 457551002688 -1119043759296 890824917248 576935700480 820622251136 -2412208161728 -668337780736 559978613184 -1705500109248 -1018520683264 1265045624704 -107749766336 -447425951616 -327197982016 -191209412288 -1942949333056 72414592576 3511096353088 473384904256 -263647669120 -163899184640 1677572354368 1348846116160 603907558976 1937263718016 720579846464 -1113872531200 956235912384 1669922741312 -712521929216 1348375988608 535171240704 -886535768256 604139796992 -806209483328 2280029189440 -488000715904 1310644632512 422450416704 135256164416 -468812502720 577216171904 -1193001723584 -1485026486336 -781800599040 -2554467902080 684181409600 -390694845056 1729253799232 1668075072064 344176147456 -1904332690112 -916875126528 2844580592640 350679657792 -3398843556544 2236696024192 228630865024 -3332943722432 93051813696 -1288052504960 -463759031616 1633380601088 -1559390052800 1035482289792 -606757968896 338909975168 826782164672 1472261770368 218346326336 20020945664 -2264829262464 -3180738625088 -825925028672 -571008532352 -1241857036288 -1819677575104 1368680177856 2515338987008 -526480228736 -1478198009600 290656339200 -1337042938816 1624704469376 ]
[18013684252 113604677681 49246043698 136402440343 21214091582 56387940820 190554860797 103875380654 -92677396503 168772625453 5029538199 57616322923 3002462436 29226011031 -3728717570 48588350238 -24869743660 -98374420443 94059564538 222969076522 179038417777 152327178753 339922480046 188471324605 219952960764 92145733848 94145813692 -16377960539 145612151201 38430670883 164814015210 -29728989688 17440861315 150938309084 -106009930086 103324115382 196241268549 153784209148 107061746269 43798461803 68129114273 25795211734 176630731543 4600506035 -65536276461 249339332828 161081243182 130722942409 -69488300806 -21733320406 26410554061 -7033744282 65243924140 76737226997 313720621215 72247542075 316535276158 111531506184 -35594102830 97109842609 26969368379 73130584181 106311665953 56199179665 819628713 89186033521 -35295224264 237945749736 193671220107 149286403822 219909168423 139246805683 233388479696 36245896635 40808032857 102010234824 188840522277 62530614454 128801062930 319957768329 137616777123 105635801261 -80059478293 -80873487099 76858062400 -56523538020 347325965189 30206480165 163993559908 98196324287 845256600832 428381287360 -848196532032 1702558073792 577314879936 1350841601216 -901453425856 2649632794880 -822823805760 -511084214016 -2164253965248 -328963845568 786637953472 -284307532800 799677514624 -1272240033728 -1229481985024 874877551616 -2043545366464 -2718568266496 -160266843648 302661065344 254390673152 3223297941952 3392358669056 -17955444032 1721968119168 -879960615808 -694817456768 -66169411968 -102786074112 -1524200068736 53863609216 331562286464 230966738112 -1269864321152 -2050889470784 -208646441216 -441805689728 -1375153885888 -1088739406144 -197083402048 -133945588608 564387018368 565014359296 819490165632 1441572611904 -161944005056 2555891276032 -2799873160640 1677482227712 -149552745280 -351892014464 -1349090834880 155017955904 2383225676160 760793193856 1277141108288 408801165376 443422839040 381452778816 -1262399976384 -924680568192 456278890624 -406429892224 -1340602208640 -485787808704 605462164800 -2099770629120 1636011412928 2577451436800 -30023412736 772243551104 122258342144 888638538304 -1054104124992 -1029947408128 -1119492362304 -1077225435712 -517012938624 -1720898656320 116876061440 -712391968064 983537470016 -1275011180672 329700241472 -2261182671232 -67770892928 438654638208 -198378868032 ]
[-113953525002 68724191719 138829610520 119000566710 -155149093203 -30475150310 182170703162 49674157088 -278278303452 156131550088 102953896569 72408411719 143386145705 238457983932 162534513249 154990469265 273460046963 93056215488 137328512653 140708354161 55260997776 36253138941 18645903150 97436761771 22188579528 -80194448774 144061306712 67266275996 1056787503 69044141199 121262513134 76583456533 18201759205 162227418125 153344814435 227020231710 90046152562 151621487623 77644894321 -47684146932 104971248079 69478504730 -29271404036 -19621482334 121160086233 169429681699 172938589672 -72506478680 83952530690 179747174889 73669869553 181551141811 242437004424 136612806550 146509742843 81399024711 35037327232 40763151990 53102607112 133901067982 121971030001 55880333341 16527610620 126179467128 201404325276 99968248186 -83923676009 326266527096 253055920706 223974885321 76736725058 117258168910 202533851104 195644044372 -3229779754 87718883687 263212399585 249929638784 156331053006 -80865325536 -40728145356 148651964542 -142032663270 56793494303 50123719697 164582373220 204704008215 -116764178142 142124711761 216992998009 -2328506925376 -423324976640 927117902016 974786103808 -1064723711808 -30277418688 -586543049408 2127371270528 1530828426048 -510228984448 -498531689024 1262536304832 863601842880 2584111005952 -198185631552 -651881656064 2341596887680 2492483726592 -2053759457856 -1897063799296 665322473536 -860465046976 -3147237604608 -1048444265024 1697057908672 -1715940128960 1733821497344 -196295444480 1290419962496 471736131648 695189307136 190420237952 1060685996352 1420936370496 -39363403712 710829464128 -1236025999360 -1501664620992 -734420976128 1247770616896 -2564164144640 -934827958592 -533423417216 -792408071424 -2023752032832 -105187222976 -1166996453696 -213345960640 1172493870336 -1074046380352 969920176448 681916275648 630277604224 1376972124096 -1683232597504 534995960448 808244399296 22906348800 -26232468544 -60702019072 -2143682823104 -212349606016 -787364997440 -1880101490816 -1023424015680 1077039185792 1510710408640 1495866740928 -565641014208 -685346421568 504527752256 10298259136 -83713293248 -628185830144 1488957546240 59532739392 -804118703936 1284566518208 1573978004416 309093556608 -1143898534976 410705874752 -400799357376 -94803230720 -2697870763200 -1714083775040 2179483561856 424007085504 -1077205942144 -1315786636352 ]
[-25826786377 71990845310 -209888370515 -5436175085 -37458322281 -7218114206 89222611 -276250257947 26774428135 6142620385 -14110811069 -201088333986 6655999899 -9650784121 -216711967312 31734479118 -29031767495 -91684446930 47782166159 -57966063453 47895692920 -16744687375 173033460375 16377152532 -185995773272 -218268380891 -104838894030 -44340114871 60212093515 137289952678 -121251787091 37855888094 -132837001578 -82144504201 11059751716 -21911696142 78569422392 -78188944194 -17811836425 52648640540 -52371770418 -137018741664 -109221784538 -238735620285 -55252377362 173391754064 -204998019502 -12579360351 -393906162449 -59997499605 -19831646040 -4217593423 -59613420741 -138365943391 -37428437578 144834275655 -558510482 -137333448321 24641825509 -263088779845 -18160238607 176597083545 -172709042609 124039981188 -245597229535 -172752459415 -74520618325 -171909160063 -155152169784 -57654748587 -21693116030 -78446525029 -191109381321 -130675710137 131888070844 23565737702 -66925099681 -207548760662 -88940247787 -43775683130 -148591741219 -18670313009 -158291989498 15262963538 -122517415379 31435756789 -132823095579 -83156914618 -63711293568 -394117165127 -673678745152 -164376279360 -1521132418240 -949915680832 -886737388992 -514841916224 -529580360768 1273189026368 255607534272 794282555456 1451664296576 -3088998639808 -2093407832512 -2448402993152 1849570755648 53210278400 -3354109974528 3383323162240 -112119641728 1819775348352 -1330796333120 840082364736 -1500113938176 585795791232 -140986976192 -831129167552 36451803584 1047247544896 -470429196800 1242471913664 1618114250048 -594457236032 -2352262670528 872484818304 799652611648 1124676181760 621195081024 -1187838076096 -1881999217280 -237873254144 -1727061547072 822326773696 810358966656 868506926464 62833812352 -289222609152 2040375478464 1745610854784 1104670451072 999689223168 -957857895104 -587332100992 -1165114391808 -882038777280 260634567936 -626703167552 1593830073920 -66391511104 518640863744 466951577664 509683523904 -252978240 -447194272896 3569189826496 -729330051776 1065592592128 527999495808 -3727921627904 -61876917312 1690360823104 841130765696 2750611512832 -1357930448384 697949820160 73842947520 1542793402560 496896593344 -5468050545728 -664380796096 -1988854428352 -690427115456 3005330952832 -762060506240 116074421760 1568425588288 1529626390976 -1008683918848 1104051055552 -178286366592 714090278080 ]
[-43788952285 -199383060032 7087793775 -37409965088 -144112268432 -19323135732 38043555568 -205221006767 -292809136786 -198039500544 -44901509791 -316170404296 -42994851808 -45058746304 -148309569876 -212323433204 -39310106611 -147491857902 -152276789358 -106963842788 -222608048768 -169792103250 -24368054623 -62816225110 -81793396823 -236252074229 -75162624573 -120376618841 -102820383961 -71275201679 -49984472668 -111086261702 -333941366039 -52422694788 -187095736969 -166528559129 10132593164 -214820695426 -107718388596 -56355981266 -160373681395 -106770431138 -110254820222 -197297004778 165990866917 92832194810 -121305529779 -113578139611 -104310536445 -66055113060 -180690436169 -237892789571 -264195498347 5155522278 -205090709973 -3998998588 -52900279929 -104297389814 -71943091420 -100129469269 -117040138395 -9111694886 -13509700974 -44384068583 -118671329442 55336736955 -297171899870 -188190298582 -195176769233 -95514006461 -47151243209 -153393023168 -155224948490 -202484028195 -196368756277 -119207268723 -69706799409 -169894414269 -45813689688 -9003370324 -190203386622 -168385939543 -279779235461 -64581536044 -274501183914 -15252872004 49394099952 -170374120177 -93501190006 141332418477 1455937794944 962599132352 -558417754624 298809714752 402006738496 -614559156928 278009457088 1078513573184 590380294656 39080290432 -1463632261440 -1042755718336 -3684376732544 858769771456 -947362477824 -267928377536 199587570880 1067675328064 -345730985856 14135386176 1161013836800 1877002611840 -1986791990080 3084139083968 1805646682176 -592754795648 2274572907968 2115732672960 -2597992195648 355359727616 1094731552384 1871906524864 314090147456 -1373262811584 740454052416 1432760566272 -1598758989696 331463387968 485469547392 -1074956975296 -29487764928 -1615501663616 -2521055928768 -1593533959296 -93675666304 1147650168064 -775366643072 2403945272704 -69732604160 281611706112 -2170496904512 162805167616 415004092224 -1159086007104 -192513364736 1066131226752 -104872664768 -774721895104 -350106671488 -1139836030848 601369928960 -833394242560 -1027649129664 -1445196368640 -271976399872 -258100474688 264522168832 1151572849472 -1276570666240 -1325289877632 -1489330000448 533200582016 -2098938302144 -73990667968 549174467136 398888014656 1704218884608 -1473926702528 -175650688576 942223774976 1203015181632 1682581916160 1610923162496 55103337408 -618688803968 908263378432 3426955984448 832208466496 104268435712 78698679040 ]
[-198173733819 -180420811660 -379768804377 -131355535597 -167524904134 -181302726627 -81529671839 -108381339254 -354895414507 4870291405 -161882588557 14037503090 -301432317977 -173368296324 -134307225464 -157129996635 -123039443002 -239531317078 -171761409286 -273235631535 -136350796185 -231258294938 -176855743228 -123196230578 -174934144547 -171999096084 -177980471640 -53200238576 -97769097876 -214434805004 -168803901901 -242684453123 -181043783569 -129482343115 -119697991209 -230687625732 -270351246819 -206842597140 -21250403050 -46792491648 -236190851614 -157941172007 -234633313893 -119091415765 -214225954310 -218193422738 -366478660573 -171283305783 -104349791066 -218959331913 -98342523761 -415953002279 -78417821724 -232624216119 -85032305148 -78785965940 -199108510252 -212685358946 -269085138526 -43171245343 -302210119358 -6110559918 -312878427082 -357163510775 -263743568786 -214539055284 -213328111324 -113553874451 -31449114277 -231711811467 -171384801085 -132453885705 9850231788 36765883621 -196996067414 -212086848645 -382185163788 -143891058548 -126870092463 -203614654346 -197299411173 -181809884136 -291249121998 -347458169239 -141970870894 -274866431250 6435392456 -279628844495 -176714377634 -95081545429 -1525469369280 -157040526528 -22186822528 213429208896 778913795648 1500121921280 -1572921503680 1762128305536 -1492158535552 629825423552 1430404799616 -1140035150144 1560500923456 1320619207232 222735153024 -235049260800 68244757952 -2018403856576 276113675712 -85931675392 1784096355648 185852304896 -741251028864 884350151680 962837970880 -607823854208 1925975458752 -2962686052608 -1946972550080 252048517376 -950705498112 608877099456 1612876096832 -1164388593920 -1642561270784 395692546880 -1331682128704 499782638848 387631296192 857108782720 -2224633197120 919499616768 -633798024896 -6563187584 117302372544 88607431808 -404875174976 -1859177683072 677789952512 -1342465858688 2409286456960 477817366592 1059784075392 1215010164352 -5036094848 215910395968 -182007046592 790391754176 275505046016 1424227610560 -2016538267136 -226278457024 169253880512 -1274503740544 424735240256 1804288311360 -870215441984 -318035430272 -574572404480 719122270336 900081947392 2009483576576 814962746624 1464530841088 -365593871104 41196965248 -96715163328 2129977259968 445938945856 -1360783166912 -2491209765824 -912997799168 1906237017024 -134061075264 -144825450496 -1071582586880 1211442711232 886419161472 1224110404608 6928088192 ]
[-33232811933 -135435415856 25722483026 3684023305 -155809513113 104447026907 190661795749 -124952936598 -128358799759 115670647229 24120952604 52757454711 -145354838945 -951729289 -27933002216 -415008196929 -19982074076 39887553843 4477762407 -32553762776 140184620064 94164714977 -33966931073 70283232367 -22768846520 -120716738142 165299774161 24050717026 -105656453579 142009912554 -48067877335 44739570613 -61643875030 -117021434242 135463581406 67679228541 -105170210682 144657860380 12995654461 -126284299209 159098015762 83266037751 -119913570868 53015082792 -11232887312 270810731006 -100134111645 -128798379037 -29958836256 118605156535 36512436848 83269608517 -6085665539 -16342657419 46090247736 -107264026791 87403580109 53655239791 -18646628023 -24989709903 -227606573502 201792526142 -68506127856 -23706519186 112585174423 4792853794 2199810620 27693457467 77192302346 -123898389195 146485050261 -109055051671 74111344159 101676797184 39249128624 -51662303801 -36405090725 -74689883467 53721561221 176381028427 -113965666109 116314237890 69078013738 152265623722 102359948060 -144947956538 24263104044 -118453630280 113772476701 25290301342 642160234816 915361243136 963147364416 347210438656 -1203760836928 -39555501760 137828447360 -1443635863296 167966346432 189238123200 1027616310464 -2336968062784 976260019072 1272128233920 393472953280 -1831066074496 -514002937088 -657701558912 462344809024 1435564515328 201092249792 -989801336192 -929802049216 2091060640000 620171558272 -1205423832320 -227082643200 1870980611072 658256598336 -1159535742528 1054401841216 2383130036096 -3420526816832 484738539072 -83828523008 173687433792 471780729856 -187140113408 -661829487936 4246299105792 -947350214208 251603931072 850917652800 2875301046912 -488612066816 -7584942976 1458377805696 162641600448 3531824047680 -3142977896640 -1484971048192 16565975296 1264850359104 1078373257792 117539352320 -42464402560 127764134592 -1212482052928 573809320128 2428177373632 215054574720 -1301525322624 1122795639808 -1154879265664 -1329074415872 -542546107328 -689785060224 423396390016 -378166438976 -444529018816 -2628961330112 1738554448640 -225376142976 410110750336 -353525863680 1811324040960 -2436554951680 -2327874070336 -1347639213440 -1363186077888 920213470592 356488958208 -741352694336 1943250810944 -1257305020352 -1861677569024 1466484233408 -2677419466752 -240281719424 -327455353152 ]
[-123956869609 35358562942 -38297969516 -68566438038 -100464202912 -90723686322 -290256175859 -72894948702 40308303774 -93160796376 53595907386 -157354041685 73772332194 150099080460 -182801421490 -34184369169 -32266680339 -185527682000 -500308250 -67035241446 27286054999 -24098125092 49106532615 -51042770955 15736781557 -100359609383 27316872265 61564124187 -29594570003 -80235175262 33352452920 19381945078 -27604350210 -9841346839 -51212592493 -28151649611 13841434614 -42294482278 -208422807658 -183511163277 60873421975 19331467718 158835296274 -159605298715 46205246913 4754615442 63906719934 -76938812384 -138246241932 -88421469290 -62154314 -16774804195 -118946009187 96256529688 113536465837 -4590555587 68459981695 -60072816679 166331051639 -26243916087 -40252043402 -141534591113 -11229167736 162103774690 -53493376333 -51401015526 -160113150007 -21036662500 -165640717278 -94046083901 63995493583 -22126011848 55345601021 37287489196 101539812159 -51254557262 38999625422 -72866709004 176639884362 -29851062614 23017179172 72104482137 -110495265143 -39031915044 -199107624365 -110700947026 15720589386 48382353903 58788693485 54781477574 880183651136 439347861184 301659270336 1360380491584 -404996516096 20850370112 1205281535040 -95530406592 -848280756032 -926109115072 -343710953536 1533715419008 -1298385001024 -21363651968 -125774891008 547431701632 -724343549312 408679413376 -1674305281024 -252359265024 57202265664 871958110784 1688269384384 851301746944 491508999424 -481090989248 -232422210176 -293124700288 584874110784 1317452809024 1237792653888 -460588137856 111835101248 -1524005815872 2661488674176 -592694347008 -1930544775360 692307969792 2060249348992 1858363080960 17834223488 -1158233725568 23093462592 -1763597363712 -53940002496 -1691014326912 1062077535488 1871804509888 -438669906304 916107526208 117557955328 13179803520 2028414990976 -448702002880 -859567016000 -1391418219840 704790588032 -894290525824 918334906176 -1372928513344 1051760950720 -799132227968 -1116781218240 -88370165824 -1397588331200 -930066931968 731075688192 3053415090944 692271095808 1143102421312 1239552295360 -802520753600 44933438336 -1730974121856 -782853190144 -820422566720 -344559313792 -3013226134784 -269081093568 -1082382593472 429706206848 -163285841984 -442244326464 665722109312 455144431296 -756997036800 -1104527222400 -1329246340224 -320624424256 2630837310272 ]
[166147056568 128895127693 142739425868 161623810428 232652691392 127263679815 197978218552 -54515052796 30533983757 210077494588 128915195115 244886078695 40681056184 -28126463127 254854615953 89136371444 328853340028 378012792421 226014611196 124802801673 80624362177 168518226927 167423266986 401237080904 77468032678 42298907052 362153165226 -84936827607 -9535603136 75606434308 197593158374 190617306075 170272255882 88490715374 118342371690 209257496044 123484243791 352065450601 130979535854 9819283368 80704963215 37650819729 163134732523 270383059662 57837116548 41358444423 247392694228 23073770124 277742785778 113374215484 113950978967 216279155213 83701793152 204632796026 257610641672 119270054924 106211838282 183438830885 76675137315 180766177447 238211014314 76695274653 160639535588 51859616775 351674228240 53391327006 150796025423 210385671887 273439528722 179111140071 -82860131736 134761713747 -29057360380 211879825131 266338857533 -96007877731 247694235286 211610874900 299338163609 199413733635 146911389411 20014072034 218336465689 35612287508 335327226388 176620239502 7228005437 292496686328 94973881927 90298962293 2695705289280 1266794351040 -320915567488 -2167932288128 -350602447104 -915694920832 3362838438400 202894764864 -1728903434752 136193092672 -1200086402304 328909217024 -267570496384 29489422208 1897046291904 -1582936847936 159272426880 -995356036544 -1466449923904 -897383440384 -371348387840 -1326996614592 -1713630833408 -1390799256384 -1951901697984 1483380811904 2313109151488 2021461386048 1635952840512 -1115860253184 -966361673408 766379509504 -1100605593792 3126354945600 -663206026240 -2861536850240 2962050835392 -2256536273280 372241103872 96396657792 -2703257627904 -1052638340800 1752902910976 1447619339520 -2818925870144 -6542236672 373906804416 -779987324864 2729472957760 -850734402752 -99267270272 -1037938127424 -584732097728 -723098324160 1520092541952 -823546770496 890613140224 -459080631616 952699906432 -265149097536 -1086769312000 -403900936768 1089082025856 1940137639488 -1745208785600 1521278564928 1230954895616 532854226688 -622209476608 12161153856 1861808518400 -1571790741696 -908999011264 -2368657849280 211462741632 -339247300288 -56924213568 664906146432 1179031034368 -845828137344 207782723072 -1048764498240 718747425536 209156805824 -1389210560128 728513328768 260527336064 216791522432 -431962153600 -1354364357120 ]
[99391537103 -9473542178 170949472864 29006251150 177160687070 -20440968550 129345390515 77806319611 259218429564 -118091392361 -36181090565 61551761796 120323196109 -201482520640 -36292297352 27813619698 172039180443 25782009521 251716564330 138353701757 8332811697 215870454443 -17690164392 -12699301806 117702523272 -13136117131 -132276518459 12154765049 160644613975 -140168330379 263713630813 219694608122 112997895268 79750529360 253260730780 231054589731 34847786719 -30770723783 160745281646 197065300589 172750485274 208262443089 219716944150 10471378372 23581117394 177959959842 -74354906872 -91711494404 311264360195 80298870189 131471628512 166946074102 -127494662652 248319201972 -47468478892 67739147748 -89862333772 189764393513 50718304894 67156031882 321946639 27485602456 198791700170 38660030425 156133259896 180108382765 282424929668 53478179131 131043117110 119339916947 -101971866594 143277861194 -189042042291 122640486925 218992755418 -19783793104 72222002288 29295941574 -3034405869 7281875521 97166907801 421326059806 335550131021 17136310113 139229586731 148516137950 -128414137132 239817561259 4000187891 134309424225 -546448536000 -1321749293952 1898763233472 56229560576 -140306856256 -1737681585792 -537838723968 -2228936481152 -874116159104 1609210372672 -2281879401664 3963004024576 2688822722368 -1475376317056 115225377920 663676592960 -2007614909568 -106017752128 -1632545435456 1007397640064 -675334717184 1344720522240 -1071622949824 588668950976 -838940523776 912519781696 -609683453632 1976750784640 -42258181952 1425017291904 -861923000128 3094895998656 -1461160996672 -1062348241600 -145595508032 1318345925568 1447519839168 -2039484020544 1598245006464 341217091776 -199860781056 -900681317760 83405293696 332811462336 816696157440 252167875008 16022649600 -448461197632 -842913693888 3374301891328 788070001024 1018727806848 230252538368 -1122327625344 -844263708352 -1835907088448 -1661854759616 1306543821056 -511992946944 -961574234496 1886018907776 1739740026432 1765357950784 874040369728 -264811186816 -2006588575360 -1988025488832 -3787929130560 -1153316779264 -1654296859008 -1569694065920 -1917999571264 344235451712 -665704081792 -1627026766528 995002342912 -54188721280 -55865104960 143907787584 -1111521895040 638755011712 2238525607680 1540256932096 -2154923502656 -47971760128 2380772486464 920144469504 -1649059769344 2397504925056 -1169190613184 ]
[-42825406933 -454787418233 -309941632895 -364293157325 -372041274350 -302268289450 -310046635200 -167622682819 -476596034493 -303056660198 -173498982049 -571273385637 -164815802314 -403548317034 -294217766975 -405985120433 -336319052451 -384941489436 -285767214475 -314191434537 -263363512425 -225437181991 -381654244100 -404250501696 -257507500186 -396472937370 -302606090599 -281441437138 -132189220399 -151104807054 -480654264440 -307681767535 -330744728011 -415524337814 -311132238878 -442578486952 -324941107984 -440273991049 -276329130353 -322672855401 -303974412670 -241796477676 -236999911007 -318319073623 -280018860187 -257478285777 -371076617024 -243369545037 -391934716902 -430026078636 -231189836339 -222041991634 -357980178223 -321045220170 -438568550460 -161216633385 -399542391451 -344392498818 -265272613110 -478079387935 -202931973494 -166368735764 -318262891468 -246140548944 -430865386613 -436862427081 -145354952322 -513245265932 -320872953940 -517762700742 -302388636010 -237693589807 -246901116521 -437704530677 -174857853297 -393967115566 -529710097303 -398813131083 -462947971170 -299891668280 -186842107400 -556481417498 -306619552891 -409166131376 -356823612987 -477486036152 -270507872342 -325616159127 -494622801233 -151788628587 -851884527808 570299775040 588576291776 -1206152487680 2005209830144 -1721051953728 1058298099072 -2013763347200 2037357131008 -500627119872 -830079783744 44987236928 -1812422161472 590385851136 -676109666624 -732861057472 -1437010623872 121572803712 954204429824 1606310555904 340751466112 1240034232384 717704284096 3452757102080 -443315754944 690384680704 -1288678107968 1139335819072 -1671126190400 1565314177152 3414987387392 188163840576 -723707415744 -218569913152 400611730048 -1568909849600 718503056960 1965492136320 899602837504 -951215826112 901459913984 255700746816 297966854848 -773987646592 401713073792 -653146713792 49890031424 585912670144 -1287431938176 616980683200 3097180281280 -1646939600064 3950283367488 -1679549183936 -639665980288 -230050962880 -152910522944 -1000955753856 307284898112 1561300355712 913639820160 -2158553018624 699015948800 -656567854656 1225078252480 1428819037056 -1916306745472 -955169283904 137634747840 -811003524928 -309594310720 1137323629056 109867520640 2160760723712 -396705883904 710047745088 1434053669248 -2405791734848 724007220736 521638452032 -277132169408 -77864085760 575787982080 774656174976 1400732327872 297118558784 -609634582016 -489142151616 181755402624 102257034944 ]
[-99582098734 -228264832498 -128022048385 -270070781819 -154259852121 -142462627160 -150576294325 33399368079 -65357075584 -56705959295 31202371274 -29125865496 -111218699372 -135180314469 -189132166224 -145751107017 -86077447683 -242943851551 -212729059257 -175147593508 -219310020364 -278628855216 -97434437400 -116584017884 -160006098660 -84453343612 -7597799891 -232372127355 -108635355616 -16186460934 -101805632321 -33496258685 -223009372595 -123575616116 -148524273969 -233326025106 -120454268818 -148345858313 -211224028287 -226589213177 -115708393025 -159193619362 95939476601 -12226638813 -179249448736 9946460295 -337048237787 -54110721411 -53684077534 -243023041498 -14609712644 -260519396503 -18094991726 71662964908 -204106465489 -7902649289 -508999812 -258262989914 94460656135 -104905653559 -175432891920 -41714080388 -239466802232 -162551155823 -146448694438 -159546666659 -90006166752 -208261149914 -229487435891 -169961697931 -25780869098 -275013576690 117877637391 -88177787419 -172824499364 -259177129616 -159810745401 -131417553415 -224058477324 -213574781967 -164624646363 -188741022672 -182516244255 -93343685664 -188647742241 -168680641114 13836953187 -148542659684 176510514180 10198043379 -394457925440 -387604551936 -1576979551488 -1317011064640 2005421277184 -1675210480448 61531775936 1994862270080 -349927043904 -838623052736 -1073361175040 -919999015424 -253208847680 -515137196096 2045549765952 -439311554304 356595716288 -328639237184 -251877578816 1610305149312 2527686038720 1610178469184 1278272616896 1639886093952 209039069760 -1527880557120 -250191361664 348793849984 -917992125824 223517665152 -929520900288 26043272448 1527154840128 -390172565888 202018899392 1508562023936 586892037184 2923211361600 1413486025088 181029136640 1011963181440 -1409104702528 -485528198720 -65066778048 -262794096064 -1408401923712 -1011757269184 -645013994112 -120934565696 -126941610880 1121796863040 -749015337216 36698697152 -2545676300224 -3157250496 -1862398488128 -1040532341504 1430965841728 89345654848 -613902164928 1235380506432 -1857807523584 826067702080 -1746316805440 -1178459937728 -1343197305024 -1832874969152 1453126559040 1142287875392 -176099719616 -654591598912 1761964901248 91155010560 2499483384832 617153309312 170878701120 172863504128 -1707521172096 1579165249600 -993636830272 -1464392205568 -537891870720 -629347061632 1523141002432 939381513856 -287592922240 2465042779968 305042144704 9612608384 1920339872896 ]
[-64734961408 -105241736140 -121768503625 -62223609875 25389344006 -108098804454 -22193531941 -236679232276 -259647611028 -209230155360 -211260930506 14011764541 -120230875241 -89128753005 -65561256217 -68721937370 -90001730695 -144194878193 -156376287044 -2764407823 -149483221587 -220477193519 -57236366647 -87337062222 -28174268928 -153794608258 -224134305327 -144184101663 -229882123588 -3190745229 -184517705977 -193337481464 -149869912692 -18670809497 -223575415254 -191538305324 -67440894324 34898254424 -127993095850 -147561984666 -140680470285 -322647544131 -34164723421 -27148538430 -311496913911 -303924678346 -92945122398 -44287778860 -270038141312 -166904521467 -187640270594 -261045950859 -59582832112 -105228918264 -4285839832 -182392301750 -22852618150 -238199265774 -271681489181 30526930635 -133126542044 -79880960360 -45072921850 21062405115 -156500860621 -297769782976 -252018029703 -112257956878 -303928813219 -175157102356 -87370080043 -205767609173 -101441016693 -86799959992 -232338972198 -116516900274 -123947801401 -48369620234 -314599970541 29356825044 26059211104 -161160626049 -148858307482 -224034835597 -240788023473 -97521065022 9409401926 -148235053734 -120729903316 -226154570173 491290672064 -2052529508736 -251731882240 -887878189440 496490224000 1948748795008 103176172480 1564473273408 321345042368 -1478050612352 590820086080 628764167424 -737596033856 958996020928 -1202578708032 874103556032 -98238138368 1141331268096 50567911424 -1320501087296 1434949107712 -48450504960 -44664896320 -874460744768 -1102826286528 616409061568 997494373312 -2492805392192 -652347247744 875439140800 997466677696 -374986447808 1418859326720 982248432832 -2909405194880 -2544285575744 -1957468192704 -453040475136 1664667686208 92741927232 -143924528704 1589680733568 -831717813760 -351915069952 -1107685091776 1161499209728 358667669120 -648568626880 -680050907456 -1007290548992 1386097098816 1622646610624 -3917977267392 -419705480320 -608102570496 -494309665920 -548998833600 1717655990528 -1340300518720 805809389632 698836929472 -213958409664 216964052672 915235635392 1861002353152 -331608455552 1248845190208 2525029207232 926750296832 1031122337536 1486782126336 -1563883363200 -1609250124928 -538568749504 1525947950784 -1907266396672 175558053888 1555670813248 129528514304 -507785636032 1381313854144 -527362030016 553614331264 1576059677504 -1612982675456 -1359353459520 129599166528 2344513907200 474400678016 1744072781824 ]
[-127027342534 -171716034575 -144356653750 -203261479436 -349010955241 -141757864731 -209178570818 -166812035644 -164160493834 -129460519980 -73784483009 -224623316087 -238519248989 -182327032614 -119039496673 -361268712268 -86474665633 -149741669066 -169764294791 -306615265802 -242617229136 -433549051596 -144998486107 -17135362779 -107181763429 -196087188438 10648281219 -58080238502 -359498919647 49026407532 -295297549770 -109103657907 -336154500510 -255927976735 -83656094396 -243068436682 -81663657323 -204960578268 -314692965589 -161782407633 -59642159165 -118256070745 -211210092991 -177471612800 -302879906238 -276943133327 -207856752096 -228451182919 -198432093324 -195284838867 -171525244088 -261911235841 -215575697068 -160567414025 -382225137193 -166524403593 -47830391238 -250696814173 -201748927511 -217134242469 -214845761682 -88085687165 -285751840857 -233337450974 -227874994957 -323309502156 -175322876331 -113285813079 -170733257293 -248379435756 -17285499883 -290137431634 120072607288 -53608132882 -142515886518 -206500589840 -284209576833 -346246816354 -375975141599 -277510438681 -41259576916 -190940062132 -402070513692 -295089951299 -389777595793 -22106497210 -153512438320 -357853927712 -141996829248 -181286430119 337182970496 -854966695360 -1478223422592 -1087879836160 -266358155968 -1104737363776 1458090910272 1175520866048 2204652304896 -824070975872 47995923072 -1023921760768 -224182814144 2299095817280 -2011748499264 -1872357763136 188922107776 605255699520 328701662464 1528718767104 1355788939456 1404981228608 115301007232 1752077187136 170443496768 -1054916335232 -373887434112 -938668995008 856408683648 -782440629952 1139276247360 -933917530176 -617857628992 -1106928573888 -1838302629184 1302972921024 -709144465024 451153902720 -1663252360192 880630163968 -545748496640 -461795692288 -337934758080 132310833216 -305560029312 1403685295552 -495296105792 -1454292772224 355869296896 871343408768 256372590208 1337550331840 1370271589888 -138676975616 2373549138176 -1521954345216 2960096266176 1081139661824 570089855552 -1386067639104 -988994912000 -340901086592 416298986944 -523520317632 886587500672 -794867355200 -148887409792 -310297847872 -57476368384 654312566976 1567352761600 2103696587648 -3227827620544 872464505536 970940129472 1422858354304 1436397253184 825751742656 676552978432 -878384636800 -975238512256 -1713953444352 -1033416231552 2201391650432 1051214847040 -1629410090368 1731947213312 -510855954304 -1535348748480 1704641944064 ]
[68032132052 281680164329 207545234118 42947797721 53489518404 117731339484 153282473939 48064571374 159404662984 22183438842 -203128904478 347816120447 412859033113 122652564574 151296475162 262994807544 323599365418 75993036308 143428270656 82437454615 -18774201097 -61085267791 85323429724 223059333713 186056039307 46117185580 139601578665 -16439474766 267700379107 335552881035 68956761627 264975585371 21966742319 58703515655 92626407176 150743476142 188809274964 -53797795721 64351945496 -17372546169 201990899111 -42901912977 55434447577 315009953424 168122648444 169819112358 273356745933 178556698171 222369346727 107758929442 161750267404 64616253905 46325646406 -41108494399 233102463567 62428905028 33096108881 100535717906 120189850384 348107874817 127899437009 152125274533 151964266729 388145824981 164487615622 155776509664 51327870764 60202397608 139546461507 78236421080 89836882326 179231130460 134765505738 139241939663 259455874614 144265387824 70010261431 87633500275 96286451164 333804337883 120030437517 365835336065 97248691062 -6099313744 58715602717 82097797165 203550417024 24906000728 415934124595 414774097318 504217602368 251239801920 162623633472 1894090165568 1303042844352 613111979136 -559936501120 2242464614720 -126448672768 -1215567297088 -3066087048896 1452758652416 -395207360832 1042818420544 738538953920 -1379321205312 81014773120 -424303589248 -158103729920 108195594176 13922966656 3670667868352 -421320667584 -2491824679296 -172757476032 -1753971851200 -1508333281536 -4549422525504 1635479296576 515117493504 407087617856 2807401573952 -261173823680 -86175426752 661241787008 -838173389504 283544692160 1333829843328 1546774007872 -1425966484672 -2355621652288 929130011968 -1417787375232 -2541917668160 -1700832928512 2210192610112 -1661121185216 -1980533855872 -1166758266624 -106597131584 1976216534656 1051318687616 -878374769856 513833999040 -2143501335680 -1765244090560 2156160707840 3165595772736 -968320773120 -1628666838592 -293488813632 -993591648256 779206813056 -958072571456 52387430720 679854295360 2157876198272 1274995068480 653809890688 -547280953728 -1895108283456 -996579887552 -776555284736 807023133632 -1771549553536 -909605806400 1455401574720 292208236864 698914556416 -861533831104 2166611784512 917772148672 114624353472 -1613600685440 -1689767381312 -48466137344 580464115328 820590752192 1016131405760 -1612194108992 ]
[308885005232 327452674952 339466117092 512761743687 227513997564 260141037113 528353475606 355323105576 582977039618 293356657619 362934319304 379105079366 225255702494 248113303968 329333891700 396359848070 316268250058 512242007338 324479019877 309564054042 355972125378 294493251655 307705727542 332959073860 273435136397 434181430837 387995143154 244767468566 368006085429 346888137160 375391509533 297535603778 381054162229 308142803948 285424350222 496986664669 15029374520 386505504747 498106157004 501884866702 375609819102 165937275070 343294876050 271502773768 318421506276 465112868288 299670058899 208821183023 317043642760 585112559108 248018145604 513860803698 297351746946 497900717319 109085580899 287873082013 398581367132 299404785277 461387725812 286817145532 297876078170 265406972093 383182243179 326136416146 434209774065 412559489244 336266651595 324993703758 276320877270 556453712719 201529525614 256734725818 320256127678 359773138009 414306295974 168929918673 451019767443 231231542816 431541114375 340875796706 374589439369 347794209445 424644335533 617199260156 306543676080 518879817668 127724911813 473032950802 471534304161 264175775640 181581829056 -183234164096 -199016570752 -1287222819968 1444909152384 370942827712 12526501120 -1403969443520 -1049383138240 -587437977600 158265227840 -2235491247104 2180436453696 40597045056 842298273728 1157161196480 -1456209033664 -357726524032 -1943214135040 1777227059712 948287040 -1888347213632 -613609515264 -1200608194176 278541000192 -1547983833408 -2190981613504 2261233458176 148565918592 768830023360 -1630361371648 9789578176 -2584273585280 634177234816 109285357504 1298354059136 1895477525568 -1224504646976 -2299043503360 659451900224 1851971786240 1388775369728 1796820813376 184211530048 -547048992768 -2217191143872 538357806528 -248524371968 -681895979008 -642275846976 -2869134975680 519675579968 -1394908338752 1198564787584 2240498526080 -2069637531456 -546254967744 -532833255040 369931067648 158884319360 -1111641722112 605845572480 844187947584 1007790460224 -254324154752 1167925287104 -1732733126080 540574066496 -286830986752 -2137748975552 -2089313027008 887922899264 809233077248 210227385664 347378394496 -260350273344 -1301171449408 1450099350912 77394019584 -1526577625472 -830297781568 841056334016 -1321203250880 -619065048960 -108431041088 1567663303168 -43798654528 -413095906112 508436221440 -1555647596800 ]
[-14622017565 -130348669560 -162849334254 -50197497218 -232392429799 -136132291630 113351070135 -33179608112 128609872943 -22356375368 -329744329350 -148681140149 -216557055969 -168834082776 -62011229832 -178378788195 -133401168996 -71553392114 -54043639881 -212141167362 103420433893 45819830338 62624506573 154211394973 -17670020513 34939228706 -122729104310 -131609403965 -29495136295 110979168502 -135747296718 14349052070 -12905198464 -83928538855 -42876549854 -208683569726 -153886702127 -81079053784 -132491318578 213023225418 88551556949 59368380496 -295050767009 -97066120664 -177157393055 9008508018 -126500164643 -152299057390 -334740149054 42914780468 -58077050021 -164710224801 -60781901902 -204438730211 -26930385851 125165285367 -107155695367 108662155112 -109179747201 -114864589235 -174151911467 -141789422911 -144725805881 237095081832 107028896685 -103763642946 99048748190 -243565273660 98215372041 -118831092455 -48884352437 -62456069078 -74852035287 27239210426 -101771877293 -9089917311 -13701420189 -135727971020 -309951679004 -126674774206 -68096616541 -35606147358 189233496837 -115605736645 -96524894097 -111080524977 -88709780671 -27156153525 4673789269 -161391767138 -848966018944 -1866354154496 3405369539392 652196829440 -177512830400 517221939200 -592667302208 -607520324032 -176599185216 -934108145024 807982811904 -438349915328 588558471616 -1280887430016 -517869008000 919293033472 183347227968 -1385514305920 -432087204096 322468165376 -208377873408 1581560668800 -204721201216 603471046464 600105609728 1288427950144 -567830402752 346973935552 1302856665280 3276076663168 1201747965056 -1472925235328 -4370098352768 -534599590976 -1017184862848 351184376384 2024532127744 -168391114368 -2139537261568 2912069990912 -604516846336 728585260032 -316104984192 815726671296 12776879616 -1060421956736 -430162029760 -469910850112 2150906961728 -2001914309504 204313739776 832051428352 -458503811392 -47741510528 1468452352832 393605158208 2402885729408 1270737789120 -101054984704 2025203749248 912312891264 1252635074176 769145623744 2474655847424 -1102712148224 -115605462400 -402772830016 -3703198616256 515271664320 -866422936704 -412252831296 3223860589376 -1420102976512 923062041536 -1083344337280 -130550154752 -1770995072128 -999919301056 -2131403456896 -406324134720 675511197632 1061183792768 -2814800852672 -1110568760512 -39709714688 316376626496 429259655808 2361523604288 -953101757248 -1721554698368 ]
[37413782170 -139944904074 181843763034 103825151531 -125262900886 11142428679 -302545000269 65901105864 -66713475976 -145667295650 -206425893344 -67038947596 20073732695 -149576759354 230868910616 -39659477281 39726773106 -128022682245 3517746338 10965947242 -56196400730 -24636008270 -100357363588 -196854159333 -112065519277 57004412753 44962102807 -98312214420 27757706061 -36156398082 -20876922409 107838994348 -140617107160 -164656770867 31979995552 -81196811703 -48039506071 -88957986093 38939226897 230339780699 -233055085352 146543645648 114388754655 -79077467735 70143366608 -128193239354 63835684050 -226186512777 175327157657 -19219139441 -15057784181 -19497078570 -90882715458 101187133060 -413840179093 40837583812 -245633589721 -52456874545 44067077941 -14105585656 -55517692263 -54291089345 196206688772 -63299860211 -97172205368 -32772092749 38471771034 -124387659840 -66210086977 13568380393 -97703924009 51278489938 109544613657 132105661637 -6703112543 97905900640 163357248294 -213154935632 -66348519581 -157876179990 82034126067 -13222575718 103598983798 -128290272686 144458875064 200191536254 -218235379548 -45268876666 -209791974514 84037100137 311280165696 953252837312 -206640682752 -847069649344 1634948965440 -1214526060864 2698794213696 1003456096384 2830558094400 1341062422144 -979362837248 2475517856576 -613147299456 -453528812672 -5135670279296 -748198510208 882525525888 -41977946880 2236243657600 -606101409792 -27962078464 1449659786880 -624793311680 -21500166592 -1990590293824 -1512213569280 -661334550144 144399081536 1562565505280 -689039474496 796371969088 1298104024320 -205452115072 -1849860440768 349079233920 855428197504 -1975954011648 301575311872 -528418898304 -44842914112 229396364672 -29349445632 -1128971021248 -638212833024 366336435648 552961552832 -363957657280 -830894042944 -846395315968 1484218149568 2877378176064 797000381568 1024867083520 -842421287424 4399649132736 -1758093753280 -1770094029952 -615837868672 -270312174528 -751166223744 273296389568 1595359280192 -1345783771712 564948160000 -870067017536 1079949302848 185362569792 -836201436544 -752321073664 -2994333363072 -1616850173696 1514076445888 85927061888 -1375419578880 -352173046528 870977888064 416673218240 1283445254784 849823574912 273251288064 -1238576621760 1614740212288 720017460992 -2010439190976 -76792722688 -1298278006848 317538350720 -449687576960 1136402320064 -358369196544 ]
[200943966917 269870393851 378419068236 396145294301 212916552485 461230665873 421676825022 274141512142 182916746494 203874492775 380368764217 242596905528 371735761026 318113829574 287419076432 400888668966 443212632280 186490330694 271411111283 382048218546 202251275068 96477018208 391243207759 323317717134 298243626902 280280435651 307979323156 65362321742 264963856679 405787003021 357234279729 301908745824 315501659262 453830184942 368286336989 447343036574 372443775223 315054309898 231573858384 318918272865 237397827828 153378259443 303697988155 427007874918 238802726467 319025321985 327057851780 427379955374 371528103951 375145885874 281269870358 122255127593 338768904980 389852520497 286525717188 264871384826 330812784754 200602668207 327703241651 265339123900 319970704933 354016324433 228745484422 318318919796 479747464444 315722339497 275393804745 342125435984 359389306294 374503822603 431676496924 240123237801 392083206985 280078412422 14260168603 277621156642 538231070118 304321264255 424584252802 324208170897 102304503282 350531528501 326361061664 376614924627 347966694545 371427009304 484790656919 367227434312 357288235085 565520110583 -401810842944 1512767761664 -896184024064 363599588736 -207605942208 -744760755584 -2897166716544 1669249463616 648148200960 188133208768 -378578802624 -714266673856 -1791689526592 -26124344960 1257229870400 -900763865344 1051029578176 1199137869504 -281531348800 -912460788480 1329943020480 566998074432 -2903053290688 -999993202944 1418047316800 -1380868057088 -240471967104 239926690944 -1348642149888 109152405504 -986177718464 1450685381760 1892681789696 1076061681152 712995453504 -968554760704 -1419390667776 559715529920 -967665521728 -274581560960 -1479869598016 -1482973516800 -2716516368384 -1639087630016 -403467197696 1958295755520 -1115454185920 973199022016 438303995200 -557819424640 847895227520 -1914544545792 -763964462784 -2308653833792 1245550079488 -332009632576 1043956796992 290130472832 690479138880 -1349154454080 1461258093632 -1482111365760 826168128384 -1325107299584 -2951982879104 -1948302250368 -154551218560 333350946560 -341997512000 -81985077248 -1540109836544 -2076483763072 -1098435148800 1548779506176 51822552256 -489968665536 -948014337920 2038032284544 1715865525120 -1371747016512 452461347200 1090046111168 -2013184637568 1392423256768 -1230219307968 294721501504 2372943225408 3088931698560 204857918784 56743529792 ]
[10823647440 -169347313832 -171279949591 -118042567226 -129691742034 192341126179 170180161665 -64298676947 -111362811381 -148325778560 17670026918 167529611770 -130307006268 -325192635366 95915763387 -143618131017 -144500150265 80757880517 64545149879 -126845546544 -361209753111 -220295779436 7727789058 -4670424746 -41434128234 -37465433227 -56545379631 -326777128735 -36944058432 -84240927390 -38367760072 3899663737 -83831699392 2880445056 109525809479 -6403433918 -71844249439 -234784455793 -24615597715 178754329943 -50376915352 -5977473742 -14999136154 -121880606153 -160783307805 49698580837 -233195490151 -209525473334 137745517754 208814074519 39220798461 -29968496915 -81091058026 38449098486 -262181277891 -33727589897 13235175554 39317873951 -24760193371 -52136527438 -118294379727 19856178205 -117687372204 -249316027762 -120933049678 1557722650 79099506931 88382213974 146412078145 78204518223 -269590960533 -86092245178 134773322629 -169882905798 -6805203109 32744749181 17887162796 -92144725899 -154004627361 -210001364018 -162423402149 -78979526543 66945261975 6356637306 88599896119 210504388764 -109392547337 -160276708522 -123216639059 -179982951379 162441179456 1036803883392 -912195532800 -267031672320 -873463893120 -1743417201664 -1960498071296 -260190791616 2058461185792 2335739431360 -247288414144 201097315456 1509792756480 992904831936 177711691776 -1009493068928 -267926936320 -87731530752 3576427240960 2485597857664 -24450228352 1101070015744 -3063791772160 -457827988352 491553516096 2464149480448 1313859797568 266095497856 -2187478267840 -49615545664 -821370652288 1254864247104 -57339367872 -169708516352 -505098152960 1996216112064 693863363648 -1233490543552 -554228248384 -502615101504 232362150592 -2063292571840 -440641097024 1508813946880 260349301440 1150278478656 -1495542050624 -1845326070848 1537448111424 -1234012151936 -1964610889472 1875207121920 856348089536 -2658910491840 2895063138880 -1437473911872 -2762498742208 -462264586496 88091292800 -658733510912 -295040498880 -511335087488 1375888603200 -242746988288 -1860266860800 -1320651876224 -2881193110912 -301763376768 -1744457692352 384680529152 838407354944 1401439867072 -2534978112256 1546966176640 1727007596544 812153453184 -816015580864 1004439279104 1888671750336 398221812608 -1392025657152 916694013248 130289993152 -2701284639168 -169510519552 1577113867008 2288658030592 2300150952000 1598998540608 -1778558244352 ]
[-19291776270 -293676647707 -94166091260 -123011920206 -10116394938 -33612493098 -220553203766 -96539582847 165896749130 -169808236470 -61420582836 -158393287850 61202488761 -178437099483 -218704823356 -20225187746 -123754923194 -355961909023 -305435410942 -35193801627 -62341189870 9195481115 -96597074328 -143315598491 -344028596679 22256989799 -102680292814 -52384589108 85053960956 -56566073688 -63659600626 -32700594920 -211739192073 -119879864038 -320492250985 -165983525092 -58524306853 -107225710450 -157963570122 42273361096 3604367771 5495182966 -119205157651 -113431482827 -18237190254 68109016606 -236111195616 -64557816943 -280772439122 -97892884532 -97240518818 -18926343839 -397434065798 -33888704068 -104847093803 34243404834 -155759482752 -139013669092 139264098246 -298863069281 -85522800187 -93194377573 85069123068 -61740012209 -174063086062 -137552009789 -65054704948 -200078999686 -262566796975 -235671373127 -87580965693 -47267946660 47682404512 -85574471855 18801686344 -247730850477 -120015777638 -154318841819 -179647241161 -35597618377 -147809985582 -298313619992 55644753718 -4502475099 -214141670444 42129561929 -142598777853 14945928209 -57668693656 -234659037408 -29168858688 784831419648 1009429200896 -1005715833152 702386211264 -2693252729472 2190890506176 -157951252928 2135580024256 -1169045061760 -381739890048 887366678528 -1767955003904 -3604265410944 2028521987840 -1253466049024 -252465400192 1464559235968 767200848832 503546399040 -748038279744 3140855330560 -85195687616 699502417728 -117212274304 1417494927104 -2398217041280 1523296859968 -1823223263040 1553792545792 1222694660224 -1568710595136 -848229095168 -1183359817984 795851239168 -572999381760 -270620580992 1133769978880 1080216933888 1192448791168 731059400000 -1736061566528 -967956874368 1071194606336 1506178752 -1934627363200 -494476815936 785647409664 -1258543169600 990052649152 -1795676028864 -562014689280 1661996144128 -99347268928 3140601383296 -394851421376 -1928723140800 -1707931350656 430307662400 22480817600 1944928698240 -1278880849792 -1013737103936 -202344270400 -1315500793600 2805978716480 -1503712862336 -1459269534720 -1054903128000 -152162143488 -1214923668480 1277879499264 2062725455552 289253345472 -575933620288 -1120494160192 1007347592256 -836644318144 -3784164092096 -20505912768 1602409871552 2548940290688 294878112064 1097274928832 833681459712 2078580469952 -805298734208 923011364672 -866851027392 2447941205056 ]
[-142661021024 -96088575620 50054452949 -155135457791 -228519608803 -223868422028 -135861428345 -24950061898 -37978975180 -67202517726 -232471147805 -404790242289 -52141432197 154116390285 -266582124495 -251011808639 -80338582681 -128712098100 -269723707092 -161822742277 60692725850 -169383393326 -52631142203 -143943123951 -23618229958 -187221610645 -211704259875 -14853703212 -284721763241 -2053493374 -148435962423 -66215291113 -154681514641 -59735310564 -133672880290 -222915588373 -125768216621 -235415360275 -239133670292 -42174769247 47380102945 -143320243515 -311058593299 -212426039347 -10810980814 -171048142330 -120330404129 -74876369094 -218561684159 -180534253148 -58715486239 -229750376487 -98047378598 -362091999747 -129050119224 -167317045672 87837892602 -129993501787 -134212822932 -40047447037 -314278077247 -171819108185 -169261668598 131832899342 -154118566497 36832691606 -96258606710 -206244391364 -309937188637 -415879567459 6626537316 -258323540373 -314157584357 -89572871702 -248688041352 120854671214 -112953093976 -330895138160 -353906430945 70229638635 10044761915 -148374012005 -72695104188 32603516373 -185364476512 -290334398629 -90098539268 -226866968336 -242560958307 116873933687 70261182912 -748061026880 581346119296 1490817436544 855842848832 11580522304 128104159104 -1040196773632 -1268264007616 -43216421312 583291109568 -1687288530688 -1053972465856 2480619403520 -246306165184 -683345246592 372658459328 1797414916608 -163071552576 -1718710660928 1345198020288 -1254642211392 923242073344 -42549960512 -370328422016 -834962284416 -1293118193024 167698652928 633973017856 2119738071936 1409260430656 -1688653887936 -2151641027712 -1404097803264 587341104576 1675267818368 385125529024 2812281453120 -2113275636224 -643128663680 1731573028992 3459770927616 -2441806585856 -293935974272 1262937354688 1392956714688 -159323401152 901140917952 -1871499324800 -1049380867264 -192020591168 -1006431776384 -1039034133056 1796634785344 -919449147776 -58448903424 1204474924800 38737126976 279626624128 -529763320448 1161458787840 2198263566080 -76803337728 1211276791680 841386794112 -288293317056 1597529198464 -220850953408 980176304128 -183741207040 -1034568066496 1688001587904 -255416396416 -478862488256 -1830194420800 -1995449073344 1429274962560 -3090048657984 -456612144384 -827445298624 4865008714624 -936361263040 -548085076672 152675876288 653572136000 -527874171904 236657445696 -1415042565888 -744726770560 1902890150656 ]
[65838196015 -11160699964 73541655837 69068429352 137994991697 1416410822 -23768986566 204336206754 -124791449674 146719872449 -15812131880 -75515837234 -80226184568 -10857784146 -64890617855 6205813861 -119879877459 -159912298667 -163445825638 -839981887 31874566264 62410393091 70438599753 -85515396956 119989766686 85691461884 -25023774580 -64840130202 118045693250 95078872831 46347703972 117966638364 98061479234 -33039481731 -175880534700 -56294156406 68374033107 -40889004563 39873643625 -16898155057 96532881456 100993996911 194752638677 25562229006 -127950500517 70909889089 219183915994 173095191468 -174768478527 -68739193822 -55706386932 -109127607299 57648826728 -107369833747 -3871935801 41386166076 17576325386 -190642872873 -85937303319 51553201495 63959099991 40874051822 95715041239 204472126031 72901938272 180571343263 5790912606 -175895913024 -177458375603 20296524199 367332119486 47367266302 135495956071 -42452171290 -37449435236 54044057020 112216175260 34772472233 138086328194 251146034318 -53817484956 -227652622586 -18317800525 202117638087 111228942486 -144027401594 177289218033 66154542097 212562840320 9057477023 -822976129024 1940332233280 620606254912 -280416835328 1589083565440 1209061917888 159860793792 349332465792 1145798081472 -86417567488 -867057799360 -2674474851840 -1919861459392 -105443126720 1110706960192 584615090432 842430039744 1780424227840 1494150845120 -32268557824 963721973568 -965733796800 2740970211584 1083569959232 -289453944576 -1758677131648 -240374168128 -475773145472 193782858624 -105559412032 -1261041624384 -1979013883584 1287626118656 1691088206400 -1509774692416 -3216760499200 -3961864375168 844592418816 1897999094976 -917537700544 1468729821376 855259518336 656231679488 -1570084087808 233709616512 -1332907458176 1433524242496 1550945284480 157804917696 -2913864706496 2819591036992 -656629613504 -1365526311296 1112335840000 137862525056 2164737945600 -108286075456 462939009792 -876362021760 -128779987776 2172688101504 291193223616 -562020094400 -1956302459392 -938892811264 -1935687569984 -1438049129216 15690210048 -258714264960 491232472000 -1323681537856 1371582465216 -105444930112 361893239040 -864893696896 -1621165734656 -1258060820096 -94133300416 -637444101824 676556144768 1394894981056 1017667276416 -944929509952 554838324736 2221465101312 -339535051008 -146464022976 -901220728064 -21543059648 -216326462656 ]
[-12796225390 -66269781614 -168830005812 -136074092830 -109220312548 -88347979753 -22098467316 -20653620913 -255006415744 -23159011225 -68467179914 -226337336660 36136194538 42275176976 -200739523233 -156381700584 -229331043911 -7600766843 -266337419177 -234093627465 -170934409547 -156827857712 -75620072822 -36998916065 -50325866913 -263980591105 -51413683111 -208027683030 -116606078787 -21557546024 -134592426977 -143743076213 -271270041391 -278442239554 -319233383397 -315975868600 -59741321059 -254951858864 -194774263053 -230268129636 -93246285599 -29476822287 -77847788873 -125376261622 -67594343826 -71305785904 -73797415555 -32249482189 -117706696626 -182965138414 -157026931432 -169130011216 -43765145471 -208985508561 35307762349 -50731682802 -44120799733 -134945960677 -45279682010 -154146163769 44144663229 -84903227649 -34202388486 116378331961 -222041860978 -306547351755 -364034495761 -8616458784 -98531184071 -277367428219 -264974269306 -121779213262 -54826778447 -269977223977 -34621014411 -171253372690 -377642654428 -54792297357 -225907785367 -150981744241 -18175587634 -229659824488 -266822282590 -177351134349 -78185030104 -68808728781 74813691130 -53162751181 -86216256180 -296333835858 672517251328 1097998402112 -1377717961344 647682491584 -1540368256128 -79423036864 1713236405568 2657652364992 153918337664 -463585978432 -539187322688 -1097848238976 -1755460163200 274396630976 -1086549045376 -2321597298304 937943276672 1509050968448 1072434656128 77670739456 2036384388672 498424793792 1055260706624 2092082087680 792476285440 780521891072 514948903552 -2022955819584 -932735115648 594710801984 1869886756736 -2114393256704 633096920768 1371803201088 -531489721408 -272710497344 983846091520 679295805888 1378821358528 -213914706880 1154234202560 -1170985311360 845789355456 -1614291311168 -1096928568704 -749534167168 -1853695237888 -1139059054528 -846044755264 -295826331584 -1392836551232 -1793857503424 638712966784 -1469526686528 -3341865776960 -1027616171008 219703285056 40854107328 -1097558289920 222119065408 -1840558574592 -984027922432 1923784248128 571590507008 611664536704 -1567281019392 -231793636928 892398660864 -437035314752 1118462701056 1046789893440 1199422616832 288729981312 -730262447168 1097666511040 -298756596352 2128730806912 -1373673057152 1605651415616 2153235669312 -1253878255104 280264879040 1367600875456 216814229568 1329075692672 268006649088 -1677817570496 1500141407424 729325023488 1446454229120 ]
[145386950222 104198361515 150488883613 206803336584 143096992071 24329776594 313881125965 383696512352 133382863421 176937456167 37191471447 34617994807 37252481201 106467647342 132807674940 120537505777 -137938283153 -40600452314 53296072848 149065562780 -27291388504 77352124242 66973920622 14703707481 277128073401 46635115602 66880723497 85624870474 90234514947 104439774737 157209956383 44494647481 293670372213 208585399605 42401712586 26510898863 70309326246 126194485591 84935605174 178080996896 91129613539 96883589413 154181908001 200329140421 -115643573435 -20543690523 173100134590 251857766418 41661356318 85857038705 212130069720 -9641230056 -81625824224 182650837555 132703145819 -54099552650 59083600874 109540970768 34530877769 -14652064854 316943453 123204454638 99831768737 47707447139 190404749754 -31729199850 65523486229 228233500781 -36355650245 91013737174 206683960892 177923419879 295173074765 -23165579531 -24209413480 318640360013 175492120567 32738012099 46666898952 108280936082 288717240489 92771337020 39880626471 264704409034 125388279987 -29584844820 363197856073 91101373443 142151020379 156752199987 -607991507904 345098393984 1174471185152 623202489856 304971213504 1984366822848 -1592954753344 -969069594816 -608048899712 542089360448 -766289899200 -162722895232 198105184128 65834427968 -622640027136 -8412815936 1757488628352 1155670458560 2011822992512 -1711765632704 754417161984 1729339513152 320090861056 -792286584960 -717799716864 -741566648832 -1239756059840 -2859993030016 -3451447734144 1519276545280 736927124928 -1608420844928 -505293893312 -219702962624 -2138978348608 -132708462784 -1567505952960 -788160251328 296882412032 -1474630270272 2168486146624 -536757199232 1083524632704 48290853568 471998614528 440918742528 672362672576 -74851228864 -479420694400 -1681977759296 2338361812416 813012543808 -2607044657344 -1297565087936 372758579840 2000903997120 56111662016 -617908476480 -22546698880 1009850469248 -471469002304 -245985156352 1424954958848 -1148172888448 -2238277254528 -2113257832768 -720444038272 -541181108224 -1645425971328 1851522720064 2352798082688 -1536395717184 553148298688 3647631854656 -1258702966528 -1273539902336 -597730782784 1784845507008 -421308262976 -473183884480 -30085191616 -346851465920 -2803371843520 1560509272128 1785635274112 198814500608 -349844482496 1468752218368 1511682100736 704127897088 ]
[209444761438 7216317989 -146649619765 31419370952 108476816900 85332827899 124663864058 8314598225 134769311536 -30533156742 -169239591092 319982568855 78235392876 -84399135142 61894764017 87992174714 -134832240848 -114196177764 -81107763725 -35903923397 -94485814137 103010610772 -39632070874 16507395002 -159535361419 96676967196 67261249727 -12849989281 79717198681 222359600903 13567010039 135999855349 -25560882130 -48751790810 -162354556598 203616081060 -60848162458 160549177856 129533318624 32239393846 -87080270336 -21806040023 17125153050 107907214627 -21365809556 68724573743 -41657547297 -84621638010 103446796339 149155718102 -95225832455 55209373960 59288731495 -33072456863 -22258414733 -51253203208 -8020598026 -92219736617 88928971793 -78901753823 13626682747 166296711619 214609695264 -128072995060 -25174693151 -52751151882 -22086562484 37252288129 -37399362749 147764153897 8486013186 61235345582 44343493579 52780166153 139791937932 -67768554075 30002423939 105078838531 -20847547218 100474368829 -168826943802 -18132357348 104694555134 148093063294 71014598788 275237848517 -130966511319 93574155368 189340947635 -408019678190 913669306048 -301026440000 -1952739839680 -1542222644416 -679181228352 -583615380416 383445961088 1499884301376 2118307980608 322292482752 -325592335872 -628330374144 -1317272494016 -2992135630208 2542797953600 387176146816 1239336569088 1074242548928 3162693831552 1655337267648 -113865374016 -547974203072 1194949363840 -995670581184 754557936832 -1899832714112 -477002870528 -2019218117312 -543533514304 -2013068738432 323621453440 -525110991104 122620904576 1544689473152 -3673112484032 732995363264 1994987643392 -1308414063552 -964260214336 1687667140800 -1776888009408 1752110182336 1190504553984 3188516871424 -87108777472 343916745984 -1926844553600 -731185114560 1138026956800 -502113210752 -1747345620672 1544241569472 -2279608686080 1343318997248 1674511048384 -1187169137600 -909566871552 497277373184 -682012720128 549770240256 -153347523648 -1079875216832 997083334848 376648337920 -897255249024 83803859200 -1061730330240 -1003683274880 1616104524288 -350547356992 -1788896355648 464794020224 1901573878272 -776916682304 1503727947136 9343401856 -2473770950912 1010708454080 -649745682944 254582331008 -929893411648 2332038519232 -766428775936 -429185362112 -676566094208 1549870604480 -1842953129216 -48564449280 965479759168 1251622734912 ]
[-6033555606 120734638712 274650547271 -143339138828 -45475588219 128931373893 204622872470 36723889679 167092010210 136005843022 -30565909026 225371360465 95710198968 139060600336 176472391105 38949520870 160728261855 284946550979 133671243406 192562809939 48005444540 -94889638641 40371322534 236655633 -34625548323 115867983721 104359533353 -25282164913 -99909791223 48379678387 333458284201 199073116543 67471672067 176713806919 115080961764 154870134318 167036438159 68310472633 -162169726824 237515898892 38648436025 -41133516708 -72116930339 159037648887 82027031690 61451483319 139526172302 180235191654 300953814893 155123724004 230281652560 127155032074 77735019841 137447674022 20291660208 -288075698575 139527696516 150388929810 93955556173 196561486915 -84205818139 1861935670 206589984887 141771725138 166921152641 67095777495 91054406608 358340805266 198634986656 240756388441 118406905768 -53913005622 -51152228468 120920764124 -83180817913 152679986169 210362218692 83697350831 17610694230 250871232025 -2341207763 134032281930 204655141218 -12959688658 186394630129 169340407392 -31211706040 177896654226 125275870142 74824216313 1741239343744 879979089920 -1682150898688 25656146176 -266363017152 -244429832448 389051104384 -80509853824 -1794463746304 1479064488896 -1961162079424 670229474944 2977761672512 777209103360 1663375542016 -617741697088 1189421750976 1583747716224 2403950849280 -3340064662208 -1151172824512 -1611114106496 -785607103168 -210819410496 -1438084012608 -630532910464 -1298413447232 152006155904 -493543217408 -1874242464192 -81442834944 1611742664320 -456329303168 2378816841728 2360857699648 3238210775616 -732959307392 -574688229504 -2240592471104 -1069384472576 -1242576093376 215213593792 -759322863680 1961570224832 -1335770308800 1315024057408 -534319545024 -2397987834688 1443122330304 -295114814656 -2437552813888 921442143744 -943641473600 1331520387200 1573487561664 -1628647745280 -1148669709376 1620284578304 457186641920 -2389720931520 531713852608 1386887294080 408301574528 3286537619008 -1453804642176 -2923122192768 466377335296 158874964544 -1006990464704 -727718295168 130211234048 -1089654645120 1181123947776 162017219520 428477643712 -160079157760 375386388416 1094516583936 -367240627200 387062840064 1640938288384 -1738994059392 16813479552 1103457215360 -801971391808 -576922305920 340783668864 690338911936 -2233467748992 -1696592435136 ]
[-132022759734 -86372518329 -53819770383 -155826968800 -163242797467 38833211613 -72758181489 1046410879 -313057676344 198328064181 307393560694 30843873066 86174351901 260792993685 -4103100471 -58860726413 22083615267 179714780152 14840180921 54177100516 357734153982 216125027170 83518394602 -116746019470 89620077895 -146129954490 -5784763555 -85396846612 153856301227 50267318922 64296859276 -176466771458 -166726269582 13392760584 -64470941029 -56899669878 -8096520611 -20023343613 -42132406747 -239441198872 3713539844 -39215145002 -137499998243 88130908174 90773953633 24829032978 39080216833 -15447549187 -186870834704 -57640330338 -58532629061 198843690001 248060580751 64592021740 159107466795 111326801372 150407856002 -72906577784 -36509621848 -115127857368 162036366101 34246268227 -60999795843 86292695916 -131559017037 -158421727519 -142565463933 446925355868 108554387205 41868998310 2985185947 -122155078589 68420526839 -162002306378 22865190508 -35676430254 -140937924235 -71068226263 20528311482 -69966252802 -36911414967 -328171623119 -219784812519 -106692866957 -116178996366 -11600837255 37582843514 48707186239 122329003088 -390239504191 -2121913518144 1249964030336 -822479117376 -138062946112 -2268107139392 541645596416 1191152645184 -525300238208 -440122015488 988755080000 -655279618176 -687417508608 102291940672 2244666377408 528591355904 -2497583019328 -705675782080 674481243520 -3034838957824 -772886243776 -2792346978752 -3035091531776 764122601856 1314386688640 2523955671488 2628167536320 561665012096 593725479936 254986310400 591320333888 882606153344 -2549671607808 1685374540032 3487116405440 -163387883264 1662646484288 -178940212928 787454012352 483328152512 -1371740893568 -437525697344 -927303324672 193402047872 -2462304856448 -939496827072 -3020058413568 -857151762560 -2138850632128 1546066196864 -1076342215936 1845468852032 -534271308352 1689850739648 -330941747072 -1054775335296 -646555610816 505332848448 -331155263552 485028793728 2947364126464 -440058877952 -1628684760000 -887151223296 2719424891264 844800593088 -211949750336 -113829315840 648322549568 -704174412608 2537687101824 277556771520 2528181505856 3061667767424 -857335725952 2255621744512 178916664128 1198362565120 -777771555712 -631061277504 629914120512 -1021890479872 963504083264 988709127424 1660334210880 -914091720000 -3570704857664 -2301757381504 201425944064 -2226281563520 -27547572672 ]
[7267294381 260944583720 328113606979 43297010262 -6240937648 203838860211 486361986923 230808529608 263744539784 358525075275 253696930803 327220794738 115483790779 247591807653 115694961348 38732314518 -33277763327 311240012519 323570782406 181749981222 225750400954 150166029075 281965578155 185632954223 285098467038 103488105085 11143623779 197479164330 93121596767 240748822115 193128237712 65185099035 150734227340 188644183286 239610384754 251148407647 276493830886 140190179619 134789999198 118965230529 368442181102 265930293966 197043196316 173422849352 297843973899 313895260620 191402651081 168363388582 132312876364 236297710212 294318385253 56647779187 388833417655 348998839953 335708524315 75440604787 293487285748 274533004737 137914075049 214391049226 184832934864 197077669035 113979425771 300575797567 423398533362 78102765271 46794685402 347066869397 211857725704 328413348516 269510907256 263905690458 182230663583 60750313240 102419855679 200268583545 288855565249 206831100019 387631050778 273368541027 100880504826 395222246336 175334909889 311889113962 68768593226 197642890389 294981452423 398942536545 414006022872 185703526163 -1163987227648 356819314752 1003228065024 1077354590464 -1279559849920 1315694019072 -1096459850368 -906774731712 -574560275392 1107703580992 209396421376 -2242901738304 2492984533888 1562742953088 1871829751680 1497408264640 -71749908864 -216576764480 -719336320320 -1602434066112 -1265706516992 624184794368 407782506624 -1864513768064 3339400147904 -624387891712 164798255040 -2147038932672 -69029151616 408671815552 431157434624 -225732261568 -1543669053312 1064029134272 -1116043945856 2323943280448 -1123803541696 -1402139938048 362888629952 939427720704 2596010959040 -474844952000 1222296900288 552296640960 -651594444928 -86996069120 -1315091788224 105909380800 863197519360 -1869077895872 -2589094262272 619612997440 -1246286198080 -1471792503872 -3850427126464 652220047680 1081875707264 404306713792 -58034554944 -1019004055424 591886335360 -1462389549568 988780453312 752247673216 -2856556783104 -3684128715456 44345994688 598956404864 1131093242176 333553043392 1636190789760 -1092937115712 -558528790400 2786396789376 415476434624 107825236160 -2938187097472 -494365571648 196120154496 -1608411690880 1479638649408 -701209083456 1450335288960 516208316224 1702829150400 39447536064 677722271168 -1021032454976 -1569139871872 -1884127992640 ]
[35488757989 134261444333 29660339387 186323775102 -42947141906 18750160680 -33584882396 56391135576 88009124581 141922006802 195964655524 119491436465 133472859267 125934400367 9870522015 187595458702 107260047479 39720741030 -38538293672 -29820978260 -149179882064 43209967496 142629125353 -27123425258 -3120341134 65551759312 115370625449 221187388674 -25124945143 242408062440 11677113223 149273028145 -123536850743 43084104289 202033211733 142982735515 -19146389290 22808274437 37574792062 -21799032320 90435694027 124531193276 -1327084152 128807416386 7326170536 238120796210 -69154684955 93764735107 69027841404 93573632180 95246526490 229701443329 -45677654643 1139348016 -27371126740 2211728021 41230464952 -57362444588 175948250746 -10640654810 -47052497090 362480905688 -13840950637 12689485509 -105144303493 125742161828 -73576647002 340930199702 48443581733 45049796317 126994589980 -66146777622 314110666035 115440945194 82095808001 184312858303 29910705615 26953725070 -98008192702 86126832788 -119768010593 127659941228 -87031018892 103349229120 248989533251 163307507826 159042197275 -125791256889 99396094146 40553587863 -391519857664 486241797504 -946570769216 -909036368576 -1026698955968 -145766938112 -1482493735424 2981426979904 2318493209344 939174232064 -445319467840 -800741636288 -1009169144064 -924790080448 834849471680 -1137243811136 -67143292032 1693104580992 1897512806144 1023591290304 816008387008 1190310073408 -2766345841600 1243862159040 -1875502434304 -1857552685952 -977709540800 -909578504576 832247608320 -1554813875264 1025551360768 -1682576007680 175437866752 -1033145056320 1224885558016 2239652181696 -187612397504 142720173120 -1939524692096 236993871680 -1474243898240 1319065252672 570187921216 522329856 -934881627584 69636304000 -2606454538304 865975915968 -1206639220096 1351109883840 -984240340928 764344568512 -594379104960 687584438400 2510780253120 -766190325248 -159434587776 831086358528 489701126144 1177553298176 -3230587371072 -644420347904 487876532992 260132764608 -1651430451520 129032677760 -1165255486144 380329720384 -1861994417280 3084125253568 -662462504960 1268901961408 -112109364736 -1342293014144 -1030895830464 2490793461952 872778501184 -212484329664 1692980318528 -211592805824 -584643226432 277282566272 -1258055302144 2342412824512 -1478059240000 637028395264 -1186306726656 -669873332352 -1607447967552 2709451266624 ]
[-141275545364 -187466821543 -280108886726 -281499278090 5320372331 -144632535086 -111414552426 -77654899313 -222797080397 -261265747037 -189896534122 -266444712031 -194113473202 -65649010883 -366235223682 -350795742974 -338304158108 -410671179786 -120773197262 -151229044730 -142776614899 -233325672605 -145468877684 -358383859433 -221207901198 -211918397167 -211572055939 31973686007 -430855595114 -145613730905 -145386412763 -184771830638 1922814003 -181532017076 -105755319872 -195410702185 154758493 -93346011289 -113080435220 -305703495067 -87645927521 -394507083194 -598319521898 -181706549909 -247442737357 -120959866567 -211235236237 -178747863735 -418910256234 -259282623923 -158390438081 -349571762145 -269776432426 -402643281970 22327645703 -374981329761 -354304645872 -255785705603 -494875106128 -241837708518 -352508249123 -128600366925 -282651435574 -147182436208 -250976688069 -350158619114 -146460313486 -82652247226 -178571973840 -345541912649 138943816093 -370947259618 -318862822493 -296583291237 -323832662127 -248249011302 -348414013615 -54724632246 -309728425573 -53964818002 11627102973 -210401410513 -311662060172 -265903889027 -161090488788 -510219857223 -242219933499 -359705577587 -233971248574 -210126888933 1395654723904 -144711433600 -576000982400 -787352853248 965545587200 1940712802560 -4751708999232 -3897639018624 -788411201984 -2279569017984 792506695936 2401527438336 1397418723008 2108834343104 1822598013888 491421785216 -219744420736 1678818256896 -344368357376 166804310464 -40083585792 -1151198857280 -1338662888320 974139236800 106539620032 1639341568832 -1479858434176 -1638646618752 -2124645796416 -1287432474688 2265280150720 -1331966047808 -986930260864 -1130331960896 -1439648931904 -822905777472 -999721566592 -2239306275200 90410734272 622397811008 -158189849024 185414621888 3277177073280 1297885944896 596434370688 368005979904 1914642817920 982533355584 1278001763520 1548958559168 648487230464 -2479536817088 368524465728 2741686614400 -100355074112 1451975212800 1123360799296 2007039650048 1291711924608 -23579457984 306635934208 -666549813440 -715901003264 -307856127360 3605811297472 -775582033216 1090235937664 926919542464 -1899244956288 467872228416 151245108032 -368386633984 200350186880 -155118129472 -1503282316736 781166304896 -98837603712 -1022312408960 -2442886158464 1586131060416 4342460060288 -2892632415552 -18857197696 1757723312256 530548534976 146276764288 1219934075456 -1384525823808 -2681330764544 2754758437888 ]
[-56614873767 135239906435 101178186197 229879027605 -34843771466 -132210713141 238220360796 98731712309 -12395724144 233624504874 40060016517 249998414659 -177710863616 77001584514 23190801309 177148990942 42681825350 242266202540 860844171 79896742055 60995753283 123935784672 210290275888 156480389580 69209476586 -34403826817 -33181231458 94987393771 -82691525983 103463631110 -38660194925 -114583569182 -14471057045 -13352403397 95911076989 12463690684 -89437051479 196684672332 81169409826 11494449185 28484775324 99713415529 -157601805806 -64096984698 24860922910 134307465806 -11497118807 -56163291240 -91762089709 74765445352 37917601395 14754691510 104649951649 -14038140496 108412419588 159073667540 37861138766 132582357592 -84641341160 7691728323 -125522185244 1284265278 9410008353 -98061032064 6141301032 -80300926799 -154293415229 169914814548 76362327895 74180020929 -234116554726 59670028636 39371316081 44941700844 83161036853 -7112771430 39524741914 -47371752296 -78799938245 69239141525 271009567687 -98986105336 40523509576 59796514842 62964508092 59090532024 74647696062 -59776867527 118875585631 35004316791 1005639248384 -812660732800 1369926813248 -433489742464 553478536128 1924753174528 -1573208368896 1595408877824 910776528640 -1194295487616 684056730112 -2076578131072 1348245529280 1937817942016 -1350312577600 -1755780966912 -527276282880 -1515589524160 -2288898479808 -2589696214208 814420425024 -949639811776 -2191724446848 -1417243776832 -203667313408 -723110684480 122998514496 -1865326038080 2305841310720 585641511744 -401143947200 -2427734913600 -2356673501184 878712890880 -922539185088 2153322365312 1119406729344 -1888488961216 -212997525568 -1983580803456 1016147476416 829123342784 1980503539200 -438433073216 -709711094336 -1517094682368 30518442880 1337714492608 895525846784 -1710518015104 -979207490624 229820743936 -2175936206400 370239296896 -323712283328 1561189464064 585752085312 1240089656640 2205620480 2654917090496 -4026608819008 1139841126976 973788022848 2176394874432 -95542035072 2538298666496 -1536895980864 776664189440 349671611776 961511051200 2205894461184 1850162806720 122134697024 198067232384 377491352832 912866784960 -140592883392 1674541471936 -1448100068096 -855403534720 -1117356798912 -1933638216640 1366512423616 556060855488 -1351180233472 760409627776 -503749922688 6086586560 -568898305408 2110612926336 ]
[98270849371 46542649435 237363834795 52384637547 202168380829 151590026251 153989491817 157435547559 281052450050 -89584999141 32927503380 132942331378 89907878832 108916625116 154945478096 175917090091 48280367029 -78181267544 46874612301 168117884096 59747395321 -84246140305 78059667090 33167587927 -21732454882 296826404865 172638697967 100498868703 234429342860 171803207599 137740176609 119640532352 -55490390060 252366288057 233420570562 326196460341 96864682935 146031351315 -55731452613 341313693518 204661701579 85637714033 44347686508 154792234890 36354957569 296408022047 133528023570 232192283260 33608743329 311547161295 73922416540 93671312015 -56634377552 59765291150 -20069776331 -96532284976 -160243254906 165291356394 113615501616 40023044439 45133492541 2933516284 159110771687 78150036175 -26299322950 72600645214 184083634349 140299402455 154099698025 191065689796 232265391938 157963757552 -47104674657 51338861119 -8409575379 74472803236 241353908169 180609606876 74495611200 216619411352 -13947665141 177139360888 101157290763 65841330839 274626566729 297744026997 104857507960 244380189050 108784246438 118298549139 1815833420096 899833639808 1433557403200 252342333696 585560052224 -1455722088832 -3424243667520 -524389979008 1494995629056 18785772416 -1179685194944 1072124373696 -1753077532800 -918071537280 -717141275520 -224064574848 -249451798784 1753118255552 595124150976 -833768589184 -2681917712576 -1303992882752 -700773885696 622120755456 -232859867008 136308358400 -1300758637760 -1167104551424 -2300441966848 590482118528 -1231536167232 2096247451776 -1483569934336 354526185600 2289764973248 1605963977280 -2320296459328 -836549265664 -1021594356864 2883985647552 -425723360448 -1099066976896 384793661056 335504199168 321864772480 2536462839168 767158737024 -351970440640 -1427925235840 378060455232 557712797248 1800796037184 1418583159424 2362771131456 2742663735872 2273080688704 -1488521636288 2161531083200 -164285497728 -1229740134144 1108130492736 -2082115859648 -1022529151872 -74942086592 -1185400533696 -1000807645248 -415829669312 -242555853952 -1247082724096 -2593736354880 -1724070774912 -1712181523008 -265535225152 -877670324032 -1339325204800 481042762112 -421832347776 2958127171776 -1493911754304 1044746207424 -218525004992 705147262400 -1421929015680 1259841296704 -1284558943680 1794660699712 442143471744 2251839337344 -1399738353216 394325089216 ]
[-127659389750 -219148211876 -248965469114 -279936243936 -352895466892 -373002332636 -129167114483 -114180855381 -338189416356 -131924805890 -192800199629 -359397183186 -216542993511 -138818531740 -214155730736 -169244688515 -169181969909 -76057300856 -305470178963 -349191437665 -273833211148 -268402838949 -303473745164 -162275625915 -199180303655 -306479846666 -224189979235 -172769377850 -398610983328 -220457891368 -362512717476 -141202728341 -175830572497 -227958183089 -195320036492 -258164018699 -223051157511 -424892210721 -181549919098 -60604882102 -209350367645 -192341591692 -280925648952 -359765226506 -277364757982 -274688702128 -265377535781 -161445861153 -222858931454 -145500978198 -204134386634 -447626558842 -163443624010 -287616005365 -292993574049 -155228862043 -117862921446 -318418494797 -224595601961 -174461574305 -271288637440 -154724760707 -365580265493 -146643196692 -246962937293 -255046600525 -71035737471 -368666628787 -236497449105 -228180694795 -388055433435 -252061748868 -246060292480 -206691239160 -366065367514 -107984557117 -356061690171 -293643597017 -372427179995 -285735807616 -196078858986 -359558644269 -325316564847 -271589735584 -273781652740 -353260611835 -218885618401 -187665563358 -403551527917 -100575862261 -2284783737344 -891416960320 -1526715855872 425414924544 1498734946048 -1426695978816 1164251632960 -1235063421824 -296670604672 928194085632 1370364389504 -2804407898688 1017307671744 2501984307648 -998551764224 698964860992 1665570269248 707413145472 267795295872 -209903959872 1412783260864 -1338758573312 -186855381184 75859564288 385458978176 -465567122624 684025526080 228478303168 -181352246720 1227223984512 418693279744 654414577984 -230928503040 464868107712 -619332317824 435140066816 1464470810304 855672901376 -705913828416 -1688101104640 -176154948032 1731711137600 -1758685709440 1312453370624 1083953534464 -210162066624 -1252259359552 184305027776 -1109949294016 -486020315840 98771256768 -480914919872 -741913140032 1442626603584 -1204057761920 423526711168 763497207232 1672720747584 76848060480 -1548579062144 -2470529634176 1273038973888 775995694080 866434276928 605170958144 363971151808 -76401932160 -1379504384896 1008969313664 153100840256 1995627153408 1131842217984 -1397632778688 749534336704 -1762612596544 -274821078208 1220120364096 -24656211072 3162824486272 -574823457408 679164880320 174572295744 117324597056 -1163612087552 3010289145984 1198249028032 -681124697280 349165107840 -147530466688 -1158845612160 ]
[-271671028266 21615938654 61276550290 -73913216230 -263796988844 -151599966735 70804469266 -40629515583 100192254501 24967181713 -75613193768 -27446987008 -130410102048 57533880479 -43313006978 -148490421255 -109672965369 -126694015146 -747334046 31576898006 37279883503 -70041801583 -122855667036 11665410924 -67472271438 -23729051459 -5226669273 196840472495 -246699066004 -110225297171 -16028375752 -133547512798 -59230086184 38078060725 18515276140 97760364343 -103874533848 -96377599848 -152719809630 -52011931119 4140644254 -3626746590 -60230641830 -274950252124 -8664881697 -72014706246 -95413600995 -66846509526 68311616150 136518127605 78176407579 -6371840057 15989345819 128016683831 -205479327993 -309078403979 44336293842 296325581106 20189396769 24455157049 -324452178696 -87538533140 -68275914275 -123349071911 -28968275231 17658913493 -109729995118 55499028023 -64654292300 126818090141 -75124388670 86948213704 -190910285545 59950016070 4679478244 -39658506469 16375061868 -99858291545 -92616675267 117139849928 -86438388007 165034885396 30539867461 -131898250571 -129574315635 -66807270614 -209176110296 69906665438 -254963625447 -64890325226 2241729183104 443335992128 400494956864 1013538817344 -1432692551552 -390646562816 -404475473024 -1483324269184 -2399476403264 1148406111936 612800890304 132749537600 2149761817344 1968305077696 -2256187449600 1634801140032 -31719445824 2054822894464 -614352139392 -2353278266752 -899890070144 603645175488 649843629440 1703319961152 880128787776 -2063009368640 -446841683648 -644902472768 2014025446208 -1420606915200 934033854784 1933504757056 -1794424054912 -1265680980096 1266898132736 1954331295104 91263980608 -3058254981568 -1427445830656 2367770875392 516171091776 1274682278976 -919295888768 2784735799936 1376767049152 1078187998976 684035582656 706875549888 -2793649220224 -266486470336 -3467819687872 1995412774016 1568480384256 2680176260480 -1087005304896 1055036847744 -1917063927488 -536390784704 -400220508864 199608108864 -661791236928 358970137344 -776073647680 -442696066176 -1125376752128 193639314112 -295612781696 2170875290624 1213036788160 931429915264 1844098497472 -1431305883904 1640132122880 70155378176 325544290432 -466226338688 -2217127151808 1502879237760 -1742948315392 -1753735876096 607991553600 -1174613141568 788034278080 -698650513152 -598170644352 -46796235520 -1282901010048 -1827984926208 -1030857192704 -11142805760 ]
[127999841713 72817947348 -78187565536 -162666226204 -99368095418 -78812718184 23553193730 85969588827 89130809025 23795462043 100669121074 166648888213 364201275481 189236330803 108998512923 245642232734 51720719402 -60846321530 197506913718 60015163315 35681052276 -104261140265 -236627158718 -90294882471 43114046128 124935235080 -52571625025 256359507353 178776370165 -95767881524 89979555520 -117654067156 21358961526 154378477250 63195988699 180324755408 130382363702 -189760578420 18586927516 174545469622 -9613265068 73847097153 -104294206482 126064553808 239003914920 -16066179936 282685626810 68527124902 2729659520 41146273861 71593387150 210896549769 75956194191 44002578829 55399012931 -21533748443 -131180780749 354844140397 -129281551931 125704206239 200645220105 27638430440 94023732673 13658332004 -94671190169 53336429100 123556042820 202267505964 119147079000 143712098033 200293738651 111433532310 -256701666592 72118456928 145431910997 199443700085 -21228136107 122058062730 71123934019 -13148853451 96682014135 26975043051 129745425445 -97115732861 14451057629 180574671847 38722363734 330640579119 -30512842407 34577170435 314181405568 -2605464232512 -859641446208 1458433568704 555322209728 777492985216 -500030920640 -1755286704576 616782921536 2608829517632 -588762505088 4229785812672 -77060637824 1139829836928 968602108096 1165683725120 -894013374400 847520076160 1473812720832 77655704448 -3525615239424 -2135423516096 -1020419600768 217490157440 111929057792 31076307840 -1771906622080 -831174453760 -2889495368448 361951005120 1344476703616 -1490340956160 316903355520 910602638784 2283485385216 2242806408704 2582616578368 724259150336 514859892032 -452025155328 -70504959744 1037812496960 -52837944192 -1798151678720 -555270089152 55653076352 -1953218836032 -1673447595392 -2965666947264 1579271512128 -261023469504 356597409792 754965335424 1891155006208 -1659268377152 -481381730432 1438210326080 1392907442112 -304780129088 -953611048384 -1463669336128 -1756213353152 -2605457013568 2649912826432 1870252331520 88275596096 1886460913408 -612800575232 -548997027968 2355941595648 -1051680671680 -2748502871680 341018157056 -431434533888 364289916800 -229359090944 75381290048 2471133056128 -677400276416 1455626817920 -262736708544 -750480686336 910461165312 -2802633425536 1643840601600 1202479313152 -2072121274688 -991066084096 -2113363260608 -1046243351872 ]
[192959445467 45210683084 -22373450332 -60821614977 248049735122 -52284898270 -76423756087 22028357261 211073098531 -128140317179 -173289679221 -109388081323 -174574254103 -91843881567 -118911400885 -166043918657 -153140146502 -77953391936 17616238893 5420736760 -7539788042 80253232133 79868036668 90173477693 -283707513794 17350493146 -32139324595 207694050729 -24208436957 4555061726 -207003435419 -79971902432 -45756597510 -98993144550 135335760257 -25833281763 -154232949245 60738861421 -62009654152 359311342816 103627911678 73464602927 -187133667599 -966187167 79009380034 -63862778565 -233127072727 19721333202 -174540003222 -100632060153 162277617516 -125326608702 -12360113850 -278054800260 -79951452295 102942298495 -272514078948 3770795731 -58412982227 -350996592377 30551916033 124990498551 28508849989 2315081618 193576286665 -246546790503 136167298161 -388934708453 -28894233438 74520525555 -13499972962 134930076936 -28540542151 124726052047 92108766114 -41339114377 -352394834616 -47317863494 -97043069930 -103689122057 174656541804 14808375565 30128980870 -3240638319 46193481104 70325841031 11036065438 15439050840 -156555546146 -26461920854 963489683328 -969532733760 2342437221632 -1019958061376 973942224320 15332109120 -549433447552 542356768640 1087429419584 -142309243968 3847461429440 -972277625728 -2477775164928 -2927547143552 -268803826880 -781883686784 -354896708032 -2358011848832 2683063384512 1680414470784 -741192337984 -87093851264 1917310329856 -676292811200 -704439311168 -140775346432 -1746856134144 -611247580032 103853478272 2595670368064 3172238804928 855630341248 -1673486558720 -2538227379904 -3360482370944 -986436092288 -264351977152 -1648015687872 -2599607418624 995270892672 2349588707520 1319189559936 -740763936320 1123936681408 -1629046262464 680174509760 1327738558784 1238797751232 -311225906048 360803486720 -1290609456256 -1022522698496 1874164882752 1684267437888 557198941184 1142174971008 -240091049600 861129128960 1806623360256 384008873088 952951820160 208347544832 991269467456 -896332077056 -3125484959168 1072412035648 79237020928 -5306056648640 472195566528 -2347160329344 1970356351040 -1242917895872 -696067717376 789942606720 -1571196144640 2006599473984 654802920832 -939830044032 -1703904536960 -361734999808 -745107735040 1420791674304 920954547264 1110748692544 1347000379776 1308265520128 -605521158016 651985382144 -1462138580992 1554034325824 ]
[4303367180 157661388114 7156358898 201911094158 214192605918 -118745499571 74682289441 -82045096897 -35969377950 53523264880 -29697515628 38383821067 -122238279450 -58931063754 -111646413758 127773099533 -25494842551 91643632130 135398795252 -27884102349 -96448211515 70200637452 133414075629 -30433265792 -100838889720 -91919864735 -144440869319 -87361211391 -28126150609 -34041523699 169636720562 117193813001 -63497617794 78780753240 80062615400 20003648734 -5198943691 64592056485 -112171463378 -78419317353 -73303624361 -70969369911 140320975738 -27884176333 33570554023 64682528302 -62685894687 -3268967555 71118704892 -114876698107 55827779531 -93193036176 -35532946026 53356256630 99089875450 -183227384524 -137716034695 -136392619225 -85480207502 -142157379354 101891584178 61009710791 79573028439 89349909525 54266073223 85980457347 -159326759134 27662377313 -60466201728 -24377062493 -20770847573 -83586178195 -203077138339 -19948543387 92269357106 -147940838160 54487081347 9387914020 49517821193 163422624281 35393568316 167715260401 -143637531270 1133772299 93844584042 -79064074154 55890794221 58045910256 111736896666 -199011736694 1130575047552 -520945351872 -192130444544 -1279344637888 547536372864 2370900415872 -798017756928 2159760798528 -1843669364096 664115144896 -2257360673600 -615868586368 426738217216 -2124691283200 3490039925760 679909807488 -156233908992 135774956800 357569259904 -1051865198592 1299774971328 -472884898880 -539058877824 190771953792 -2355293857152 -3054515469312 1535956966656 -1345519800896 248209974272 -626186120640 -179676525568 -196794829120 1613605697600 -476924355456 -545011248512 -121104300224 -780490704320 -1980993240704 -325995219264 851306343744 -138397639488 -362885788544 1595717916352 -103196282432 -563020643584 -43561101824 -91991592000 2091058830976 880684930560 1264087392128 796211134784 899942753792 -2915080931712 -1885725123840 -1869623798720 -1659028801728 715560697152 928811434816 1095211415488 412111095616 1549566619392 465685968064 1796547475968 3098910911488 -2177081254080 -1596298559424 390193697280 -686354055360 -659875122624 531738799488 1168863057152 -1038907386944 -356635690368 -1321677409152 -927212031488 961393370624 1867102569280 -1167843257792 1213760443264 -188624156160 -542837327872 741580114368 1542642341824 865793920384 -1159222111168 717927017856 -834001800320 -252736278656 128292625408 940301344320 ]
[329860325439 136685438516 173993675973 392401378265 82375215037 250189651000 184671021813 250282198980 327884247779 257957757726 246993886274 -30414915839 103424909201 244066820174 200122058987 -15447180113 -5108050998 181215282449 50976376433 149568608308 50836551791 133267652405 285240611695 209090658616 195433363040 340452440202 290270452443 190783020577 144430673072 334248525370 153847510408 110483647567 215114756735 161653964169 136353950394 121054144990 6704779883 219764382561 164786429812 475698236467 219521353918 188875185965 304251917299 306656755538 414049933650 230468473175 121362938190 70055248856 628157905 282165328640 193960384888 165397999191 160590866481 387197352337 66873487336 241780395777 358621283401 266022320401 383888233588 165282699865 397896543597 220574677814 121890544227 458648870064 424326820078 46961285251 158639123822 199341410509 15498522680 204063343631 230722815351 261287247449 379132293005 314689215857 239761333734 216536976999 272144302546 291889063625 244054641295 85347137436 298362524419 171299284983 91279559333 408129805762 353864031351 285765245284 323750743305 386159422332 110142035067 228952354273 152825244672 689627732032 -481200915008 -2298744222592 -304768248064 1421889365760 1531590311104 1049347361984 1106114496704 -1239542151552 2256951273344 -3392797993664 -1981685971904 -490447551744 -1295758878528 1297454291264 623561124480 -9937676544 2163232925184 1745483446656 3398505671552 2106468506048 389809917120 861830777280 1289844619200 618908510720 -387908790144 502020551040 -686875606720 1598500915072 1180095826048 -2461378500736 -2007803218112 -1681349044608 -1295261468544 379619189632 394358292416 375635306752 -3013840611776 3113736469376 2824117800320 -551860598848 -1780570136576 110077211968 -1496237173760 -1292467918144 1002704321792 81017143744 -1258348776768 333699779520 -1905794880320 -2272399622528 -93548624064 -658747426048 358960769472 -2330396929088 -1109967079616 -1899472543040 -1112603187264 2275704972096 677250318144 -1103289234752 -1865501036288 -1155307962688 -3697107065280 -453022181184 914890274496 1482481988608 -1513861496704 -2223110442304 579483746944 267675065920 -349460297792 282204929536 -454746981120 -789653532800 -1171159417536 -1257240830912 136100498944 -420992765568 -765232150400 1536962508288 -1455185512576 1216440818368 1122406399488 1097598549504 1063195259392 1855224596352 1028365950336 -948799125120 ]
[-5646401780214 -347197148742 -11628843805485 11314893802579 20054165992602 1262440926032 11644763915342 -6985114546736 -3838293098040 -10298312787795 -3381174453132 -782775065162 -8595941479464 2628375613263 -2459073780236 -8937101474478 -4335764117845 8159660299817 -2165757288979 10152133472886 536560435695 7883100446427 1293005800801 3587011325105 3735137637115 2695325905292 -2309224728136 8183134458336 -7550936538109 7370974305416 4961455718951 -11894133229784 3203494679418 -15091953866981 -463184006120 559207464464 5179547140840 -13944825373274 4209241718679 3150199864409 5512820088136 -5103943486013 -448049836538 10304761684147 -4527364657514 13322090987116 24490405432 1590747329348 -8354657626299 16093726159 10504714097225 -6470699368905 1180029587915 -4596591300216 -7426847598 520977218230 -9019909047413 12545755560471 -7185298381311 -653993720962 -2812291781267 9459536815464 -823731506306 8549921443358 -10017289702828 1144690778363 -9929442792516 4936943199552 3228045306267 2628252795408 4451407871839 8186426602467 7168071487376 4292276683955 -36769979606 -2441248848915 1015656188769 -11952156916960 198360785841 11340000107235 -9285060925661 -4102773262774 11601551255762 -688762412806 -2464192775555 -7961201047565 -1804048944987 -1341780199806 -13607373268248 800428846607 -3933580349056 -1532930339392 -511519966336 -1811303670656 -511101362880 483810489792 1323674723264 -808400307840 2906981922688 -67659722048 876592947968 1843575753344 -1940312909696 3198341685440 551892550272 -395509436672 1183760962048 1937222459968 -14683919104 845404535680 713597428864 -1966481032512 1782153201344 101294458112 -174214606272 778760323648 1638797120448 754239532160 2372907670784 11703091840 974076649216 -374713296000 -593631993600 -507205148544 -647475042752 2734097889344 -176273955008 1845873440960 198104502976 -1728190691520 -2830854856768 1766138705536 1754718821056 -735424717440 676702589312 -66194324544 -1095108786944 267752042944 -595974153984 2887577714368 960301639552 2730049280128 -56860384320 -332844832000 2388703633728 -1027719987072 2553652767808 -607666922944 1095374466368 2456610347648 -1165763088448 2018254541696 321754575808 -2875401211904 118354198720 1954479701440 -903251473280 3748672572352 1844559511104 1272041693120 1935543584448 -432838555584 432506832576 -2753952711680 864596989632 1733412300480 2706674260672 -256437014272 1719327978048 2059264785984 -2910329001216 -876748736768 -590381614720 4262619179712 333970256064 -1341416275840 1974824797952 1602797142848 1431632706432 1199953535424 ]
[-5554777754961 -379478844051 -12214015666805 10958170969299 20422400729490 -547949502387 -4736090155365 13055681506901 23229058329098 -2097944516121 -104222643581 14146237477889 -842817246447 -10258580734992 -4640891739609 -12385122348358 -5424330708220 -1584050530680 -4883852218898 12571827341985 2300927734632 1644343790291 5805688773417 -5707134491960 -7492784821498 8372405983897 -1419561338549 3404266061401 1226064380535 8279649437185 -7977843705204 1008893176396 7924278998834 -4303372294012 247269045758 18216536526285 17707094988000 2440481341428 -739015432805 -5542906380361 1155674768975 -1305756065781 -8171511482550 -7642996975684 -3041240313592 -1400557368387 -1680079829517 840333329834 47992602615 -4740230651061 4789770027695 -1130936692457 1548361405014 927390000455 -9940514329237 -5084453985498 195983696949 1732808854540 6385924106325 -10043439237795 -10858978960096 9531129797608 8729753667576 -7458986396860 -1687635513225 7178912612460 -2902074450620 -2731092360039 5895759481014 -4321760542477 -573494331439 4697586762260 12473624169622 1347120750632 757638616063 773310681779 4874508107151 -5168072106077 10401482130371 -3629832429526 918003461415 -4123436340322 6112393984451 -11316753618647 4721717297801 -4254821115728 -2600164528842 4584215984804 -2324745024190 13870674901185 52488710208 -690822832256 866391581376 2416009807552 1198099915904 4152436794368 4038468772224 -2580726122112 51347055488 4348944657536 2277596916352 2653657628224 963411905600 -332422375424 3608155548224 1064681534144 1168201882560 3129875974656 -249177582784 819514587264 3311288126144 1855615448512 2290676688000 4521573267200 2395732039424 4822058861888 2916801038848 3327828968128 908278139648 1877352634624 2449764029504 1672614066624 5162462223488 1142431255680 1287486470464 1318899976512 9313607296 -787567690624 2778219717248 4066899117888 1396039734208 -590437926592 2937049823872 3159075783040 792176201472 1063597802112 5862673180608 2356386806848 208248848192 3843298799424 4657541406784 155789282176 416245017600 1205194471104 2972696105216 -862516621696 -56862180416 369789215296 2017369140544 1565563859328 2514610721856 864057743616 1895707215232 2694169644032 2931657707648 71263109120 3212672480064 1850058226368 945643236480 2070268490688 4112005566016 1527062398656 3422983041408 1720065402944 1408254930880 1433330186112 2354302622720 -445667192832 2296843882368 2140202994816 623932361216 1112976041984 585582250688 688164217152 3477584194368 837916567488 578059570880 427811506688 2644939348736 1711614684160 ]
[-11771668045327 17212733353336 4570460800502 -6501258049506 -1585577387854 2336445146023 -18654876702010 -1896358373354 6598517633910 6124419278422 12652387787200 -4289329135815 -6185467645559 1395229718720 -15261265555381 6785463760415 -1760717906938 11514763402540 -11222480569890 3189644058404 2526785476473 1468610485437 2663503209714 13869248773769 -106932020003 -1348806643260 -4303584342641 5943053211487 7619370617757 -15083740641766 2444923076446 2284038437934 6549702075869 8462303046312 8328185663334 3611529295590 -4873179653815 1993219438598 -3335246799359 -10261130471511 4442076497356 4058402411955 -8059878518026 -4761839344161 981168431332 5537366625541 -6889669735478 -1627737866720 -10850555776933 -4602184940909 7312190674081 8673817914259 2502525394282 9916342002062 -2682804075722 5891431587051 6358135755507 -1569923129201 17673958047627 -15932301316838 9486543216504 -3499880185043 -7268907807198 8460245822903 7896183293947 -1135309678527 -6912539752217 -9849081440851 -5808033775925 -3423962445360 -2885005528213 6516206822475 -9153312540384 -2043577191408 -10848426159430 -7891419287130 -9145718606589 2366957552358 6917201728434 -6631539024650 17291705085355 2591845440302 -14476490168683 6753164486322 3474770306024 -564167067430 -1920694366457 -8318509436641 5286368217484 -5050624535213 3382815054592 -117476027840 1393557558464 -100992554560 -374815799296 31341964224 12265084672 -2874223643648 991305343424 2696177539904 1121923003520 365464600064 777390828416 1700531179840 -871401282240 1257219274304 -1114995893056 1271442128192 1378379341120 -1086786908224 -571543274112 -319972569152 -3307908577024 -1154795272576 -143095928448 2016308661952 -537837738112 -67034146240 160975877504 529440897024 1570936801152 1364918325184 -2672694019456 1202682011968 -2757679509248 1019414123520 1159309798400 -294537152 -2306508992768 -1405856312256 -554097025664 1039263120832 -415847405120 1953675197312 641355954816 1964985615936 -3212905797376 -1131281090112 -676179589760 429584763264 -269922483200 -1803348513664 -1564166468160 -681252857344 2538463263744 1043164889088 -672213138304 2363669006208 16753638336 -262473714688 -3113783405504 -512430001664 1312048741696 1086731602816 1528276736256 -1273473938304 -635600722368 -1453534070016 -1823176317504 -115928244992 -798867397312 -535294721600 -1839619064128 1829198258048 327030144640 299025456448 -2986093870720 2789733780864 -1473638163584 -2401486940800 3322522514880 176131956864 287405933120 -3293465188992 2649339990336 609236606528 -2344630404800 854505779584 719364998272 1358214403008 ]
[-12268058386104 5165849736483 6263031692073 3986977928786 13890551444459 2324270108762 -1002754866902 -4353267422818 19610359081856 141376829143 16042714998300 16837222831253 6666384622005 -14196976055059 -11464044679530 1117911018893 -5357203074160 6051809229943 -7086609359273 -321702293247 -8499244761787 -12714055031654 477547502611 -10360177023448 -4224478285406 10201078996834 -7863114049014 4470905501510 2663070120009 -3574248273195 -4708625742664 8381753031320 -3681909401541 -5086732135867 8029142884432 -5182933683536 -8621557570872 -5162931872881 -6394945112952 -5725893003825 -2370382560626 7826126240193 -14336250094393 -2088575651880 -3233385302216 13183667904728 700256689058 11958354631217 291301080245 5454635753561 12019619716192 8343881446605 3441605658078 2327094508558 -878958472647 7590699758628 10342016176775 7532197411366 6449847225663 -8485613622165 -4935315906670 12175805525578 -4014463139402 6060913661068 -1852556186125 -574251661664 -3275440753127 -7820257231844 -2063097530558 -17400143034430 -1026116172893 8577239834638 -6427643029920 -3768791540951 5232932930461 -7499930531209 -12639974941318 952549868410 13487047118646 -13683575411071 11843588393281 -21397924870182 34870987932 -4118664385434 9378904296584 6917964088833 -11381636887163 -1846635944082 2406681054849 6907510084120 1354032705216 -802130152960 -687113565888 518229741120 535163903296 2012229652800 784260120832 -53470448384 -370295641280 2652749629696 541506372800 -338892028544 -1862243719872 660429446336 -1462208994880 433817125056 3194448439296 1759318936000 763986485568 260459232960 90945510208 3783280294144 -2249332875776 -229739928576 1891292270592 467823860416 491952205952 -1670490533056 -1547311491968 -672286608192 2363051842112 967336785472 -529808134656 -1125296801792 300683627072 136485688000 -1268520486720 -1521220984768 -2144479718656 -2394024234496 286003106944 3541732628736 -1910658233920 345977845824 3773962454656 817783906688 -1040651494848 2536547631296 -2173720691264 -213268547776 644593938944 2356513884544 -1456186955392 -14223074880 1460754260928 250762537280 234703200768 -1081247466112 -125362331200 414884153856 -867790442112 1744526861248 -373624798016 -520812617344 -196447805120 -1577839536256 299968341760 982283355264 -1656109843008 1393970681856 945514651200 -2163815952128 -890837570240 -497739221184 459697603136 -343517081088 62245651264 -499678410752 1700469241536 -1061365388992 307023607104 3237079445760 929890686720 -1756183816320 922149501184 -242397496768 -2014343029824 1734312202496 3695786130496 -1665343723200 ]
[16975026333654 9571673124133 3533028990103 -8414750774351 -35168547127388 -4391516676707 5860913646867 -4480754930383 -22717413708382 7496654320690 -5173049936375 -8545582128455 -7609131313704 12446993466270 7891057103303 12770474123864 2711657344334 -12413678789330 2539551337761 -11898180783912 5799061871508 7417315653138 1892786435882 -7036067621052 -950608024709 -5665900718184 11435327628035 -9373241849427 -3027022525806 -1468486302299 -4101324134778 557855918206 -11765679324447 2822872826465 -10240476468995 8180071839348 -825409472562 -4999270752409 6933154732625 -10198729998067 7584176934136 -10189646071361 1975823233184 -10472987581280 1068724441181 -2306124070559 5598876373780 -11549033454451 6979466663356 -6027323067463 5344005922364 151372925208 613677715834 12274578093372 -4934988017354 -4727682632688 3484494985538 -5209453318727 -3331086414587 -3927358215956 1337901097334 -6474915406109 -13256266947295 -9302014260809 10970591647973 -8014418398981 11193480961229 13164291738647 1935310407392 20170569719726 5848764097932 -5406179437999 861039844739 -1414583595122 -5762728968157 628196932933 3943400925097 10559458186716 -8879208374191 -3773780853834 -4651192114489 7769480328675 -8243388658974 15686239965740 9760291667728 -307892401968 761774600841 -517881032082 8828956665765 -11839344811225 4803175643904 -1778590996800 -430781708288 1097585334400 -1755502507776 -169496987904 -146291387968 -1583903523392 -1057566459712 -1016493801664 669843060864 -1484535955264 1571414347648 -135919414784 361972800192 368301836736 -2218737817344 -3851383041472 916188062656 840657332672 714971879104 -70490325376 -621496207232 2544597037184 -2418137357760 151108082944 -863089148096 724147780096 475807645056 -1380511023488 -984317660608 2015195878784 -3053140581952 -3374924488448 16677341184 -131754936000 326146358528 -1059056368384 -437770559232 7508718144 523365121216 330974510592 -280403660672 -383507259968 -708924755520 2001745183616 -166169442560 -1251299904384 -1923773502464 -1103327475008 -2634982909696 -489278047616 -26432366912 -442943700352 2334542352832 -2759501572160 -2489784755776 -1502174636608 1873060596160 -3010250460160 -1044229303104 1619846475392 779105584000 72202705728 519177239104 -868017944768 859891682176 -1868193928640 -1841098555648 -2350057827648 -2661776721728 1497272070912 -541473024640 -1361259708992 -1078701173248 1504486370624 -1427563586304 257842103360 -2679748341248 -1117202680768 895736331008 -950993366080 1433455794816 1578006962432 -922591338560 1504520747456 -474363443328 -1822457270848 308261217024 1077664765440 ]
[-6185577179294 11178910578784 8705071326811 -675752958036 2421648203595 -846119452564 -7455517134923 4206614364826 12862427954990 -11431521740412 11062536698103 -4158716325638 2303302366566 -6704909025153 -17656385867193 2297226270213 -9556572531633 -4849057453249 -8710119196578 -3265370427084 8456524158228 12450333699448 -5899379334018 17014995704967 8342280900873 6691117618168 -15155371571265 -4544502125 11073834856093 -9140568929549 -3311339578331 6360493631555 3179562437469 11396768366391 4930074442474 -13193186532486 -1780484740241 1452786451366 -899836437128 20267029995709 8687190368033 -1388783492295 -290850528472 -4107329694194 8073373700091 2641379080993 -6286972791109 630733114487 -4310224337848 -8343588066351 -241336441039 1477647121241 3446772654706 3979959043364 4641437305269 10087297628124 19277705045667 -3890331312555 3548180348199 3905717751798 411988371606 -237069991010 4930513036761 4279350855772 1293461265903 -10148212758350 4208992321042 -14177964642143 8113745132827 -13434316226820 689148052765 15063568578443 -17018841789898 1276461463875 -3654140210038 1546147133576 -11811842754359 5319676924968 5920226978353 -15400078214392 1411826715499 -11125729624542 -5131698321142 -2666929984229 -10912996969963 5943028459037 -12478985061706 -13753316976252 6505259048752 -4399627533357 -95166262528 -424830334720 -878561628800 -1259397156800 937422158528 1896376714048 -2440171541568 -3560363892736 1242615257024 -404038888256 1070315319360 -169994406976 -1094018977344 -369741980544 -1810817103232 1998568915072 -114213266816 1658598255552 1137465212928 490252411072 -5488934845632 -1985278715584 -2238125913408 -757880195008 -1890370146304 -1794950032000 -3518107908160 160972953408 237674221120 -282637185536 2204930453632 706285982912 -35149729280 3005089148416 1945335003072 -1004132871744 -633196510016 -1679917020288 398316300928 -2792730873408 349821753408 -2933372963200 765028688512 -1880664542016 1573474392704 -817110775744 -602814337216 -609108471040 -2743939324480 73706645120 -138535053632 231454221312 -791269006592 -19851485952 1182308808320 -282221824000 -4075344290624 -1577911689792 169786943168 -957761666112 -974922590976 -3023794808768 432844882368 296094300736 1303886204672 1758588365824 -1193612467648 933789360576 -1592806905472 -742881302080 -1764347940864 -2155063787392 -476475030400 -175806380352 2006424589184 721706752064 -291935598080 -984910930368 -2300784286528 -1182176732032 71959828224 40349177408 -1881772259584 182990660864 -390386264832 -363815236736 -2477279096384 -1209330217664 -671670466496 -411343605120 ]
[256170699262 3332878202285 1276414253126 5164288295217 6349555023140 3344866818290 -1761631752614 -16317514661898 -4838738565766 1548608222644 -11848067646514 9861813664732 -5789592661840 -2599293426461 -4290069010428 -4485392344503 -4172857402348 1027586513056 5451118158111 13730405868031 885117208239 -11446456226573 -7214610096897 378574906800 -778481555775 -11497109418269 12658049560336 -4407235428387 -4155304454426 5299105445222 -5848975079806 -6000268923453 1615723972338 895027516220 -5482223523012 23513550022561 16719791115399 -2736848331365 7985288775973 -12166791847919 -826701203280 1442791958353 6566021420272 -4533499274720 -12231191520035 -11848616848034 -7368718961873 -10294724491971 2345911176396 2892684308997 391138707392 -2060192554797 5145784462433 2433325992817 -12940955990499 -3662731275282 -11767714721812 15561427280621 -9379172168670 -773067763582 8025345736958 -14136741354171 1462902753122 -5195983607309 -3699699675763 7475753325730 3546806090234 8464578005992 -24723416560 12211004184802 5819187974968 -14362772875753 8302222798898 -5412417108643 9408218814538 -7571812065521 7194522889285 3977508097583 2424162267169 8381310320504 -7692915446377 26154923126551 14119382197301 11712052397539 10111214344755 -12172675070998 6616638745250 9635694750572 -4588674717999 4956100187023 -544439229184 1195772701056 -1114140686144 788010570176 710019683328 2241736678016 -1331491260800 694218288512 767942420800 492194675392 -957056767872 -3004375334464 938848429952 974907337664 3585194295808 1127779387584 243691758912 5471809950912 1209706179008 -1330400648448 2055679931264 -700556863680 118666928704 3408764709184 -37494089856 2756165777536 -323298217216 80898446656 -2049746569728 3931490767296 3386091202560 1648355017472 598438861952 404871036800 739424384064 1127973230656 3377158013696 2052808838848 -730472490688 2129575290368 1297647470720 3172113749888 814294347008 -369866183424 -1585847715200 -368012888000 3274313087296 109941535616 4747316848192 2444826729472 -1331086976448 2660642935680 1988341674880 3789950659008 2532469192768 2060501336576 2433061251200 2079254626688 348815562944 4030893641152 -1874479729280 230669003712 2577279560064 4506258569152 1556706358336 1079540514752 1049529227584 -2480329378432 561636315328 1230371293696 4505225872896 2510495700672 1579811139072 3173734247680 -609612110720 3841768794048 2875877236864 914398576320 1155376133440 2471146432960 2995675691072 -1126969060800 1982839813760 2622181953152 1079152525248 2175058186112 1630870454208 2382861006144 -2270931276224 988327522368 ]
[-10503690603434 10129093580 -5729442201198 2794639562191 15847289579143 1306278225080 2047884194462 -18169548600700 -5277531604780 6717824764073 -6956960341210 -14410399659088 -4020476508991 6066035992022 -5095378187082 17592883085552 4452930342382 4932238166723 10657306524055 4214263367890 -3492897968318 -13179741775026 8160173588650 -11002524809289 5422750959402 -13295093179438 12843925761613 -675875899144 -4821449538806 406664859961 -6068447619077 7007171773561 -11241873215608 -1477880233097 -6641768707531 11578120113296 -8511028877798 -9975385531175 -4635949403757 -15770018316049 -11081612857103 5735878602957 10804251335807 -2439987822650 -3570422477334 3861030779544 -154172973548 -3067332941669 -9990635380232 9698868317273 7302425427394 -1446782064565 3029039815072 10113534354115 -12712697892062 9529587020003 -8479855219012 -107902808435 -4277183041539 -7040675409341 12383670856499 -3536851456952 -16039847117371 -4471935842728 -6180624988018 7022470990403 1438486711845 8152369891331 9363495826589 10466677874970 -424652081939 -1043251111647 7298432772805 -3621336129857 -5174547946781 3095251915560 -1183520456853 -1464577317061 6757563608824 -791510027255 122185506446 20543087046479 -1524966334292 10058529311448 14308797269014 2150577538930 -5368414930716 -8012707111072 -649677395630 -5460257018879 -542651599936 233103997120 -162949372928 2045195535168 -3517706612352 233407597248 -760913214592 -2013130243776 -275469795904 683233030208 -1653239708224 -3428379451584 -2468663933696 791082808832 -1028912110016 126262898432 -1336683391488 -615612571136 -1510609596864 -3162149525056 4700400192 -1914652158336 2852149983488 2211780541248 469915326272 1215210351872 208676293568 -735241113216 -3040374653504 -993073836352 741674189760 -466973786432 881318822272 1115208492928 -2374952891904 -928330940736 -562263131200 1195797940800 -2144620460416 -689144783488 -1041312211904 -257828327040 -5079354144768 -1625287945408 -2576249209088 1777961952512 1045761169088 -1532419094464 626947743104 20766160512 -701858701760 -2126432854336 233706235648 -716264593152 1895360068736 3390190918528 780997539072 1635050690752 -1334387192832 808255317504 570129985152 -1235647462144 935328059392 1238878501120 1230691843136 -247871403456 -2027658773120 -1665536895872 463389367808 -709481008640 -2652663383360 84438049600 -646638387584 981495446016 -1955459053760 -1840522357760 -3190416410176 1475973005824 -5058810056128 665728447104 1020341257408 -2156258422976 936580698496 -1428120447616 806313291072 -2345929980608 1844832951168 -1720680675712 957189993664 -922052215680 ]
[-8198734314994 5906812114909 12348630109002 -3869221063590 4433742029242 1451843581869 6252978732305 5889048261680 4261783792439 5141761784289 -10801662410999 3383717839277 23079244114372 -15445298041563 14641594572269 -15807366698774 11736571879922 6913054767382 -6631903496914 7997327430059 -3188777557103 -9749512861838 -3315527131259 -6546158912308 2024517146875 -3197328103614 -6431020893616 10451120083972 11683181180386 -3213986171504 17876206938932 -7335403086266 6903225569124 -14416260536739 5148658209898 -5422841785362 -2711301190050 298268760714 -15041703160716 1515276331505 -6533225227288 7277457163962 -14010467085756 6738534192982 -1943848429800 5363045055241 1412053109182 4008303254876 14971696527409 22116227838378 -7204413444615 10253620047335 -11153698048989 -6736648785244 7542592311562 -2294435219316 -4066864957864 -4384561808416 -1994630262892 7221735872179 21259485373 8951966562302 2833476953040 3619405975033 -14383583858956 -6139407973417 -3856553519440 -7844699487713 -19917633164795 -14911874547503 4132700043114 -1757207209889 -5090403776185 1783022124320 13362142838276 -1732670057639 1030108070134 -4509050184431 16538991468 10628308980860 -855663995004 -17909465120745 11532229695825 -8078401722895 2085055023235 -482627789411 5503285328340 6596246077230 1333876365190 15707617006419 -908672782784 1162096205312 -664639963840 301187756480 2134018029248 98285244928 599833951936 1538059755456 1475498065664 2358748148608 3553227298368 2047092365376 1940319454912 -399045794112 2760896192576 3281967951680 1155460989696 1581916847872 -11995128704 -313859822528 -1712010112128 85597126016 2512749896960 1251109444928 3983716291392 169297560384 812268788160 -192098542784 54153649280 2410839947200 1387312862464 -1666646839424 2367235192768 1625781843072 324364405440 1388868364096 -2991926425024 -635501177728 -254205915840 2088351539904 1091616168512 -881648078144 1894047047040 776376206656 1402518118912 510807555136 3372715621568 1500095503040 1334530979264 4262922947392 240871470784 -646203600640 1395804888960 4933114969536 -486304098240 1651276711616 541314120832 4309149320576 2855814666368 974083945792 2251503514240 823489446272 -3022837177600 1020534621120 2773514232320 979022771648 2183739765120 -1060416226816 290346586112 -544412867200 1050547821632 2491768366464 435978178048 1882547809280 910088936576 618430424576 23882747200 -1820640074560 2005362014144 1674711837184 -691895275456 2485604297088 -344813158464 309673727808 3656831981888 -1442599015552 -390992523136 2158857116992 -2768300687360 2163661370176 ]
[-4052406546604 12513229325710 1581065838856 15812483409442 4600400570244 4810060764999 -8133816208592 8857251793615 12607237774192 6003284103512 -17262510435563 2049233590 4445084920274 -15155932321285 -6279149471077 -15174255698993 5312984049233 16945546960536 -14333933043692 7959703798686 8503537720038 15625001780194 6113718040562 10632646690840 -3175891811776 1769680707894 -2836184507358 7163327921930 19439436285695 -14905175234499 8709806458863 -3463613089695 12529983915530 -6555311427230 9804573271294 6578627549451 397178208837 -2302412523233 7452684074315 -9637441770335 4316751363746 -2070121721052 -231170615943 -3799701668063 1833593488394 3462092937365 987379829149 -3813554589103 -14428844375667 -6836156617520 -9162431766798 -2238177257213 -1151614526924 -3412178958193 -6674631152293 -3894875465145 -1238697246785 805082383486 6619283061760 -16014439747809 -8755962057813 10729365748383 -1229290748515 10160651282792 5799856993382 -10946044065624 -20014308053979 -2379453160969 -16066922016027 1516378861718 -3298853377540 11003644641152 -2462617303712 -3002470703288 -10260078118182 3205034854584 10023175666784 -9101527578379 -347690132407 20566742588114 -2563302904277 4992854116950 -2353914700452 -2133892985407 430754568304 -4348383404922 8580279420820 10087307993448 -15237200295707 12437911449971 1849582902400 136899359296 -704694860288 1203922792640 -618110949824 1527537701056 -1207062575488 1475301113792 3787354509696 1423014028160 -269078261952 1341552781440 680270771584 4200987292480 1649322923136 -62788509504 2074771298240 -914427364288 553984167296 602977366528 610937906880 -570638765184 57316486400 1037093562112 1371810583936 -1987191406592 1791741705984 1834305960128 1295711369088 -1287357265536 -507025507840 -399834472384 272830296128 4232725214272 974688591104 2137000468032 1441365772480 3209175669952 2560788515840 -3674571744000 407983519424 -82608987648 353370526080 1166258184384 1461556461952 -3168352556032 -815865009472 -1792090173824 260136797888 -1203358415872 -1073846637376 486972041216 2865916321344 2007098396096 -1648637612608 2136192820544 636297068736 138812753536 -38521871040 429136434304 881541323520 834377337216 1058326505600 566059653120 703477679744 616896350144 -922376683840 3656698494144 1454745405568 888584952960 -99451787072 2117432690304 549149658496 4256987259584 992331181312 346043171392 955315264384 1639023224640 3348183436544 2595879848064 947103097536 323031675200 3094731675200 486103337408 -519970139456 744410725760 1239853082240 -185908543360 -3272206261632 1315235892032 ]
[-13798402918482 4624890203898 1605123676898 3640516732628 9969844630863 -2846499946751 -2573944683349 -3361319776918 -6017854556541 -5981243579684 -3881585212635 -8379640159448 4813756661047 3012292785465 11306790482211 -516666332973 8493658539049 4895230473822 3646794237028 -2534869083704 414765927171 -11579176959577 7644691763028 -2731936063175 14429707887421 10556701383802 -6086007649128 9801759745272 -6665342917308 4615854039812 -4856373872076 4028920613953 -8951817443501 -4662318074873 -1170355449573 -16152452077858 -3257354575690 -1242644640327 -4092847906541 10499094340031 -17005349470132 3322541236802 -5292892097483 8817879649386 4436045304282 3703241287321 2872882925904 13443933867358 -21555011032207 13896378495324 -11452245421612 15749233578206 -9047312367308 -10112135462878 6436554697049 18779308019049 6878056305996 -15324093155234 -6812455808911 3369312836501 -6669899818556 5483989782110 -3127465239358 242728043391 -3309912577229 1407365514833 -11858850460095 1718958036654 -1357103630069 -6941802559900 -5730091837051 26542008329619 -11822863339176 2393736627785 -3618220307111 4296246648500 -422401637617 753336286807 -2307241849833 -8944475185541 -3030288352480 -1275731399809 913477210339 -5316508170517 874810974871 21364937188040 -4229999019392 -6399751713097 9190855701998 -413951514056 -991150555520 -1451274301504 -1583587973888 -2535047518592 266878714112 747757333120 -17321338112 -2685050589504 -845361789056 364506622208 1453355852672 -969297987328 -652772726272 -1926341680256 1806795246848 -1605709830592 2416526190528 554494513472 3139388624448 -390328626048 393749082240 -1976819303360 344542011200 -1166672330624 18327199104 -1804656581632 -1501143507392 -1696700688640 2036480049600 -3127714081152 1119165554112 -4022248103616 -1919219016896 -536278712960 -2257037796416 -858895378304 1755393561728 -4512835285056 -4140031706880 1070944581440 -797765062144 -444038340352 1495797794880 3094125149632 -995556015488 -1898216472576 -2385174802880 -951567446720 1028350722688 -3196423391872 690779477824 947476933888 -3060085895040 38625273152 -78458125184 -3959495940288 -2920130077504 -837620667392 1248381204736 -289331798016 -2669608969344 -1616039098368 630945109312 -2269720013184 982830010304 -2828314331328 -1586304365312 119207399808 815994557376 -835390220544 -1146407518144 -3384906726528 2346717616128 -471016700864 -326522437632 -1815095264832 -2428141505792 -1507095866112 1551558654912 -2741674624128 217162403584 1253497483392 -3545297771584 -99154510080 -1375160730368 -786243985472 -1700722843200 -1876754763200 -1323090646336 -1071179153216 ]
[-10641898875880 -11079200071282 3430817289160 10954726936339 17655279471403 -1293091445683 2026244708739 -16419674719660 9561682898007 -1856084751303 16208197044646 -1294567733709 3699343276660 9788254644871 -16293816995030 10149492245107 -7437320721185 -1089157674135 5224948895042 1088971478189 7596470451309 11677981571026 -15590717238179 4719576373077 -1167957869848 9733205017398 -14110654825545 -8456246147014 -1863579365685 -9285667272101 3188580921264 1814448414829 -6409683082723 -12738666603115 13252017706158 -14838190446985 -12513638551461 1638367389861 -6206922924232 12659753494578 6371929737914 2379045759682 16044499238836 420834926997 -10132765970878 7878317319251 -4275503941893 2387132024633 -11060952261415 6962039880755 15798672590993 -12013914968298 9962942469793 -2339990036055 5511039052584 13740988038440 -2677546937034 8041782584618 3868999801436 4919750423283 15206824078433 2136619169370 -12786191950439 10451657227366 -11036115246567 -3827446989806 952390620711 -6644887110713 -4070327036464 -4220335294562 -14431508775226 -6239649834325 6406464508784 6311020531312 -3566414858396 -9034049474080 -6717309926072 -7197439707176 603419938338 3970314993147 -1820813439158 -7025038760946 -5064754418025 211525713517 -8932282623020 -4593086156630 -18039637960222 -9450563388967 -8814741221570 -9580126482023 -1107346150784 -1604209953216 -3679207033536 -1237431553728 -880136570816 -3728989065024 -750139903552 -884999916736 -999426060224 -2019268558784 -656423331712 686467257280 -2297858259136 2400575760320 -112947095488 1401944841088 457529465024 150094425664 915751248960 -1559655575168 -617565070656 714092041792 -2381190527424 -920921643776 48037976064 -1105273594560 385439386432 492686951040 207685301120 -2628274776320 -1029804391168 -1280394656960 -1416840727104 -3826577777728 -3146823092480 -186904208640 -955430846848 328813581568 -3025345282560 -420237573376 -1236995769600 -3768738494400 -2541745284224 -308169103552 -1333431911616 -1008265012992 -2770363798784 -585843757440 -1652521000576 -811257303680 -3520670270592 -1987947823616 857155270720 -2701286775872 1694749288192 -4048451797440 468347962432 -1103699048640 59538350528 -2345062266048 -3355568383744 -329965983424 52725466816 -3000876527424 -455123692800 -555663184320 -3268979662080 628423873856 -3409448022592 -617182253376 -3926250491520 -3047620626944 -2791628001280 -3121195430592 -246453249792 -2499098931200 -4372110276736 521263100928 -865483518400 -57259293440 2601118280960 -1654093517120 -3750187596096 910379897600 -4250373981312 -943802520960 1985872639168 -2091316507904 -313287329472 -3022797676032 ]
[4818855725266 11135718836097 -2573716357709 -9662366918458 -12913112413564 1752793606575 -1145952329695 -13377165159674 -17295232126596 -3781845638896 3066115695057 -10822839695463 -12482238924919 -2748909989578 10583186797200 -1057745161146 -11452447494612 -4179785157965 -11659698092281 5298614272580 -13772824093809 -11978948070122 -1252012583703 7074802795087 -2996385272535 -11527456058501 -644407602000 419995430647 -1580187489889 21459691399432 -7255347929133 -3805120032673 6201821354305 883157046500 -8620634187795 16654669189547 15199874598269 -2429437598320 14405017185090 -5865672564747 16101781889513 -8747497679802 -4021175689067 -3138755496643 720328215611 487830845700 -12082653690374 -3058257334313 12455753929227 -1013118036388 -1891609769780 1266318627505 2471860574824 -805256864815 -12894225927437 -8371360469660 -1974009584720 14999561186854 -4380892577813 8088822956881 -14959895219925 -11181569183017 7983102711479 315517720590 1873183677914 9067111298902 -3426089660395 4526365814231 3193049882144 1748552863222 3503115396659 -839871595115 -729040639873 5009877677009 8762853646849 -12052801368264 1298516035122 6421973559060 -5533059948294 9813133586002 -1801894376548 5863874360836 -495484455317 -365292647064 1062852147488 -8972635586720 18509785290358 7042587443482 6006803724591 -4275173380971 -2213253119360 -2210849167680 -2138017672512 3357148951232 662180033344 -1653005104448 -56734973632 -168124340352 1434333764416 -739659426048 553004672128 1928583077632 -1593676462336 -84507533248 -1142510196096 344055878144 -1634956157760 -2518986980544 -372890263424 842994664320 -1879374432064 -4218292001536 894522714816 -2081403518208 337254961856 675168797440 -79060371648 -19512013632 -1877858951808 -829633787264 -2221721012352 1287307276416 617809881088 -2822072360640 1586949091072 110082351104 -3041935328896 2189335988672 861071661888 1788255670720 -1039927021120 1589502955648 73257079424 -1647906846208 -1621285144832 -1675008340224 2392840575296 -2657824255488 -1358053713472 1754084961216 277669362880 -647026809024 1237219253312 1230928228672 -506088493248 -1318064230528 -936176724480 172239648960 -369088833088 -1083898607232 -998686961280 5454635392 -1897975821184 -1237577869504 1395352948480 2461101590720 3717668548032 1856639076224 2397455359616 -3481054302080 -1704334919232 442759508672 2716685016832 -2544923476544 -297019700608 579028231168 380920278592 379715905216 -2650635726592 2999394217024 -3162705102272 240230607680 1316577975040 -258711789760 1561234281152 -1678815041088 -866390640704 -1398295351488 -586807406400 658400979200 ]
[-4395000402500 5154314165806 9201324107996 -12331982463855 -5500940064555 5339185800315 -7399525413346 1956918936208 6950391262820 3905928111529 1397241260886 -5800533344241 -6396856641266 -7896712437527 -140442082658 -10164073329166 6496729747081 3410885792996 -6274877603770 2217679538195 -7603782721726 -3109683178647 -2300261046171 15156365371009 10500964350084 -5629406436882 9063667228449 -9176966918178 13572101248052 -5367610170464 20362042664032 -15599980367728 14827060415124 -280107190326 883323879807 7850140641418 -3796990509744 -11189798235687 -2351051963837 4484224235495 6501692690164 1135027778218 -1390856511451 2042166417757 13075063719911 15949569710123 -12252147058980 -4415195878820 17707293964260 -7659931389509 2891816173736 1485733934324 -3192879205198 -9234869487250 -9749516426876 -6280040778067 -1744327230456 6958857747506 7734635976988 9413852568633 11383270690681 -5016522986514 16245823762864 7769865962274 -5796096790711 -3129999250481 -4994545336262 -72772152729 592800626499 -14094808468929 -2197490182304 -14872874211422 -8391627700443 949740192355 5838842548655 -1638018517918 -5678273977693 6873595288738 -2110159423083 7466096622619 3079383647438 4429732477174 7252832405318 -1475958146691 -19746949575470 -22378774109216 7335844683538 4358249286389 -9435840090259 5661168461597 -798735652672 -564937876096 -779068510336 -1999105066688 -865911113920 -1433913813632 -1899973206912 -1004788604032 1428602151488 -963815961408 -779385036928 460767968704 76707982336 -3330146613184 -4331103753472 1910248174144 -672440033728 -2391690767552 -4811279324288 -646399101440 -114925383040 -260601495232 -2132043932608 -4210660415936 -568000819008 -1217453125056 -470085794560 -507917109440 1977435006144 -3201991065408 -3249786442496 518317573952 1930834518976 1135317775872 -995003714688 -2616717930944 -2202538912640 -3203598666176 -495206947456 1344364269824 -3449195803520 730280881344 -2405303948416 -2871136369408 -1655314437248 1149168453568 157443042560 -244285108608 -660258803328 -545074609728 -656631331456 896428743296 -4619335697152 -2184279466112 -379084925888 -125661829632 504418514304 -586184617152 -827984169216 -212639316992 -399675175360 -342541088384 -1228318150976 -738614240896 -3859564570048 -1285352686336 495759959616 -26733716416 -1087487189568 -1988011204288 -2549097574400 -260255394368 -1467462057792 -1276251101760 -1271495878144 -338444198144 -2063057804480 -629847709632 937992449344 -2783984788032 -44614079168 -1377176194304 -3052422822784 -3308473922816 -3960734157952 -1636767656576 -1738590356224 37983073920 959411901952 228568321856 ]
[12151348041588 263131013448 6402009670433 -18355072672210 -9309493660880 8155869794857 -2250531303589 2450562089371 -10357816423553 1429650583513 15428285665280 -20461881767176 -5777354140746 13836122846961 1399146454284 16882503913390 -6404286639680 -238027394638 -14935550612094 -7778953716008 -4175679285012 13285862683841 -1563059457286 14126545149344 10754025287319 -15542484622681 -4343623466601 12632347121239 215700120228 199889494882 -3434141049796 377661747096 454878838119 15377564126433 -3898952940938 -7194460967275 -10559736301488 6382152040573 1791967695359 -2468426244610 882015588982 -6214212002380 2242723180652 8255523331416 6207510250298 -8087682640354 -14941531209018 1615417011580 2549265935040 -9168267841296 -4525542324311 -1233766569977 14222224223168 9600018206697 2290788756102 -11516213055853 9639989049514 -5340832501747 8006069668984 -5103222655572 7157194915586 -7328162930007 -14424477399562 825209136819 13133416295303 -14860668849710 5914003235580 -13838428359805 15290703696023 -2274770144175 -4469491206729 -2663029168145 -10367693383671 7942523213165 -1281164404864 -1857708855614 3397060722024 432105988477 -10063629703193 -7289538345723 14361934215149 -14046493329721 -13670583643178 5092762351212 -5834786596396 6818180533501 -3550472153364 -19946652599982 15891113904870 -8056292773618 219639581184 -2369738755840 -1292815187264 -1870362911936 836791157440 -728045936576 -1304518381696 -1313339756224 -2906888251136 -3618103761536 -1959405252480 2038286406400 -1023962162688 -499107478208 -737641717120 1707879110272 -1871486175168 -2685735009344 310399635904 -1288963541888 -124162452416 1472046984704 -1361901592000 -1373285416192 -2532030494784 -689683245056 972759706112 -1513745253376 656095375104 -2265134457920 -1523979277760 2188798795904 -2024439087744 -2068797168384 342873544896 -1382597829888 -1201888600320 -3168721863744 939228068096 -247942194752 -1465721834368 -548750952576 -1489100393664 -116340177408 -2269928087424 1981145879296 -3564327222912 -588768676672 -2234931629824 772057480192 -1578461867392 -579754301568 -1384921210496 -2756183668544 -2116772782848 -4199227217344 -3072664472000 -839294713408 -379614446720 -5201857067584 -1552494847168 -2397543292416 -3555303902784 -1827612215680 -654272752384 -2015466784256 -1162059407104 1770669334016 -1064128231296 -1921259434176 -3530477299712 -4857582244288 539734034240 -1299065430848 -3632193344 -2187397482176 -2680006863552 615855640256 -348435269824 -3279626666048 2192982963520 -2436251845120 -786744117888 -5389133614336 -543727008832 -1079485560000 -347896459648 -2125952875904 -448413685888 -3594682820992 ]
[8645483887078 -4698484822194 4420081768350 -6443823557305 3418094613990 5159262494795 4298005747428 -3705618271033 -16977076322924 -1838148847075 -5409042093588 1222142711103 978023324374 8893436938149 14615211886896 -1705793658743 6440276893946 228354218862 -2860902677967 10421237519514 -1333872795520 5032022556476 -12801058262625 7484604125425 4264238602300 -24276536306817 -5292755865444 8895684165851 -5942393269065 -1902115444333 10215992158920 -4630631122882 9031693651827 -7075437607608 2067764323485 3598714836230 -16557673559578 14783255223867 -5209659916616 -7500309769005 -6884429361680 13276979205200 8895490513742 16352929172318 -2804939505690 -13001424101255 -5903730543794 -9314693475489 11918211069900 15659981779795 -8719501673882 3776396946398 -7245337677255 -2624312920234 7553690328402 -5983972493810 -19758429437318 6095099786365 4498137054647 -2568221151799 7345804310335 -13319666450622 -68206192091 33038896727 -767389219329 -10235314978726 -6535105988464 -7562335393435 -5031192659353 6369256097280 12300042913501 -25187777860446 -4848118838282 2787531495096 16937523829749 10851355708230 14352905339154 -6633547633520 -14792143620485 25751899520008 3387098026840 2241074571395 -6291798555909 695128818031 -13081613273932 -4338735534164 12100809079791 -12457512020612 -2991670399139 -2715817882642 -2483172242432 2743277906560 -2379329333120 789832857408 -1952163833088 -603018831040 -3403288014784 1759875836032 1172810949376 139079556672 -817814030400 324990999552 -594137330432 1444593561664 -3009823031744 1866337547968 -2728877310848 1281875622464 -850215706752 2272637085312 936244506496 2778347318784 -225613682240 -1033195584640 332256478400 1426545718080 590212865984 -925696829312 674191023168 1759872408128 -1830506925248 -2666539955328 -34098650112 -519866245376 1142449114496 1403874199872 1966708866560 1476867977344 1093607890112 -1345649361216 -1184111901120 520026593024 1477623132352 820081366912 981180303360 -216658249664 94403897792 258369300800 -2002919881600 2543457209600 -2003509000576 -3542824280512 -14894046656 -1484895267776 929583718784 2689890421504 1888495332096 956521836736 -740911434048 3599280394432 -3281423101056 1122003421632 -230805819840 1345034390784 1057617222976 2231179867392 -333255542272 -1278817130880 606921927104 767258544704 2044148515264 3295273561920 -1116930871680 428192776704 -144574993344 2547498394304 759608775936 -897832703680 703318160832 2807358982080 -89394997696 -180833158592 995762596928 -1531635440256 2759807210176 447761866752 111710415936 2406725210624 -651030584256 -524828913408 ]
[13262151652405 -7457504909292 4325713963998 20957805015699 1256650286534 -4112751523798 -8495797031872 -895723413317 -8149898232516 -4281010724326 -14256601169534 -5924501531858 1047258001790 -1738228421786 34060419070019 -11150612507207 8351008386371 -6940883226688 -166702831094 2902755785246 11826914092141 6318940699382 -10940964083842 7779052245046 4558490782523 -9271503899714 -5978926509395 14799229626853 -10497460724652 8314383595242 1962777909981 -8796541529501 1202505269566 -10864173120693 3646521002013 -8908802687045 9046061464272 -2711805606381 -9879227383258 10247679088893 -196630751381 -6607086771652 13229447751860 5340258726291 -7339351932441 1323082615068 7420643555666 -2202150083764 -5719029778060 27004328111866 -9811951062671 6095197568246 -9618242674981 -11305283954238 19171681209052 5179194672800 -13820997081154 -1902721585979 -2864763104127 356147243306 -6098944694051 -4552924018363 3504619286229 1838211189490 -11290005291586 -3121992195524 -11845332532279 -5343636406727 -12247872937888 3566385228099 133375410626 1059685126790 2533991680066 7117292027242 7631855372073 8667364633610 12062927017459 -1419243814998 -13706422460853 23934316579904 -5029698983108 -6480902575606 -589869785202 496819303537 -6459164353506 2200985847550 7415381316318 -2858517144027 -5614840570768 -4400182788014 -507325591808 -214110010560 130058354112 -676698259072 328525594880 -2142184892992 -2902377944896 3550829232896 1297555865408 -3724926841408 -446430795136 -23340643776 1369853255360 1404733404672 2791503116672 539353903552 2130056258112 -1865855923648 2478106792768 -1131182537024 1414113389504 1576734774464 -835402013312 -2235151330624 2353365147776 -1170822320640 1082148718400 792889943040 1423619927104 -2653091556160 -3523489019968 1831917059328 3099881028288 -1288487595840 -1072218306240 1509829987136 -2851260673856 -1585272967808 1533507438016 -2869857767744 -1138635176640 -1985821846080 -856535454912 -1346210800896 -30358561856 -758009536576 772699137536 -2259992408960 569720143040 200413176640 735947734208 -1514103893824 213054267840 -2123414040256 324983651584 -1977742377280 556736463552 -2745638705344 630217087360 -132952054784 444139881152 -1513766858880 676727189632 -181088568576 -2334413519360 -250333444864 -1570007966656 1272132004864 400620659520 984056966656 277499156480 334192456832 1140475221760 30496079680 3257524969920 -30759671296 -2290819782784 -976376208064 -1069083320576 -1426589729344 582908662912 -1192577330624 -2092432406016 1566100227456 -364068797824 -2319406287040 3112342267200 2319120383296 -2429307191616 1930123496192 ]
[4488971273558 8453077283571 445687423056 -5540631384896 -15431087849583 8157510851570 1183363833401 -4204036321839 -19463708417972 458466049173 -7277280111490 -3634774368727 4102435805766 7037586910885 -3651482925641 435977591902 -15261674699742 -10481133123598 -5579704986251 -727499855152 801641897106 -11116074491001 -8857352647337 3785647329395 5671801278036 -13143571354593 -7696434152328 -8590385788798 601927146738 13371865923240 -6310874050049 4596493555566 -5903043737215 -271697039546 -10200734761844 -5645311197444 3190752665970 17789441783081 7266571641267 3134812938819 4631069242433 -13679909822232 8036189873389 7418295641825 -3690463193621 -30467952025722 -13765220884983 -3169520856463 12979610313247 8916573233229 -13038634134526 -3626117431365 6824606485606 -3237614365120 -7184342683524 -1731126889807 -962875511854 9661003978924 -9044703522797 -880377556795 1866568555735 -9715127377626 -10253340419865 -4083107504908 -339386096786 -5522834635183 15334884451541 738751418643 4418847007147 166321875444 2021425548521 -3689352928335 4019156866364 -4044864343054 6705258262638 4137135556967 10066584224792 230269415089 -2298668132278 4830117916321 326830658873 24206834104194 1111429430254 -191551518193 -1538221707929 11762568434101 10007358668369 3964975345101 19833913591696 -628139690262 -880478904320 -1703966361792 1374262956672 521065903424 -56135631232 -3417989176832 -4010652688384 -2620684005760 -1629934292800 -2074555096064 -1434705495360 -4493397769088 958736870208 -370984794944 123286443136 577083821440 -91413223872 -2242757622016 -2088239509376 -1439689363200 -230381736320 -5075714140352 -838686238976 929008946624 -127886190848 -2218572616960 -625826000064 517034398592 -2421927860224 477948649536 -3002132904192 839567456640 -1093866702720 1455833423104 -1162244029568 751550146688 -1352016698944 -663709901760 -1686410929728 -1292678315776 1408447192384 -893285081216 -2998256427008 -1566013366912 -1249467249280 -3801729875648 172985633408 1170639888640 812690333184 -2182750328576 -2007868900928 -1098002415360 -275656439040 1054163237632 -1582658470080 -348159744896 -3193982704768 380779018624 1246721420544 184382893696 197676355072 1758381300160 2032538283584 1096992388288 -2098020273728 -732491929344 -807943022528 -1675891842432 -1197030243072 -2172662956288 -1552150852864 518271996160 -848427042496 -1748858258624 -1435265655808 -450252433856 -1047852394112 2123024722176 -3421694198848 -1956613459968 699387198592 -3372941204480 -660838114752 -2975188622144 1371205591488 2711129089920 -1020119341504 -5010000304704 -1927095811904 -1016566483456 ]
[9986817847486 -3937219496057 12172149809113 -6153059198579 -13257003824615 6330849562424 -1817259694400 3355192907430 2374549887745 -6045658970941 -7646786906858 -3254446385842 18120285632270 -163609942705 -12762839709736 -12428770607894 -13242288455347 4838792859161 2719368809805 -6634408782871 -1423777211595 17032540708159 -14721229461612 21885122085731 119005954102 -12670908638887 5590806945616 5423612051579 19082367730162 -1135447020894 111749553649 -3780324452233 16055534247133 26770773454990 3994383545306 -4709388618668 13400264000623 16528220483219 1834769498767 4179952861426 -12432234782914 2150920595166 8389536932834 -6452773698217 2707733517635 -30937216626410 -6368709489733 -14052510361950 -3362931944771 -16337549223015 -15552110924616 -5262274911944 19504948159938 2220868381550 6338560478285 -12276335638044 967179556147 -2915725764594 504940870017 23692704115954 821489218418 -3436430869463 9294950336417 -11166646103605 15125252879653 -13012279487332 8827280953058 -26076869496079 -1540213171288 4713896656233 -4848386482462 -3141526133766 -2724562067505 1973947629787 7670125841227 -1008880949842 3834218119128 4611643257179 -9501897817254 2518910469106 -6899498863380 -8147586610697 -1372424961187 6399537317142 -5072493990621 7046175961837 2638968796630 354534974594 969036208204 9375624350270 1300339407744 958621652992 1999290232000 759830304128 1972356392000 167140938944 -313410317952 2257639974400 674609689600 519898655552 -397113206400 1151446357824 -643144350720 1822927629952 3558340051456 487499761600 -1806841848576 2237561720128 -666534159552 490409921920 -2296318944832 -625712753600 580429518656 866777999744 122128779968 2892768477952 3302354596032 4229600000 3303044677440 1696485850304 -1453378721152 1229054034176 -1589014224896 3825041274816 -236570252032 -628383648320 833389664704 -537502904512 3000955939904 1799259282496 -56780142656 -2618903463680 932340308672 668010027072 -727408921408 1406449107584 3085450076544 -518913987584 646526013312 950220245440 -2051355059712 630355606400 218038325824 -228185900864 3667144447040 2831148197248 -1288494538752 -1487788583488 921352034368 764676813568 18608048896 -2027362498368 3722327586432 2390421246592 325194204800 4546533046720 -283968449344 1012365647680 -1851718495488 2546015756608 1035218071360 3155036960448 -1280326561216 1475086715072 1048691731328 1835171380352 3319395824960 -86858271488 -584469319936 -230574853184 2335842378624 1387894013888 -1687688434176 786896840000 667626522944 1083785539712 -1374097970688 839454446208 -23660431488 505251105856 ]
[-2363776304389 9294047098457 8227695832429 219120083147 -19921303349894 -7790739184714 -10036386354961 -225918300931 7383569523100 6668263113457 3559935574702 -2031012604834 6441358032913 -3989634238918 6688843992000 2213615043036 -9109907920567 -10171864288536 -13203335283447 -334590704970 4756157553572 11693159930752 -12235186544912 6406434419574 -22267601463170 -5816220011460 -8771926953355 -4956020177968 20089801335699 2072437518799 -4457356360651 6955881926987 1935747317062 10270302416614 4858700780826 15407865582639 22644553567099 4797247282186 -7825110434332 -17247672893190 13525397954641 1990981579905 -3365564207262 -17879987978164 -10312951133097 -2582716450678 -7980011069053 -17780877789182 4974749248044 -4183312182686 7009358985800 13653972455693 11940705092918 17138688614724 8159179590449 32639413916 -8046797137724 -2918418371663 23000761180309 8944100370059 -3452748194556 -19465218568955 13494636136692 -6746086309771 7584027681719 13902891355298 1337187977320 -16739747245108 -13015206841201 14536686484218 6807330477557 -9419113514616 4891632839756 1985874517762 3393418285965 -12896738090667 -11305730190595 3279389305159 -1184421398486 12655130624999 3236335898737 -6142516806075 -14034388774740 19113475174311 4792059126815 -12266691941663 2776561171497 -1368828039599 4190315132121 -6851703194984 776976322816 -437745588544 3306336852288 1070701509440 751858872192 1738072646272 -237453039680 -137101405376 1193719304448 -2929823707904 -920246854272 3707320208128 1364497383168 -160377325120 -1811154352704 2184962492608 343072404928 481280563136 815127767424 2493599948544 1526377996736 -122100851264 -1086106031616 85446752704 802487028224 520531626304 -23826067520 1508854122816 -1895959125440 1391526390720 1073994906048 1085862352960 -1416698232384 -1223145110144 331650695872 1290741027264 2222248113728 -355372235072 725689974272 3394426221696 302076478912 1427030184512 1698045055424 -1740154251648 2251790217216 14773897728 -414590210624 -547624749760 1253091824320 2755755909632 847177561792 -2330637835840 1486389286848 -193663606528 -295786870656 2830441141696 1051804126016 -564003562816 238820693568 -342389459456 2673848140160 -118430631360 -178613077312 2624484600640 481504053312 -120610076032 556759537024 -1192909267200 -50361662656 -2329132618880 -523543115456 1311529949120 -1685402569920 -595732082176 1885223991104 1629163989120 -817419022592 718440582144 789152384320 1681069273408 2646002117056 148335272832 -762947116416 -846678309632 1668419126528 1062661989888 4207012369024 2857890128576 -1089211184512 552840607744 ]
[16651101883373 4878668698595 -1811095968015 -905474390590 -7305426835155 525183781460 5279925150110 -3607395656644 -9120256220872 -9659667712478 252328453254 13872525727703 -6879239913229 2246154761340 11459714941043 -525498289640 -8840990417735 -102889093316 7531919285542 -1156399903279 -20361224181745 -19729267192312 -21665716040 -4851091439316 1496932134692 -4719652807517 13108094938165 -5773349813436 -11719319049856 12907626622076 -1929939743522 -10355925149757 1067140921594 -14280003200169 1612371351915 6341478519144 -3766500045765 -18844892061636 -2864271233633 -12822224463290 3344715342006 961022317216 -9511367739974 5060041125030 10699082799778 16601748800242 5376405759501 1650747592621 18681332768458 -2676266731551 23213916258376 4312865541453 1615132995878 -7951185784355 -1461440902690 7884452349141 -1054455384317 28527498786000 -2606725131600 16942975042902 -10226930471289 10198015244388 5992353687902 -1460672207772 -12414605356550 -7256631381344 190742912620 3681815720856 1959862701783 -6299959478594 -2036433049296 2438406289602 2552055134803 -7285902340984 17968543699596 -4875851853762 -3940853691678 9341640169031 -7679563831305 8095406167554 -11220645547768 -22409609997778 699031518769 -4584711932005 4834073284177 -21645208403813 6874489187449 6115310630215 3208720132681 3628756549969 -779530606464 1753451007552 -921943430400 -333965170624 1367952963008 -1621228210688 329246485824 1804928651776 -248522388416 -10040614592 -1780344168256 -477690361856 -1422927294656 -3568852169600 354650298432 -2037054952768 1113985778496 -3883533568128 -1882159691072 2297947397760 -176186011904 1941143513024 990035237504 588955823808 -1633520304704 -2308108919808 359951585664 298562812992 475141687680 -1067458198848 -2517918674304 1193059695296 1242132286848 -1828177207552 -1653328811712 -2262028352000 -4317231878720 1349006796736 2097429294784 -683804024128 -490212690304 1730455143872 -1024813281280 -1094946301696 1037403959424 2226870677248 528086014272 332942267456 -1377697243712 546010154816 1634529443328 -1232534701312 -3372190199552 -1346864542016 1770770081088 -769046465536 5136988638656 517097537856 1278042672832 -2076562705024 1003378565952 506284202112 1165990103104 -350636078208 -3627415647104 -1860199842304 -858831567488 -4203186954304 -1273975687936 -1737059746368 -479011181248 -512453867136 2743051320640 -1657804152704 -347711347392 -1514608685696 250737498560 -2030757927040 362989679488 -421905214720 -2488850211008 4545872521920 -2053388661376 3008967073536 572535211968 -2169844692800 -205619084352 1266458812288 -71680128896 433380614016 ]
[-19171219320656 2881489090433 -6535910129776 -6690508115708 8549754116826 6653060352790 -3395338190510 -12412134905803 -3322673490438 6590805654243 5447126905522 -15746527735631 7279546556148 2082093655462 -10345708410078 4091697905527 15666933527634 2566776135064 -9329310298300 10272334880378 1511208008791 12873156914179 5700669994779 -590012248152 1985543413669 8750519317815 2924896728466 -1231336124337 18943812517515 -19047413314669 5009341869847 12152364355417 13878336557894 3887020245675 10040707431556 14132220230624 -14221396301452 -863613525480 419340282988 -4094290154662 10441393200036 3465404984131 3409467492894 -22523580347992 2843308741853 7340478501172 9679707416503 -6898114330887 -4658913135949 -3113052016679 4260306977833 1394873512325 -4216955847423 10561100529466 -9069643131538 -1309428857469 -1282153867470 -14038998536015 -2101835406046 -11001659599102 -5046500263015 4055622333274 -4229157704912 259594994825 6320581918745 8704558925711 -4061196674190 8620082598394 -7161537064044 6626372359531 6365128698754 4426026119784 -8984129841499 5682133222680 -13463077609295 -4316379030134 1336020666442 -1041563448007 1882012395093 2525645717406 1199489909262 7907510002632 -9909914702797 -7828156944076 8146892271001 2440412041556 16593147392555 -9230901437779 -3848153249519 -10480108652564 4417859665920 2304548177920 1018987288512 2471793532608 1205506689216 2231317031232 771633539456 -177935030848 1437414479488 3243453840000 1037889364288 4849478694080 269672968448 532602980928 -142148612224 726293014976 -662081990400 1269521553216 727491862784 839376812288 3105033695936 2962413792320 583563826176 2378689507904 1067347456768 2050017505536 2719412904832 1616866285312 2093459226112 91208237376 453301400128 2359193880832 1586466042816 -75488532864 1320553338752 -894993736640 817656559744 2484646222528 337240074496 2748102758848 -4123672964224 76831541952 682164568064 1540488128 807337834688 2617544829568 1002614838336 -121600674304 1024779240384 430733351616 3428040917440 1170903077824 2432605879296 -2203957180672 4542168190208 1169939599744 -141113673984 995241968576 -127640327040 1114064170688 -394303013440 -2123115492416 4713146675968 -1230942031168 201577196608 -647337347136 2731713691584 2875484326976 2614708084032 -608101306752 -1617832974592 1316673798848 -396595642560 3665170725440 -1127223482432 3570996914560 -1791477226752 942359969216 -2398231001216 2058730962112 918747089728 -999708296448 1889574503808 2077660294528 767009348224 1026060938240 721191089600 2724599783296 409283233856 1840007602624 ]
[1382197221461 -10461021820490 -6833316692945 2171457089811 8535429768672 7964961328768 -15600249456923 13937280234220 20402300336682 -548895240033 4772913594917 4066876337936 4771832448522 -13101963160028 -12294243552945 254657599954 -5937379623230 -13629742131436 2059959946434 -4667439551543 -12564232269776 -24327385855918 -88454026656 -22476802686688 2832230810009 1866750763044 7156253035000 -18175367951500 12549868633007 8736769325117 -12210299168952 5915762680073 7543024664053 6250693687390 4206536318211 -12868668935435 1539703362015 -8693464598143 -25353987322566 4822301896361 -947561644630 -794678939016 14031690375440 -8333615826139 3515975210912 -9182054777549 5092132418296 2633053478606 10442365240260 -715874496457 6231387650623 -8793313043421 12837971890290 -398999352033 6705939599040 10327872450183 2567561218567 8009986782560 9225614189569 12134977373662 -16801130481530 4348297018768 12830895109647 -4833179744730 -13751994855144 14839760891097 24423195002304 -10022071292148 20704939233107 -15060556051658 -10312328070859 10332644362730 9475514412770 -13543475900288 -11186980328949 6697507573256 -18974680367084 2919753381222 13893247461398 -11488787536898 659285928352 -5309800719737 -6347812977865 -11654205625906 -2823957329297 1770799521742 2301657660433 10848146156485 -1123033692730 -1073554897727 -1500132989120 -1066967638016 -279074748160 40937277632 1974013433728 418595907904 -48493305728 -3001835448512 -1254344156672 3040905326208 -169315073408 -1704517473792 697547552128 -159272464704 -688820004928 -1593178530560 -1575709645440 936156952960 -1663848150016 237671991744 -848289316672 1291183685696 -2503587644928 1091949148672 -1053224839040 -792370196992 -3183594230848 259916164224 -2096568492480 2157982872768 1710184837888 897146700864 -123604516096 -2391138299392 1295245936448 -417101347392 -505953350208 2184310649792 100083183296 1136276551296 2075402369536 353046352192 -374410763200 -544787679296 -395005281216 1063108780992 669684306176 3329625139456 -1792546427776 1163233804096 1371544311680 667284347328 265861486976 1407076647872 475416210176 -2440831769088 1196941866048 -2067783504192 -702014018816 998208461184 -1427391053184 -2114069547072 50560959232 -52751454336 -429440716160 1499065184384 3054330406336 3648041494016 -3562321795840 -988954100736 -625119383360 -1028707905024 1139052840384 -1131910348160 510346574400 1164123023360 500520654464 -778979155648 217515905280 1177010728192 1393960122048 1059563903936 730920536832 1907059292032 -5607949702656 -1070127434496 1248375524096 -381339081024 1312607341184 491867515648 ]
[15445020439356 -4676723180467 -3658290354301 7645415132178 -12705428583507 4897073892655 1394113313029 4030901501374 -11463073077042 881908239344 5930787827333 8929387107138 -14315783629648 -9672592869469 22678719606140 -8188167607695 -3363929178605 -1421150490386 -6030186540706 -16690153291085 -11253724668612 -4134323065817 3158146872074 -22190169555569 -8364405142582 11308773908767 -7736938581385 -5528374983382 -1793862997316 24322232309073 -6274871124427 4027335329736 -9311058287400 -5516079860083 -5799931994776 -9226665599158 14943969518733 10914029591463 14756540865744 -6858959450639 -3871565495051 -11253816295662 -4895630610362 6422254850739 -21466112797597 -6608510417020 568482146497 5031474781600 -5460211732631 3440097862326 -7582272961984 5454452517178 -2366983761771 -8886598672866 -2268667543142 -7041438699797 6973099026542 9257130940888 6357909749959 -6496609968765 -31746726012345 -3718540958853 378235738945 1801585381616 12866049753888 3006673439027 -3618388196993 -7984831047218 -7149941058686 1414578962794 -4895432165462 1948881342761 5361263092107 -3883902420398 8462399116767 9100318725365 5060762775481 -3658142306688 -8641489022850 5552145237737 14000342289063 -10837751989774 -11379880936191 6853168312749 1644470608052 18239409666870 7498378102137 2509234158556 -198651350675 -6590723584731 -3365187024576 -995455585600 -293534310336 587955475648 -342429188992 -5174442841280 -1179836784704 -1138307319296 -3490127591040 -1633795304064 -1146034997440 -3396569507968 -2565092364736 -1611390822272 -166008924800 -2825824705792 -1686965074176 -1408230640192 -2043616480704 225208548800 1978233779328 562926613888 -3511297155584 -404160111296 -640349973184 605687738624 -3105650680640 -704427525632 -4844218954176 -282749616064 -2702551582464 -510236462336 -2569027380864 -1106483029952 -572925898112 -701895128832 -2178768108480 565106827840 1250459955904 429210685184 -2266571817344 -3719730783680 -1684412112512 -3331625694912 -280942409920 -3058653068480 -3083686727488 -1403673803072 -537041719680 -1778381603328 -13668274752 -1981857295872 134314709248 -3330524438336 -1786193012416 -2086168072000 -500503352192 -2115289700992 -568647764480 -1906845571456 -329184122560 -541318965824 -2911340416960 -2535868782400 -3273198215232 -869909571968 -2179991769536 -38322079744 -2685560353536 -1763687272192 -866164815552 988969397184 -1101526152704 -1257375578624 -2090668087232 -540874477376 1782809022912 -113348321536 -1262635058304 -1672269920128 -2276842342912 965277957888 -1549178919360 -222243615360 -2441700775232 -331964639872 2077808097088 -1610188583232 -2709443366016 -1804066505088 ]
[-8635011490265 21648767085397 -475866279227 -366618614821 6111743955161 -5054127459967 -2714955196592 -2666822930983 -8863126749542 14151917360682 -6692011981327 -21021354020339 -9070417987093 13642101061259 7702322412353 6338759034643 -2058648003852 3776522996463 -16112842823644 -3661109228262 7681006035194 4398595006869 6038729098482 10354203934603 -249327720495 -13700964582692 -16507866126793 5944983893909 865052484458 596126103392 8770672611321 -5157762546345 -10384231865905 -16836259831736 -6746942618584 4354845523846 7417315662473 -983953441991 2312450835342 -15167024174065 817233869670 -3037668784405 -6087567949024 14822001193636 -4432178463036 4077850288769 -15873860293425 -4606932690307 -9984748546397 24714249845793 -1359756398662 7454350921708 9548191130962 -14488286429095 -10434117068767 1674055535634 5242586755515 -9891704701957 11471639610842 -4488355219739 14657000980278 -7797730764936 -8930282974179 5730747561106 -1916083721185 2761835245101 -14348831439865 2077936122638 -8759790085521 -9482485728921 947154072913 5514078289252 15315088972282 1119870143598 -3052353440707 1966514531845 9283457193720 -12084884957835 -1401103068223 16187866633972 10662752872413 4957816693869 -6194414949448 6620368883122 -339234694147 5004905364179 -1923059718204 -6890634268192 7297523450943 -4369053661634 -512091852416 -1219633726912 -1867142934848 -2058542357952 -219638574016 -267549650240 615429830848 301436352384 -568970602624 -8291897984 -1552316946048 2415086326592 509147154816 1631407593664 540401898560 -164262995904 -3323885270016 559074571776 65042146624 -2215993235968 -711566827648 -3616513712576 -1193591595520 1586529237376 -740230527296 1279048455936 102095072768 1129316480256 846744054400 -1811068404480 1052649569920 -2557969604992 -1593797607552 1059674068096 -378284427968 -3423379876416 1327848850944 1185680341696 -634543081792 -2956216652032 -301501613440 2964767717568 -267280189824 205296735936 -4150902755392 -1668057721472 -498446681792 -1031816126976 417979607104 -1089070295424 -52422751808 -2424675856320 918897803136 -1013390889856 1982597226880 -484270427712 916623098816 1472216826304 1312454399296 1436223425664 -1785297855424 -2691442767040 -159000637056 -128690057728 979387881984 707826979072 -215317568704 -169336001664 708862763968 -486062814272 -372987394112 -1666623163520 -1045878663296 56584309888 -319990108160 -1095098605760 -1142089328576 -1704017898112 -1270342480832 -429479398400 929945923712 -2962296476480 -2206273990080 -130314892992 1083916492992 -326682615680 -1583468335104 -2842350113216 -2667068385984 -2042370610112 ]
[-5704651907387 4995980183010 22506707793974 11538137281231 5609945164227 -16738670483268 1887357043522 -6852352076266 28127704805684 8649807722485 -7981301275827 24460179473504 7948191996528 -9306291013560 -2455699999566 -13869625818241 14751002338264 199211424919 10707616609964 -6485530956417 10377839627581 -9990155351573 -3654100504618 -10572993367032 -3122177538756 4893733669293 -524651564124 -4806989946185 8370715231845 -2859531343630 -250352422975 -741911219463 6631700831977 -20978331919157 11863096489539 -527270291061 1095095141481 -24398209726 -13206002953350 -8215670545086 -18068692171025 29639195994112 -3478622776855 -2848291467691 -8420238183115 6240742646848 10038410287183 1535160642813 -16735579020482 22137181288435 -10362140494880 13779897210986 5512566499834 -15337326615549 -2978383289017 19724796791147 -320716850997 939080402566 6569887793054 4780236052991 1696643965799 12454952594309 8104368537166 -2963552198454 -182610090612 -901685616632 -11277900214683 -1602592178158 -8689030314696 -1996565954570 442478153885 -514145310826 6625928169770 -2937171867966 1340303723259 13355539033513 -6687495141426 5849281131353 2723747417719 -8815385184255 -19021738255751 6037594193989 523954438644 896010046643 -8883538097578 16149187505780 -10646490916117 17228573038142 -4393434284035 12786291004716 2369343067136 4181154902400 67958878144 -486131155776 1496481895808 2401595152000 1598130915968 703423462464 167882789312 1579592995648 2439729888064 -138498686528 3323877042496 -24798092480 3270013313088 909558353984 2373325313984 -998018428864 -1644481887744 2503827216192 3494366526720 -1400076192000 1386630648704 1704413371328 1908504659264 1561582445952 4983845624320 1624161632128 43119174528 234954662784 821007899520 610330866304 3789418928448 2527591248256 -1963829079232 415108535296 565039966464 1873242086144 1596568506112 4140616938752 2869086282304 -535325600512 2955697149248 2556361772800 4196574747328 -52005144064 4457945977600 2766900002368 5400590934784 2074626952832 2876314144000 28957151232 2628915710848 3874596081216 282998153152 1361332596096 3770811318592 3938326645696 892706914880 1946690851456 2720290963136 1717676500928 2727427371264 3206961078912 1646750819968 -1277147523392 -213860141120 2412600837696 -681206661184 1227516872896 1856197896640 2487281783104 1758161905024 2386662781888 375280279360 449047907008 1160048878272 3209868102784 2418514618752 2686177531584 1088304144128 75848616384 2111919384064 4658431462528 -1631317088768 685250497728 5144077037888 2000641177088 3808436141888 825628076480 ]
[-336810005148 8682257938764 7387661148543 6563111207855 25251819098043 -176277698829 -567978524444 -2325146743919 -3976921022883 -13041713937855 7122689495002 5769455870252 4568955386770 5005482723796 -18487741705284 6726413506244 -7795166836491 13073748049779 5694962237306 16056073438502 10351114571730 4987646337528 -11851966188214 20703584373118 4145873252325 2604813444719 -1909183708234 4693706789342 698062616070 -18993175426345 888297495781 1152536675110 -3177073087385 12631926930609 7271806059534 11242644366255 -387548594553 9803537929852 15453042723157 3386573069939 -5079889427286 13790238882556 10455147286972 2241757910923 -7115989272609 408658923430 -6854124778747 -283058305909 -15411654709013 -14993320115858 -12754624413203 -4283298862555 -9466485705462 14894251029735 -1364561432526 8162597609223 5226535628699 -4910619077004 -8794904139335 -13230106586974 13328158958244 -7141580377846 -17279865736097 8251796250501 7005245060423 -9221124723667 -3834649608996 -3862013004106 -4997477044119 8217528766190 -6183404665835 2543484120207 -3912415940477 -10509274643960 965204362491 -14996412942705 14242578710650 340783840885 -1964487208684 -2929526752965 3502093853908 588944413084 3595348278422 2986294018740 2191178946159 -7508270919440 -3643879252445 -8851011769235 -10004326190271 5517664097020 -130643196992 1432870907776 3083535754560 -606428885760 733347954944 1395237328320 2535354764288 1243375716032 462029864128 949200883520 2121998889472 694360469376 -1631918494336 -694897533632 3384789681600 1699152980736 -132806670656 -2058906903424 2946072125952 1236964739456 975386681920 2429583067200 4882765128576 425552062080 -900229362304 -1917959573568 1089763021312 -993758858112 1317190974912 1140369711744 317334935488 238951389504 -395253481728 1281008434432 -487280716864 823170342848 224546074816 1340371800896 1020460700480 2455611218368 -352821839680 1655603975808 898515583936 789363945728 -247091419968 1004747119680 -688326299392 756594276352 627423271360 -2320285192000 1383203294912 1145181402240 38899969152 -1343325747392 235698884608 1263550741184 2073866075328 1526983044416 -103550763520 1619267723968 1738448884672 708281142272 710151061312 -2265949499520 1277740132224 -878713507520 -358112287680 -2484702292160 2299397634944 1221148283584 -1786956718208 2628458494144 1918856759936 4137043520 14901226880 -1181541634688 516778845376 2265049123136 788896410816 -1827982042368 165036464704 -256177559360 -1286371880192 211399250688 2954316478400 -1489971728768 2011648458752 941231295360 949299643776 827856785920 ]
[-4444942060963 -26179665700291 2199240751213 -16967971730238 5862265824653 13525521874521 8146983572357 -12753408306341 2820318353359 12877865297684 9433076822698 -34393138575878 11510801975874 -4333088031912 11433558517655 7206899259606 7075821659846 709112856837 -5592746984748 -1418818595599 -10034181381931 8150601837696 2835664075910 -19260565463368 2310122403538 -5955856343718 817616949549 8619727812455 -684555923338 11630130118625 1839346844871 3732931413637 464232841141 -1985143051980 666101703827 768816360243 -10345802925868 -2714465030939 -15827532591058 -1403499644980 -1767054790003 -10078926678960 1739976297309 9353804097089 -13823317650561 20335311129588 -10436226701247 15024570860049 5198175727319 10109270566858 11463034174410 -2086450112486 5880400730732 2564745960596 50098189115 -7155973014517 655425499086 -1062998748333 -7626796384370 -1146105691970 1886625556123 -2831239474076 -10316877960159 9300164942366 -18541891005062 5326575169755 11919439176858 -12899231516524 -5356344874645 863065254024 -6839902454739 -13727811312247 2722701939316 8142534005086 13174853229340 -8767492061988 -10520014778492 -8218497829701 417342195399 -588166658620 8841236205880 -7761365140454 -34261311727 7041645378647 6503121644176 8089304649676 -363065496931 -16877433167080 14838327851371 -5145278442549 -1964653443136 -1454000134848 -158053551232 -325373007488 -739029132928 -422873451520 -509385253312 3632955004864 1402589736256 -2370097448256 221743167680 597120248128 -2322504656704 467766657600 -3743031051712 -1911160192192 -1271842480704 -1083888726720 -1987401773056 215290819776 -653842059712 -1936456328960 -911221259264 -942152822464 603578443392 17735089984 1199510803648 -671159797632 1039524030208 1713024939712 -2030550002496 -1718684778176 376208136512 295608865472 -1023793510720 -5095641144704 -502032014592 -747326693824 1512694998272 -2788752350464 -2560127090752 -2289532873984 181774288576 -3337994708736 -1767026137792 -3166216201792 -489982102528 -673170253312 718679547648 -223795939200 759985035136 -1417478892672 326470647744 -423177781248 363628578176 -995775205824 1450787299776 -3027761914944 1048154477248 -975043631744 -905563541952 -242556798720 240697795456 1045675221632 -68800198976 886536807872 -20913652096 -1488345686528 1531205631872 2553214830656 -2004748713856 -961620921792 -1298167899584 -2376179145728 -488860035264 -1575520884288 -561208982272 -957860145408 -641212891776 -217281559936 -1276673861248 -938613181632 801757354176 105561333056 783387464000 -477036370816 733655588608 -399487262080 -1895308915904 1587088137856 ]
[15949046721604 -17624470264615 378935793162 7847308124696 -17064595735942 140170890324 -3630064737660 7815104635451 -10956158022153 20683608244 -13273881090789 -21943963499139 -8929039956124 -1746792473910 16575256868843 7791057011478 6391785544264 -15053195977875 -12358144646878 -17605061812346 -1929297223100 14636114781945 6201860625364 4200209589087 -9563428749819 1292978232077 -3485155226616 8498729461794 -6527989111551 -11767056362908 -9462741587470 5438171376556 -1839961413811 13257522015891 -7245416666597 -7173608877693 -3185765694485 -11994489868628 5458479125109 8084761573696 13504702748877 -25237516625217 13885250409855 7852709131509 12709772987362 -5584162647395 -1883110736491 4703720113946 -1850853432706 -3333592184673 -14106314586811 -4433081636811 -1307231683177 -17088194499634 19144236834316 -846757941522 13688288038123 -8443256135411 -14807122571042 9668698244277 -10629404318168 -5514489625094 -627888584410 -154991607060 2492488519121 467283092666 3351536960065 9863615756647 8924397333489 10048122127324 8015094551880 10481475431727 -7432858886819 -473692827205 -7117475156228 6021835317186 10557090904774 -627920042643 -14641893025584 5844697314992 -4097400148657 4027992881870 1298693656172 -4156994951174 7708827064032 7664619459500 15701872456088 -855248025556 6114173432945 -7858766991758 -285501616896 830042043776 381091857024 -899945348160 -284246581824 -624734703296 -193566930304 3023183571712 -3344776743808 -364538699392 1058419012736 -1520279739008 1841769436736 3285134308608 -1423533658944 -986051928384 -2910569900096 -1875393774336 109453813696 -831580267840 438339269888 -1640969310272 -3461214757888 -1081004238656 -890006608192 305226235776 1772757954944 2310733242368 2128050033856 -1623336278400 -2581552125824 1880499550976 -2202144683840 40789318528 -4890937018880 -1552474309952 -2927144754240 -278613787200 -1326133232576 -3421431284224 -1435170815808 -310117720064 485038324288 -1240224553536 -1872285329664 305918176832 -520416082624 -1468428228224 -77345663168 -718488320832 -699233965824 370151836288 1922829341632 376418200448 -1214504648448 -997899997056 1765354363072 -1080326376192 -1523332876480 -745293778432 -1742559646208 1386368461568 -431037335488 2101889879424 1854983469504 1487473921536 -998136286016 1027909906048 -875653502208 936350786432 -630717254528 -742911562816 -1992146463936 867084715072 -1472579961536 -992150092160 -734276215360 525712053056 -2132715208512 -884683908096 -1324115694208 -62864304192 1414545711936 -721008718848 1970161955840 -277718349760 2006630393664 -3703307761024 -1464671128256 -3288854595008 ]
[-3120342777778 -1936229195249 3622999299259 19434467916197 5776166752134 13064249627112 -10758496494115 -7812743324321 17342910503224 -4061837901719 1441128537349 21891091918279 -6958462436549 -2955381265670 -11192238079448 -10544805261136 -17468660923940 -4335068394230 -12393981494986 -15250991714347 -851849399573 12958129343153 -1613924319812 11373544623949 2846806715581 10350923252082 1511517913879 -1452736880303 8358389188756 -16936756004874 2527690938643 -5480176520131 -3399541387914 5166728427827 4298915481435 4346898398858 -15663969708531 -20208289580603 -1127970965741 -12839980505237 -887875887578 -6783905905318 -6101877026816 655765411119 2542605322364 7018689296539 -6547650913018 3697337095786 -1359096098973 3158411337108 14241176353675 11661362765040 21441255797059 -23697911551959 -7324426081173 5225537014976 1054815977035 7142179725862 -3330981541009 -14438104986364 10014372694581 10239523003680 -4794505636882 4589753924986 1882899494788 -8171713557487 -8907504770200 -1943482208525 4566494114565 -2593576718228 4602476137791 648162154485 1892514941804 -11432647243889 5938140626767 -7410708948 8148522287893 6606460903514 -6850393828064 4285939859931 5707023429461 1725815080477 15111249952657 -3379277128680 -5283371755005 -8668209066842 182131990924 -383978364289 -8864914185850 11007377159588 -460373684800 -1120186344896 -220774050560 -1082315329536 -525407569472 398623484416 2428576221184 665193884096 -1261422498368 422255029696 -72378637504 -1420683973312 -591065619520 1598354113664 166988656704 -1071975926144 -1425098287424 1486497854400 -216893916864 183326798272 3701235399424 1474792755648 -1804106522112 1214704630528 -199592340096 859359809984 2378935593344 1746648821632 1193668541504 1547707204800 799478704832 4842208168256 283948367872 -1037936889472 -1237902051456 -2390376391168 -632850963904 892325000640 -936171486784 401227736896 -3191790715200 -2208972065856 -1001996251648 1260740436352 -1313039596160 -422051786496 1590966081600 1682039289792 818486279040 -784638447104 -716697636352 -542517885120 759649492160 282862103104 2715259204160 -2938081069056 852230888064 -1294857253760 -583304319616 1405264289984 -330308831552 1803914339968 1662383714624 -429829245312 584695137024 1052959555200 2229371924544 -222321176640 -1109307154880 -838258280768 -541845482368 1382275926208 -2047201961664 1794729272832 -1303327755904 -122314738304 -924661952832 -1882746903616 2498999583616 -3333048861504 -2460534941568 -1521791224256 -1043719360512 145662554368 140046457536 -2479934570368 -308184746112 -424287336960 3343652656704 -797623307712 ]
[4823758586510 5928277893400 -5562388805281 -11915964627010 -15982859714664 -565585412354 -1924631864219 -1757548175840 -19195997896805 -8545762758411 -6683369667201 2465158410623 501841375188 476936603470 6688101039064 -5881155511909 -3643942993339 15932166021210 23515111761130 6847687067789 -7686802983612 -6371287283621 14875997726037 -842455527445 3296823560331 387907352178 3054584160540 9760061279233 -7056317858963 12723483132011 -3262053402176 -6596915213388 3960479434236 7140362574118 439205546146 -8511373792463 9654894134821 753467865132 10150848512877 3690915403385 -6965466348628 6526313946289 -12461314228630 2141728544066 -2485309359980 -17859492545408 8568557533654 -5829332321178 -6420324734237 -7170671837636 -6363655465575 -7345250987100 1955433634507 1742618339975 3783488222627 -4275163001016 -12734880400038 7162181746690 -1456239415830 20986238894271 -15322868259168 -3290762092004 16215895914752 -2496798841705 6127876740138 2685864009959 2721527233798 -14048352048311 7906535058088 19434451756858 3598449196859 5446710307960 -4524609131493 4929241004072 1418732379200 -8916260367087 -3530132155595 -6218137113887 -3581779354658 12829111130526 -10621469313287 4466430615966 -3585340360155 6497279171240 -828318209839 -19248724686699 4221546658481 12406924427652 4397172481336 -2931330403574 -3565692450176 2012690755136 -295220791232 -103302328960 299472765376 -1334307559232 -58024478144 63504583040 298720672576 617066633664 -1572357523456 -4200049804736 -721886727488 -166790356032 -2099799850944 -2010684808128 -320961177536 -77649896256 -947023709888 -251180697728 1518496418496 -2956298736960 2135082416000 -686929054592 33066548096 227347469056 55897764928 -1348192202752 521715276608 -196393338048 -1283834084288 -1652855529088 -649498771840 679986431936 -899241343424 -744205543808 -774551831360 -882823981952 -2703042361856 -1017905042688 788992187136 -66350409472 1528733984704 1193454279936 641042452096 2452715374720 -1336724240768 -562685409536 111104838080 816112333760 -870933617792 -1916112211392 -3375487294208 -505300934016 -636249052736 2248335586176 -842908439808 986426439232 -442650363520 1880851583424 -186317647680 -696906766336 -729270748544 -3672861957568 -1186689355072 -172536896896 -40666281920 43431325696 -57054613376 630821470656 2211093593280 -802081173504 -617072415360 -292205513856 303540748224 204107065664 1672542548352 -1385651069632 2799690294208 -627645300224 -2674791831552 96734417600 -1794017218048 698754849280 -824931374400 -1886656904128 -249883996800 456146368256 1081273369088 1088391344192 ]
[-1162176102795 -6489826469168 8818612273988 4467279114280 -9341494384791 -13701770325875 -2358625948401 -2296797492785 14405759703943 5318272599267 -1894277242948 1492759850798 -1331954594294 -3422666191310 -3873983278730 -4534025581393 -13836951568490 -14722890782189 13033993612564 -635382992010 600647644967 -32209144066347 -3650873689229 -195954059089 -2636272782555 -7236621580200 3423832579499 1074782856221 -12809958074978 12174192474164 -15851757669237 5931563337668 -3603742252649 4851311660491 -6407573740163 15712842505421 12724999364095 2248442953350 -11720494764348 4329560236566 -480030038808 5247556484461 6875217007675 -6615646724081 1711432126111 7619734308112 3131147195395 1126687316228 3505069407767 8415952395903 4102609736478 10991064478149 -14653292090255 10643443431705 -6934945297890 19150754992036 2735386239678 -3543092041451 -6484837279155 -9500918609773 838552920115 10107475029504 -6825884820367 -18932875909907 -9430552922442 828190901477 9530884803313 89868579708 -3441665854520 7452642390626 -558195756449 2023814996038 23704062503927 -4108570977108 8405125615661 1713684656779 -9336646395869 18476339775880 13611099343841 -36427083155328 -4714307803942 3744070740703 -4260884071574 731638854674 20290775262760 11948465439673 -6429178008531 -1901065224711 24031827981803 6732398560651 -3665020463936 -207871319808 1432347377664 4447628549120 226192005056 4742148160704 -949590763776 -912254905536 -95112457728 2663418283648 2232261918464 981493956864 730517656320 2603444479808 1555690332992 -2105243296704 2525084982208 3952345160192 580156449792 -535015536640 2938025881536 882541156864 -551607289280 759805716480 419338607104 2229309502336 617224416768 -37329870080 787344933888 3373508972864 963535199936 820381905984 1789078067584 -195786697984 3855482741568 -91112672256 183925306560 1489817690176 -2009692211328 1213206255296 56327844800 774311891712 523142788608 -441265807680 2269600301120 2656881500672 -1490989627200 1925621370176 203801852096 483476635200 1959582131392 -110338560384 1221528429312 4446666633856 2004688936896 2815995634112 1273873496064 64269956096 945127530304 2210669335168 -2061228405440 1600664257664 3560821193664 4702493412224 5519449486080 627439259264 1842649614912 965342560128 1206728889792 4813271552832 1997550701440 2843203222848 1281964038144 1423427842816 1562049222656 1123013332672 2475528249024 2792662434560 -980040262720 2854093025664 2772422310208 -1851258808768 1778481228608 107137403008 -1001755246976 -516676602304 2499287069568 2081846264640 1387161837440 295790241600 ]
[-5655402769635 -24436047857737 -5540444005340 5822664943446 -2647132239866 7149445143035 -6664782391077 8753428017523 135025555841 7938995786617 -14606458423581 -6812623466298 8075239607759 17148695654341 -4977580883484 10862963488486 12073399136603 12492379511713 22189458205811 -16181638182776 4385592798749 11302194690885 743444957396 -7015404634474 2725464278123 2416591528303 16260469097560 -17887961115805 17341412018302 -17223397671565 16379633651959 -1252119412796 -7258269328917 9400714920004 -4403415495601 -12770071864014 -27339926121240 16765184416317 -7873769039336 -457167686434 -21005714643280 -1363278238131 14471853599287 6296978808474 8180203413544 -24289561850708 893293170447 2992485843896 -6849767386763 -243584813539 8093609783977 -13639821134128 6211881242298 -11801202252112 -5249660108830 -6566411072035 -10067085320819 -8502416556910 4800094537973 9151466876829 15497852188050 -73451829306 -10258215289344 1754210039576 9091571123191 -6721273250505 10510884071801 3830713366730 1254177814104 4096581348542 -28430496648758 -15859796503118 30785107255 -6546433229965 -10255971618966 1953017751935 12773440271453 1814843049011 -16972957821245 7731581644700 8803750153371 23617435655434 -1579268238557 -10028159681406 -10896016609771 3625828518072 -2488330366645 -5055645279310 -12643796829793 5602949781227 2397295168384 -654423193344 -2774702484096 -2559784742720 1205951632192 -321807773440 1445526747584 -4557337248768 -3271898888704 -1101983139648 -613055314368 -5256538426880 -98584908864 -1663623295232 -243812431168 -1781902925440 -3671103722624 -861839509248 -1099148591232 -512296940928 -1940146928640 855237878528 3119658356352 -110348729280 -2068635581824 -621716656896 -1179454334080 -3008578047488 -1529255861632 -2529898884288 505582130560 -3088793341888 -3470631332288 -2681401079104 -2458827412224 -3947761871552 -1656849622336 -1266409038720 -3842113918080 1282481595648 583767456960 -236959142720 -1137789709184 -2295996940096 -2974593354816 -70607183936 -17034080128 -1856978997568 95085082048 -1212136091456 -3335378208256 -1011772109376 -2470353270784 -1285985743744 -2635341232384 -1777608932608 2499032551232 246548273216 -1619926971008 -2964252473664 -2329998611328 -2390638468224 -1044771445248 -1866813448512 -515519431168 -4106125388288 -2064557906816 -3198569655936 -2018734154496 -2405421320064 -3076744023872 -3556117471488 -2141469733760 849157183232 -3875845224832 -4190913004032 -4004074938304 -634414525632 -4229318222784 -6048707244736 2782543439424 -1959020333184 -579593816896 -2572231704576 -1702046627392 275120191424 711589492736 -3965997102464 -1058296091072 -1690772980160 ]
[18232309378524 -10061258634439 -12233353462590 -4369725685221 -31984726441748 1975291240022 19352916218968 1198474598888 -13179809866563 7841444430454 -5321781574067 -10761874447468 5291382020806 446511035998 3342059931790 -5946185460688 -6933871248724 6134037685526 13244787651639 -12047983842102 -9189921078779 9637319025722 -2486199512242 8966201944282 -24812497059592 -10267374866135 14132073577868 11116308348340 -20192316304173 6884479861588 -6846354040530 6180346944635 1346441437027 10969149681763 -3332162869708 398798594359 3926865077832 -14092429990546 10531837300879 -5628384258895 -1688525483721 -13753599496624 1064805164931 -89746946655 -2395188930085 -1476065547375 9275434581892 -8762004859817 -4119676484264 -22221144363699 2483852475480 -12631714265122 -2954683322620 6194235634281 9113103161310 -11692189057198 -17815865785549 9022716759970 -5701390257372 10458472629324 -5287388217357 -4875766213788 9491107891312 9819697670005 4830930524692 9389647884154 3927314683972 -6337570615623 -9058379168523 24173802615150 14567392376284 -11036501390000 6948252432813 -3737909174332 -3593148128787 -1510693456107 -15264361717862 -13408101509576 -3749171329854 23023404836961 -6670860295918 8277879927407 -5164956461728 23912695312233 8801212015504 -3416940435676 10779278091215 21253124419941 -4496703299059 -1597306955420 -710424813120 751545679744 898621810368 -1943307109504 -1184288847808 -881577356992 509851509824 -1363508730304 -1986614916800 109513917504 -1998099782592 -200631841920 -1452669254656 -2637741177728 -2132079116544 -1973823030912 -57057670144 -2143896488896 -440535086336 -233386446144 1477237230784 -672003513024 1351771932928 -811712015104 -3099818691328 -326395976640 -1500161330432 1215303856832 2089997084352 -2147531997568 -3234880860672 1784481794496 -675740668032 486969527104 957278939072 1784575391872 -387087645184 -2430601891776 499346822208 125764105920 -1064641079808 -1287538073152 -156807747712 421652095936 -547097235200 1573666916800 -975268507200 -2475947198016 -3154529858048 4201970359808 -43862503296 -2192997092352 -1599671483136 -1162390189184 279638803008 -3153073958208 -1095580717120 -3027697858816 -1456128841728 -1154602574784 1032541452928 -964582719872 -2341044270208 -533041711872 -3543836138880 -2539283048128 -968403469888 -1416770768960 776563513856 324285440 -2232074971520 -1934690417792 2745435101056 -780651203200 -2108614221056 -959637086720 -43380041856 1186423539904 -95473841408 125219801920 -1658184192448 -441315158336 -3077813769984 636408384064 604584352448 -795894313280 -696055188416 -1181785793280 -1128680767552 -453971826176 ]
[4681878724284 -13716392437806 -18030264324067 18023223807521 -12493989346891 -3381153032823 3924770008524 16979190888095 3466052041401 7974433050098 -2314659489176 -1489644487651 -10504147586812 -4308156273143 -3233974349959 -10310656474358 8266831018822 6890451109151 2085291489950 -9564206024102 9116367051863 10894582100374 -1197344657683 8303051376857 -23706648804814 4702767915458 -5483042635360 13502985309407 309996947295 -19881511636301 3328279534113 -4551161734788 8873039482170 3132485391132 99303766724 -12368442651660 -1884040795593 7754394535825 19317960018916 14802294253487 3515396741944 -15110131514895 9047848527847 8081893075740 -3899604478385 -9330071519817 11812501486860 -8227013273471 212135956099 -4642184035304 -9411020242598 -27399957695265 -13911283657396 -6326799038112 6464033099130 -21014438972303 -4184240139915 345162175602 1237292265352 -1130535889435 -4791815427672 87010559659 5903126071222 12462599111530 19242660770392 -996279937001 944222632852 10441793139404 -12252073183742 4969128707231 13903045150571 -10510166797376 6804341712684 -4453452116113 -4811458300857 2080082261305 12104959342397 -18696908130623 4563960216365 14732611013369 12982751283334 5759701492845 -5606394357966 2575020680631 4054821651254 -7334347720590 11875838778816 2807046434081 -14201528566070 1422967637979 -415320611200 -549957288000 -593975000640 649497043520 -852365082816 -1400721357248 -2075052224064 680106089600 -2231236480704 -824450775616 -1365130654208 122470877312 -1841730003136 2052989470336 113786468864 -762376271872 -887577614528 1107643366976 229641522816 -1088621461376 -2358942819136 -410773119232 -849763948864 -1354347400640 159235414784 -606813319616 -1373655425280 -339480058496 3716783316672 -387768914240 -1908196030336 2008225357888 -1104194478912 3683562547648 717203291264 3486029951680 1714353615296 -1161891454528 757590607360 -1469714545920 -2810121675648 835535728128 708652250240 1516962320832 1536865585856 1486913108032 -2223846261440 -2490191652160 -2708662183488 3301559773504 -642342933696 -231697915520 -72069343616 1813120190656 -1796096458496 -188178259712 -827812601728 1343009115776 -2376421572672 1948125203712 -1326485284416 -3185894062464 -1340056785728 1445485344704 230120334464 3149873160320 803993317440 1314087521472 3621068305984 2431661879744 -550413365120 -157686982464 -1568010759168 1850413566272 1917915472384 306371622464 -757464485504 -2458463391360 -270459686208 327474472768 912640126720 -766483037248 1134739664704 -924809468672 -2454472641984 1763538520640 -1088490812736 1327103036608 -2507350785472 -2250990294400 ]
[-13464807179223 -12328163223906 3582963849379 1950919880126 -7058146020564 -10324448655111 -3206451308485 6318760521322 -8864711142904 -2443024260252 -4804205742246 6612719196845 10687830000734 6713972127793 6860390595191 -1614497185898 18048633845974 -456834778775 3296632867367 -7384566722491 11926662901879 9492017653822 7374090091731 2075578348738 88178666372 16491851982953 -4043163900454 -2280968564217 9302257959463 -11936054531306 17792380296050 -1350490491079 -997575975024 -4821424644321 1700207649154 -9085601648495 13921115041547 16805626575747 4514963429943 9493902262894 -14065755089140 6207972097813 5786720791837 8415627051134 -10540290389234 -20513291895593 -1618550007244 -13726902187447 -9447067755290 1181889162733 -16627597928901 2928937477505 -7158944632570 -5796885785914 9342145717183 2951150656690 -4571405459308 -12301887409877 7036505815833 -6170682905071 3794170503119 -10230493598718 12125538176095 -4018149626209 18468265639873 11011145434676 -3050350614824 3331034218183 -4746143872154 11180674945960 84717903087 -10874286978574 3013317438095 3212317475176 2460205253672 -2263909181067 13828068161619 -5056478299561 -3370547508650 6734048976122 5022013127971 4168706823053 1599404306162 3070549404835 -11862235915867 9762388960400 2986172726302 -1676933194817 6634801645723 1996400223758 4095625246528 1638937398912 231611909824 2684545208896 3271152410176 2148444338944 -1959105567616 -919729336896 1391819938624 246598838144 -9354515584 -802686797184 2079404109632 1618941211584 1290588646720 15492228736 275813973888 2702742969088 3426091587200 2227134363648 1851724744512 -1901293456704 585219062080 154469907456 1529475075136 -591589205568 -481838327872 -446112907904 -2466115627328 -108825640448 946395608000 -633525577600 28050095360 547981382016 3476961132352 2940774066304 3372740843840 -3269565301248 254688874560 1278403616064 2529538741888 4050724758464 1473669336320 -28367293952 2111704872256 572864397376 321061057216 1095698274176 683323588672 -256528745920 208902499904 2190801600320 -232942603072 2161599704704 -1647749929984 1691025723648 -2816481756544 -65637154112 1215121369408 1028780557056 -1092855245760 257674415488 1323274361408 -177117889152 722272265088 -2659385346944 968572967168 1390114678400 793148704704 953646342016 398170272448 -528923874688 591411742208 2256253568576 1053943726400 2791953861120 1394570747072 1222587926912 3811292731968 703164994368 2533855371520 -237787867008 1720291047872 -248924468800 582281476352 4656100814656 1398182006208 -197988487552 881925066368 778160800512 ]
[-10607853129161 6713575329474 -4117506924116 7850462048732 8781939846643 3596803010532 -6210117324968 3021689740797 13504222698180 -11946451964934 7986658585372 9349895740700 8522089559834 -11079086721419 -2310652320467 1360201214268 -10185970784116 3050616910410 655073121408 1778490573601 10097621746495 17610664088287 -12262259022914 6993301973612 -2097815536524 6931433444725 -20808950129292 11535027675190 -4034760583846 929906374907 -3334092536418 16078694644842 -8695655939226 -3059432715872 5630599134415 -19809999267198 4771517392764 7230316204643 -4545847450782 5183970965623 16145030815829 -3653551673370 -14792836008940 -9537987144442 -4935079007419 660172597833 -1379037973482 7254021009 -6977504796121 5755443064227 8716504700568 6837822709346 -18155388505 -785902014207 7286297786105 -140052302730 -4766427864069 4905442559889 9689353627102 -707715469449 7739532085953 11763073538564 -12609990615017 5064293886591 -16139231183801 -5428722179517 -5295682284961 -30099486388561 -12410879722492 -10830327393384 2323129825802 -1679906207169 -6807119612461 7108148745501 3210202427796 11526244578412 -15865633287190 -2970864612243 2650657379274 1163664585420 7172437978477 -21433032143762 -7675507323475 -4795839340014 -3681245625905 1053293004060 -17530603928411 -8058510237526 -3698119574315 5661433268929 -818259572096 -61540734848 960399074048 -2001467498240 -1582735904640 -3614510866624 193306339008 -3440692994944 -3392511964928 1607694983872 -62032429440 1500085005632 -1279573380160 -1851456530496 -4292712516544 1350714290880 1128858417664 707493394240 -1981392510208 -3456068531008 906504885504 648908044928 -1772879553024 -184563100416 -517795880640 -1780969469952 -1699586986688 -2084273537792 -2416210078464 -1025519385536 17046271040 -3147713858368 -2094631322368 -491315862016 -1448490829504 1848238280640 1149105281088 -858712303808 -1138563129728 -734933558976 -259755238016 -3474984289024 -2723204923264 -1616641709632 583176275840 -1040992127360 -3407228818752 -2013562467648 -1486661182976 -298072596416 -775118230912 -2483245846336 199071063488 -1567186965440 -2950767496064 -411120272384 -3532378147136 286390596032 1757117811776 -1895446945216 -408446785792 -850619795328 -2973288296896 -2182245393408 -361066550336 -2484064689600 -3758798592512 -627930761472 -2425202556544 -2056772468416 -2810583486464 -928034543424 -762646387136 -3828975723264 -1225127283712 -2443057596160 -1969920473984 -912202799296 2021360999424 -807827634304 96258745088 -1485879926016 -2493274904064 -2302088713920 -2478970887424 -1831299277376 -217063458304 -2326651784192 -1554743264960 -2542726447232 ]
[-15514386776133 12430182018697 7882304735006 10795135808790 12359787820843 -6181770937617 -3441169333489 -3622928776374 13086962460998 -6281540636029 2037481359601 17645641614069 4651893409046 -16866381757199 -19298891518341 -18947305440678 -15306078557190 917729674825 -5310812304931 6660993171507 -1387296939154 -6983984721599 1987170959804 8521861455224 13286853129445 4211563048793 -1946065289390 -2089897438144 7175874565024 -12062948767052 14073827070877 -3422137037870 7816906566012 1306846426573 3393496161713 -5505115190772 -9583433847261 -14958859040004 -22287860463281 -783770505775 -17309110222894 12375606863482 6641030106978 6074976472650 12744961485326 17794339038260 -14875156086409 1290807555696 -13990249433362 -7273132001562 8883017014014 6824569377841 -8958373466554 4807513300142 9698491676912 23827331263525 -10123483932012 4966796356435 8201257749761 -5147482651424 3315858161199 -1503382332224 3527992773956 6491998590662 -6541929972335 -1932158091448 -7510914760453 -18241034237012 16751603903003 5014863538015 9764488218204 4085482199529 -8159489813198 -10689561547654 -5283502656972 -280275298194 -20883382491572 -1985326175102 6684402521790 -1401764650570 4333979612981 -4113567846842 5954455078695 9391361020604 -15215860898541 -4866060508574 -10259027177677 12031710585243 -9255334075861 10273074395324 -2161807555776 555194599168 -2049306889344 -1211839747008 748580118976 -761765908480 -3290172418752 -1484378549696 1610414655296 143190887680 690867895104 -3962879641216 -1818354725312 -519510033920 1242963139328 -918437887104 120074895872 487604846080 -2311033249216 -445453276672 -879180441984 -2290822883456 -1478049736960 -300429591424 341367968896 -2641999520384 -304867042752 -1657944042112 -835547893760 -766361023168 606707768448 -1250437304768 473372634752 1817989580288 -2590378210752 -2137704708544 -95969890048 -538500774464 -2353299640640 -282106169344 -238900451840 -319490510720 -893485547776 -679905828736 1793052781056 -1907349901120 -420748849088 -1505194126592 3240910255104 -2595153314240 -528684693312 790817258560 -1063929600064 3004342215744 339744722752 1672518246976 -1240545026432 495277730944 -1421094184832 -576283323520 472455884608 -2782169305856 1213478924736 914796705280 -59328749888 1728060467520 -3877744417024 -1329366815168 -927168972800 -953224896768 -1324925948288 2732546188288 -2308286937152 1117296421376 309902217664 -129623212480 -2592346733120 -455761193856 3772953575680 -1949642921664 779050145920 -1156075224256 -1696153974976 -5309148928 -606077217856 -1207153384576 921591621824 1277681706816 -124162877184 -731305146944 ]
[737965362999 -2892264296705 -12312880290275 4955319926436 6664937905597 -12289003960683 12515787963046 -2733055032681 -8210946652718 -2608788330695 13759862569140 -2696657548964 -18254492201073 16112468816167 -16779087097833 10343690826578 -4645635391437 -7041033664448 16614956721888 2526436406337 3048217922951 -1790091853627 5736947126477 -4492937921006 -11781736496188 -4547854116142 -6498896173208 1679229346100 -6051076321283 -2903187177385 -192586834203 -4852196291231 -4980758096482 -723510697888 8968556402244 -7085606740050 -5320439067467 7276333983914 680615786679 7528975918705 5687494862964 9897391940298 2738070390310 10367452627286 -8708532504001 -5544397252478 3573411452077 -16917604489486 6962412887792 2208018213692 11252268081766 -15305736188916 10693039587888 -2416096071063 1168174420308 -2139935457378 -5523877161416 1950642289136 11965640428468 15762586697366 8860021810657 1754974646166 -840105557624 -4765416498668 268273959012 -4184474318108 3671654012557 2830520370106 6299493911828 11467147821235 3406453100637 -6058361488756 12871615823361 3223351995692 1426578636848 1323122492520 7872303968983 -2768212076608 9256951376363 4980802067502 1266259079982 1443566320948 -4512635771074 -3678579969232 286560169446 -19389664486808 -21530345408827 -4978475190656 -3373666437473 -16992937125246 -257578968384 1284973652416 -677601744128 -416203819776 -799855680512 -237741528000 95967809600 1022205240576 -2056514469504 -2160813524032 -1325653363328 1659094529152 -883212219776 1324431943040 -248020366848 282167521984 -2826327588672 1374193059072 -901419159552 -2792596239360 -2355614220736 2603638985920 -1769586561088 -2645083635840 -1961151418816 2318201476608 -956605489664 -217463950656 1735043206016 -1628801250624 474740569664 954108271936 -90365799424 -1631898757696 -353913589888 -2267959134464 569080379456 1809892784320 2606709691776 -1017173816000 -1425350195712 -47663332352 712636183872 -2126491429056 -2591199559104 -551528431360 704116058944 720829990912 -1194352550208 1265527675584 -291472689792 726667858624 118781001920 605836236928 -1523506644416 -697108301504 2225642402752 503515870976 -635612831936 -425003085824 -1758096543744 -1060916860608 -1053978275264 -1358676992704 -978168784704 94078939328 -895297157248 1179337544000 -435527853824 1326422262848 1900448440960 -4304651041152 1224438851456 -1318909104960 -2741629434112 -1316538681728 -1223147137472 -306676671744 -538693729152 1413107078016 1358151524992 1986126089600 1337933231616 1951592122240 -4030954081728 -614012315200 -1285759428608 -1159297776960 2051870988416 -210723594816 ]
[8559959024011 371437648971 -3156281990007 -433519702956 -3858012041497 -22706066365931 12713016788328 11029215736224 -19747478511181 -11770455632353 1263455458142 7167255478565 -8056999724050 16687209588593 9935458190793 8662506469683 -2320298139998 -14330393325314 16525064563884 -8896961443398 16983375957641 4412285020356 -4907362429179 -8528590159630 1275172850093 9499705386410 -16079597680655 -9518300434313 -12037164091544 5483009450169 3114173038145 8479949437541 -9467466651427 -13921228602323 4323914952845 -19058155000370 -1455714914025 7728340081078 4273235412927 10655572991041 6053626539222 5219435016313 -1460675806805 20221949358082 -5066321866682 9228616860700 -2753926789251 3164210254631 -6962618243526 -229857937112 -7731766530688 5255171383046 -2497536843192 -10790234565772 12602149455157 22386328169066 -5696596338162 142513223266 -609779874590 19241277559560 -8392403744496 -2885674765057 -2660340009006 1367941367208 5652782016242 -2257155355063 2061212990583 1339495268056 3104629184641 14893608559303 2906336895204 797139838615 -4168697240717 -5441304631040 2261690837895 2914237968628 6825581758028 -1071287673857 -17296229746199 -7465639293334 -5647463210864 6285266874860 -2495244545899 -12145931188767 -18853319458086 -6037649314493 -9700597396341 -1122680114788 15029107959019 -6863651471497 3762899057792 2739766728704 -1980857128000 570451142848 1689079759360 -981225532608 -40512875456 1865437519872 575894787712 -782555762368 -1131358301568 -2360917437696 -11274947072 1146521024960 -617287912128 -997557638528 -380595108928 2560705072000 967712952640 -941572149568 2441002022144 527377547264 707391452864 -683773093504 -1252618116928 -2223942409920 -1918490942208 326371930432 -1468169266240 -1214990932160 852675957248 2767235343488 334737793600 -2662637348352 3730394811904 -2267759311552 -406312817216 -80346432192 -861690274816 -1824295647744 3240000377344 607991468544 542548463424 -1127678775680 1177825710016 1314860384384 176464996672 1099083624384 -141491075264 895400132864 -60650610368 -2617386932928 491894143040 2437980806464 -1848801977664 -1975425180672 -930237343680 76997269184 -113857783808 -966993601152 2088321296512 -315090681984 -626072297792 491183917888 -87424882240 -940328168320 2454972802816 807084324544 -1444220684928 -5245819566400 633352241664 -3786476988416 -1103270016192 -631620591616 383077829696 -1520660309952 3559481992640 -2817790013952 510485133056 -920895436864 -513721707968 -557026805312 495789777600 1192277283776 -856800231040 2111005639104 -11320482496 -1373534159808 2556918635968 54623203136 ]
[15684300956345 -13051704132984 18860680434169 -4815397078367 -17117599603216 -2362946568263 7646853466944 4096008022306 -6406440647887 2221951663676 -746721868319 -947698772311 -5373957979197 21673995186533 6827249360222 -9821422112129 16045255233515 -7841094683674 12744136509087 -6665288408358 11648287604150 -21368775250 2642618112899 -6575316324191 10264297440910 14659537996915 13427199921511 -8361406618312 -4671762620560 -463137396111 660490463793 -2614881449326 2074107656804 -9679601087467 10545648083881 3553532763097 -11116869929829 6085514925093 -2622560646268 3667071283844 -18231669631774 7639286757748 -945652149129 2206173334850 4674288951804 2206358703720 1393643955282 6528254282876 -7748950639371 -12010518854201 -3593875649287 4372256790899 20391590894 -9127907976996 -9969333819678 12703210936953 7042059289152 -14200996013595 5864002640169 942887653244 -17051201032999 13753400627934 -9700051456992 -3190297910207 7344764085105 -19621300652083 3264092580446 7191442339372 -1441120948544 4962001786531 -21072157495495 11045200900620 -230669201046 533168870171 -8469401345812 2636626056090 16252487101737 8674074873706 -22703549649223 -12333185913563 -5576520917795 3591568917607 -5041681037779 -1906373450147 -2314515411444 9876735030195 -4877647710704 3196542327201 7954569659553 -9072995149081 2735151716864 1747005438528 1019380282816 -928548386496 177933285440 -414366746752 2194636618112 -829480736384 506749702784 -812018266496 -938913204736 -2901155943616 1515973562880 6930654272 3547569590464 485242569344 1154684192448 1198897965056 3303007501824 -1396980879808 -616869772160 -61586749888 389132988416 -2276133458176 -2675391133888 -1014165110848 -1628295662080 44313513984 -1758555598976 -314761915072 628731901376 1005183970944 247124950464 555877460544 387368794496 297154681600 77089004160 -172926680256 901946468736 189650346240 1122531682304 -1620923633984 1083466763968 1982247036672 -1047488639232 987882621568 -221503667904 -504426606528 2146810605568 -1789454518400 -924237090560 1082631969152 291373646400 234806674560 1265366262400 -1853347956096 798756138944 -2539321482752 1140054796864 -2523823644800 604185028352 -1736059782656 112008187840 720697023488 835501094400 -2174341777216 -56568203200 -3035360179456 -1275468537216 2024917497152 1648884709248 -920610174080 588675131712 1542383783296 -129936276288 -1543218994176 1045383853248 2094864673280 -1377085697536 -2927696491648 -152027000256 -1128057591104 -178287819136 444256702272 -395388769472 1306594786304 -3442571277248 -1102900404032 -665989092416 117290264640 ]
[-9248778339567 10907338884491 7666139206931 -1400752763732 -6213146221120 517852840779 -3787223033779 2630954584537 2236626391282 -4064392589767 1195900835033 176050313543 14181103196125 -11093361402417 -8803922517987 -14829198062435 -4341710211017 14603229815224 -1641722592737 -55272063150 -1856959534734 7424371205095 -2299077772477 2301032074656 9597658866990 8222225946299 -853398591950 -6893012038649 13786048682161 -7343926662621 21710868517644 -7686922218632 7888156500934 -20116613409066 8106136329072 -10569740643018 7990262680935 1320622595666 748527331787 2479766380233 -4847168420391 988085356303 5244949755942 -4231374093290 -6962213602576 29102487182176 -14684654672661 -10901730541235 -11996714766306 -6912058872165 -2813639703433 -9903123973784 11087691072677 5265245959140 -2704294096177 11924721838161 -2545406672101 7841161926636 15143366224059 663014408264 4356496935201 -65516025955 -7753373308507 11298266000802 -763563610896 -13248016978210 -14705495264926 -12137235044259 -14274721807170 -14909429584743 -11200204575001 -7593464936700 6251011472820 112340453978 -3551766383112 -1795478414660 -11876997344555 -8295961586462 7468709717104 3058384754968 5225942955264 -17236281922950 -4032972781160 20772708724877 -8510881355116 -4272810873467 -4768721958841 7440206350336 -16466719572260 4897198084113 2630106377856 -1056797738240 -1892603000448 -212615225536 232711919808 -696655878720 -2675379419328 -3781673050240 -3509433060288 -1375114563456 -1052038664064 -334648048384 -152049283136 1243291170880 1020007182080 -1360455801280 -971757364992 -2765329979712 -3608001046912 -2843614796992 -3966156516224 -3077131096448 1615693520320 42356159232 -2947042578432 -2944353085888 11728923392 -2846431143360 -1539985459200 -2252402855808 -494893720576 -1353265965504 -1509556529408 751309545152 -4880695435904 -331810737280 -626317558144 -662541668480 -156301801600 -2702587254336 -1265616893184 -1020519116032 110081142336 -1907758165888 -179730608704 -2578067657984 937937252864 -4567143581376 -2412681644352 413041962880 3108353393984 -1908079948224 -597371357888 2604774500992 -1137456134336 -1547561431872 -394049084224 -1712693990976 525104433472 -664027716928 -1864138065984 -3286125659328 197043240128 -680866977280 -1690860677824 -1765615587200 -3081323839872 -3108923254912 -3911508216704 -2244618259776 -1528774207744 -2984302502656 774717853312 745867957184 -2896391254208 -1190016627008 -832772886272 -1019043517120 -4104384944640 1154167271552 4426736896 -1544759173888 -755690407360 2522182804032 -2326807967616 -2167356718912 -4040300011840 -1936809699008 -2183313037504 -2541437569536 ]
[-6575201982150 -1091635691564 14548226947224 -810898235051 -28333880796391 5828741709679 11485202945223 1597443744054 -15874598372101 7142241808307 -9217663385799 -1178811396079 -9104959472825 -1129917370997 15492103256006 -10515395250569 21907477790394 -1417172654673 3168642229305 -15507443945998 -5128555604252 -15462169066446 3274553309850 -1842550212844 -15796591688206 -995001925953 10623292777948 -1728555402760 14111775620432 -8773873082803 13960045981149 -12649118454862 -356275895280 11602297197683 -12413251698190 -8695076774584 5729780727054 -1600943422392 223095434002 2339716624053 -13218597334311 -8324226116465 -12340432441289 -1675793359881 -10872589229626 -14193899767913 10760271034640 -3948802060175 9376465499261 -7644386720392 738014931590 14362139709877 -24245614647039 3056391954265 17415618214393 -14899983337737 494655847200 -2834810270470 8225686864521 7849816942428 -6729155859737 -6144468963286 751493354332 -2454636342697 13661008072049 -3591075188705 4098330235319 10322221281472 -16048717543039 4546556621147 5066926443579 4496693435896 -17509499607068 2182226825963 134860559577 -515060821596 -12625361666550 12900146149173 -10771461508241 -3210819990847 6968025742730 -3970773591906 7569093041309 22439252731446 13413143910692 11128418775868 1627180708327 -5490377908628 160541238968 -9180182546010 -1454067420992 -721442736256 -2445977048064 -1190082213568 1683765760 102261491456 -3007965095872 -1510386002688 -217218450624 -3480470141952 -1918674053440 -1156831644736 497909157056 -2261245063680 -988700468544 383494456832 -1150178098496 1923154356864 22806714880 -480364117824 -1189678444736 656958419072 -2386795237888 356497772608 797562670208 2732717781056 -4492955723392 -1770602933632 -2411856803264 -1935614584128 283445964480 -3144358019456 -448530567104 -880711473536 460165109696 -1461725972416 -970081696768 -539152463232 -2700262090304 2593560259648 -1934801331840 33871720128 -1521200946880 -557442652736 2641040299712 2565101391872 -2937747013120 948026864448 -736999345984 -975845880512 -2298251382144 122455658368 341014714112 538185251776 3394617370752 431690299712 -2052616114048 1670496409280 -1428445359808 -1011715569152 -2218535544960 -4666378842496 -1989652141952 -1557799681920 -323866799168 -2395382490944 -2857302501056 -1160406991488 -941359428480 71036603520 -1554410905088 2668354874112 -3190501582592 328923437696 143073492608 1046189038720 -2065052748928 -2238719316992 -2730866007808 -489855608320 665114607360 1170218290944 737848630656 -305774535872 -928830010176 -577437214720 -3546429625088 -74692878400 -2788981581120 -36057286656 ]
[6271793331172 6795900272865 2725618866402 -5369914772651 -25785987899350 -3578192190795 15353299108112 -9362953881701 -877399562507 -31732787830778 -12549318426394 672067679077 -16636424744515 6776713932739 -12174016362641 -419066342738 -14527916296623 1762295876336 3483434600239 6931266371001 13899359186026 10262104380449 -1127106965521 11592804007936 4246266822453 9693907799658 3756079217828 -3239672682272 -9475630313735 15128743272171 -13807777329901 -14929835274592 -4898374743675 4955659269730 4923394512189 17474943259603 2909688906881 99397502245 15475014311865 1383645114997 -998852619934 6616084344092 -1274476518560 7336512458553 11102193558872 11839884551488 1787285057931 -5338565830022 -1265406779327 -18570885810746 2819995966020 -5920531695944 -6262846364504 9795105531621 1102012043561 12720177711561 -3970643303638 2721126384540 -10737142457995 13579614812539 -11907114066794 14614373596658 5418465443091 -7019883199271 1815815228610 -3602767465755 -11349261495898 6831865331377 -2971444736148 25652622821952 11253715703079 23288903617771 431993294195 -2095648476841 932662047955 -1134998361043 1773059436757 11313816455654 -1477849580504 -1969569010348 -37903326773134 4833915477511 1268217789783 7899049491959 -1108232872763 -13863828740769 -5069492657158 -6747551563384 -5850821672058 2144786715567 935815556544 -894196804864 2159497752192 96010076160 818219006272 304292563264 746255778496 773249266752 -4138488740800 -496385891968 -1291372439424 1543260207936 765295252928 2452277297856 1384186734720 400736674496 -364475220608 -2580832989888 -2760034721984 -301380408064 1158255706432 -1650909873024 1216090590016 428712464768 -3869895115904 -829519775872 244996856256 -464109317504 -375645474240 -228664021568 -1987535992832 918539895168 -475972630336 2086069108032 250546681280 2546197868544 2909679290304 3049540029632 1537861122624 2738720678912 109369769280 -1038350892160 -1826742510080 -602940655808 1037999723520 -16468410560 1375799499264 -3524714326464 -1077533912128 -2016972229504 1933466766464 -194698354624 1721791036544 1686781314880 -815645416960 -1628207044544 3267605171456 1894828412480 1315600735360 -35342457664 1166726145536 1669886814912 1232443651520 3910392036864 -1121820093888 523015062784 465452067008 -445341079680 -1332875107520 630651109184 630351079680 3592309035712 -2190078850816 -1947725361728 -498104024128 420556095744 3175710378432 2906214185216 -452525191744 1752465603136 -2050394896768 592193623936 1572090908928 3480499814912 -965987411264 1233895910848 344006458304 1219915249728 771257266688 -224957410624 ]
[11387375581810 3228961468852 5490601359600 2582130803016 -19231791979064 199523969238 -14430332936547 5464177675253 5253868404011 -12709507511668 8670121997325 7013061702469 -15203640415694 10915037798775 -9279372634633 8563347107310 8436013190113 582832274620 -11622499893201 -504765384834 -1248235230570 4388505616126 -1042507095213 22499598426696 -15253479127398 8214201344940 1659879743484 -10937999458435 7486542476996 -17001789498226 458569257484 -6738055233395 18263947114430 9811080265141 7522705122164 4336552005847 -16691726721764 -4172138527849 10420553052149 5083871362417 26462810407815 -674702281717 9729412490882 -23815960014119 10052593045285 1790492628058 7351242645188 -7294324271473 -6993208990373 -19295320673452 3368684420202 3623530588603 -9595707833323 6532740593734 14761751889693 10608659269372 4240956201385 781698015167 8385038683397 -8791713417091 3548991313329 -175341961054 9091267376951 3402028473147 17223274985431 -5921019902213 -8195895908253 7735131249377 -3545939203384 5507231783046 -11501530504267 10006475651095 -5895740146741 7193376576739 -14394920883812 75904986039 -3588863262076 10450571944763 -10824518127335 1531164507559 -14848544436751 -4684241446577 -15636985633400 -2963373271820 -9061359293799 -15075088708614 18521452035963 -2700869996706 1489033903756 -18746824189008 2500717226624 310354957440 -1572529983616 -3099829913088 447625810048 -2016178155136 1179560144000 1307351063424 2729248318784 -1242634791936 1539035720000 183456640704 -275856612544 1315755768576 -1286399022656 224133213184 1668755403648 3972696004800 5652830850752 2493640288576 1610985143808 2068928398528 56840332736 569343602752 -1697155048192 -533052510144 -532615534400 -431193595840 884069021824 -3594542560448 1329402238144 -575744785984 -992257916672 202159301888 -1741906144128 4698940034816 1246896055680 -1621496299520 -3417569164352 435989708736 -745384538816 3091392160000 582793965696 3690047407552 912873132480 3198642285440 -5661310238016 -1825524594112 -62723236608 -11595909312 1274320602496 1333578084544 2120614811648 -95512623168 1754622217280 -2200162009600 -155140957376 1253977633280 -358774793856 -1098275665664 -1387108104192 -192113411584 -1965034824128 -1085961252992 769692262208 -763837054912 1544092177728 432773799296 -260730956096 -538077773504 -888933737152 2634241358848 -2903521725120 3394471923200 3077021484096 1861275418112 431078691776 2179345303552 3264355429824 -62828489792 -358754702720 -975691408000 1983675067008 199862387008 1207478794880 297083956032 -2910413251776 2785668053632 -2553017609152 1177512364928 ]
[6104910581466 -23816101674322 -4715804593705 15322739145936 13554532064549 -766286286751 -4518186301608 12405695184141 2474689365263 13179356567886 971199525697 -7948905153524 -1353785635039 1674100441686 22328599190481 -12608078299298 3905871761094 -6036207873 13171472877788 -507639723828 -16005516944430 -634225349449 3145966062159 3787280155336 -3882719331763 -795632416710 7267916562729 4627107836955 8366668373686 4192665558003 7963309322518 -20075603395435 12030660879675 -13691886579937 1167315004770 8513267993961 7794472799344 -16036273102942 -5675817204480 8219337099893 6726822045913 -2075537172399 17299705506794 -14891488146201 6718791877157 4899311796862 19320150519187 8906962099543 4231925043498 -6435574861465 -6524115472857 -13956307142802 -6567590309363 -4004167950995 -3546275409411 -8553579683463 -13256432823517 -1670868200278 1288550490662 -3036554675626 -9466872383689 18335549119089 2251862659125 2374164197786 -6433038770047 5842699015413 -6662489492430 5810950420653 13050352067376 6947458575705 -14587738230887 -5327770328927 21606314895002 12506219343596 -12835949976684 -12304569038034 -1213017635431 -7571549121411 -4286451738437 7440217179697 -12522483311688 -155985155212 -6756833538955 -18900035953780 -17441511116757 -23123163543129 15727309257571 16316733841913 -22170453156387 3441705031101 -1291339192384 -2582088247296 -1758631790400 985056904960 242707478400 -137937999808 1722665745536 -1053039739328 -736734942208 1679966880768 2159067321856 -2382684416704 -777184388992 -660826513792 -1305874537344 -2365597603968 -1710629210240 -516275677632 -2027206744256 -300374859264 -2377070222720 -2616205389568 1167772493888 -2427950414848 907545511872 -1750128501184 1338622034240 1441828038336 1553234157376 826760407488 -339892737664 1587214772736 549619016960 -1930619757440 -2006312570880 3028904165184 948691505920 -620160866688 -2845132404736 -2776202374976 -1334255347328 -351955784384 4695173105536 1046101064640 -1101168237760 -1314162688640 1348097754944 -681488585152 -3341779183424 2574536795776 456081553664 -2581020950528 -332253516672 1033858599168 -3480140316544 -3609562955200 -1203591143296 -2355358617856 -775246790208 165780470016 -116965463680 -202333163776 -1867906149504 -855640470848 1424432604992 -611632675520 -167266567808 1466740959616 1535843312512 -2541070182720 16802229952 -38246908160 961961179136 -920128963648 -1782903987968 135558247424 -1771061376896 -4577494702784 -416842799104 1826445573120 -4783938858240 1114247567936 690459867392 -215241456640 -487072001152 1174741538752 -858050521984 -670117743808 -423146710400 1582078866432 ]
[-2382964339991 8374652165399 3800731071934 1740558418264 -27879741622873 -4309584338073 -14915410378996 -19952044284569 -3098522863478 2468326681523 20445645844158 9555654407605 5265056515189 -1550057878375 13080641551438 10142736801680 8535000576706 1308371582257 -7822790801375 -3431890757030 -9447687185660 -13782634900358 -10666755973960 3973593721729 -9364488029020 20771965071475 -4165531884975 -13306430157749 12081249213289 -18573623072617 2530738429385 14983867478847 -3064401038316 -13887492732186 8374539735027 -7782926928251 -9139651916983 -1547498497983 2180101323829 -13208308371493 13036888837727 -3595259584191 -6570674852866 -10097303482884 906755912431 18570938063727 350658255735 -686667563032 -6517186338563 -5086138938257 -4499987775525 8555508655567 369535611185 -9100406221611 -530359268168 10300207596938 4253033871285 15372011766021 4524641817053 -2385085805430 5741796004578 -4901879282673 -7068098454407 10073040316443 2117760163363 -5816419050122 -5426863074818 -4115195442411 -17996785829741 -7214173479347 1146287951393 -15686262073372 -7285501003494 -8313930061255 7256769966762 -1160413456551 -3542255850248 1833187955302 -5543028916063 15341543059956 6743261106606 -287094160208 -19904736032962 5981696937137 524058114368 6985060887061 13369439398351 7825583176824 -4138770159065 -7374096963501 -174543306176 113322019968 559349827712 454539404288 -1650900678272 -1250013740352 -1958615954880 -1057222642176 -3240262775104 1521919572928 -2241526063552 -322461851712 -1612890916672 -1392192428032 -483107800832 -3669970115776 -857825124224 -7497817711744 -1842004001472 -2669508813248 -1755135465152 -882183821824 -1084982266432 -1409614477248 -2595154491456 -3426905067328 1319284462272 -694058099712 -1340386804480 -1055145759552 -1107784587776 -502286683712 -1458221023936 -104895719936 -3965305524928 -1711609874496 -4409818635008 -1280680177920 669432753728 -3414827189120 -3415495373952 -1254866344512 -282819682560 -3450883037312 -264430968640 -1395575278976 -3694409573952 -2001517928256 -1818480648832 -2787968624512 2079086473920 -2671478895872 -777860590592 -2180300523968 -2413394775552 -2463471099776 -1518344037568 115648632768 729208049664 -695534670784 -3813643416576 -553393624640 -2258867915392 -2528721057600 -3204904006080 -3173088058304 -2029982927744 -1265738201280 -5729305116672 -3287337065920 -1784163514752 -1544031844096 147889374592 2242586010048 -3969938633856 -2443173183040 -1380479243456 -1370421951104 -942830884800 -2363213023488 -1536510432384 -197164484800 -2934386077760 -502509102976 -2179421649664 -4357435653440 -2236172735552 -2044194897408 -1400777211968 -4047680138944 ]
[28214265416804 2904621594731 16170974023665 5629689503964 -18148854882481 -7323787121169 20751953866096 2494073318320 -2612937507181 -3938846823524 9130725858711 -737353448354 -11484870500168 -14163882523752 8101422810442 -2149452896629 2856675199280 -5637615129211 -10864589429514 2567908509972 -1622727726264 -542580183006 -7087049576591 633218794262 -3474662578260 14207072598567 -322213324350 2194155817383 1718841622044 -16676135916582 3107358135642 -2781196117953 -9012245211965 9270618459358 2473464642312 -6550853187166 -25212979407190 -26962243166788 4252082923257 10025401601067 12987581579381 -3545675410478 950297604305 -7651326016687 14233659154089 21886209151962 7882904670816 5930326949498 8997000213545 541082458225 1095249759278 -9163303191029 -8488628888133 -1761572407608 9945635689239 617239811956 9100801120115 -9780461113877 -8447799180278 1135493232335 -12411294553204 8962051569079 -11196475848585 11646053402272 -5165322037747 -18687006776545 6128195735464 70713146332 2695689343908 -49697369866 9364384498851 12041010375154 -9446892965939 4789286835889 -11731947353488 -3179840080587 -2758169666252 13959817631706 -7900996575422 11299282412627 -7776579878410 -26658772337356 3339440233877 -2122441813959 16301519588121 -606008374012 -21797889148 12596360541387 -15429162291376 -21790619902974 -154796598016 -1111577976960 -1022726023808 -2049496471872 -2552044860544 -1782149212352 -3373523130048 -174613385408 269381791104 -4071175935296 -1335324460352 2716510983360 -299934440832 -1061821752128 2347243433216 429076711936 -2023781597312 -490586279936 -1799427248000 1781520206592 -3199750329856 -304003459904 -2779532942080 -1686490013824 -2433309867840 -246282361088 173288309504 1077859873664 961064610112 -946840169024 -1674337299520 -348844540032 -4368708767616 3135674612224 -2264158416896 -1911159330944 254036679872 -1316368210048 1483518366144 -3979449368320 -4199610355008 -881163191552 4240383819904 -3027136529344 130712269376 643195409792 -1479335201280 -2298509784384 -512536834496 475347083968 -3369107712 849095765632 -2190174134208 -1178551769344 -1957320341888 -70034599936 1376834412736 -254788411136 1089363017664 -2599411699584 -767688948864 860160790784 -754829571072 2094590758848 445159125440 1982079766592 -2197820886912 -94286310400 -3025831284032 -3585015776576 -2232777291648 -1401573403264 -2578519342208 -2344513877952 -647358569280 781795657152 -1734459722560 -4109841230144 -3512017762688 359132380928 48983998784 2683403731072 -2113775468480 2466263454144 648788133696 558386647488 -1333382750528 129731748224 -1202758096576 758200438400 ]
[-20088107203964 -10530623568863 -31135744459780 5878162203263 -6229669692461 -4223156171038 -773867473457 773325572385 8396163114803 11939042745302 4916088743115 -7958711442107 -29049418912530 1567201633472 5161096542218 -13460559718783 -6194923184374 12856896745748 -577039834014 5573747730208 -17138332325657 -893201394450 33382844647865 -5273158620923 -21649211852187 16631912613812 4938934238717 -3141725497442 12254287057441 5661724238736 5819390266204 -11294726677289 -1664312875116 3466683426807 -9230432282907 8361251784674 7175151651917 -3291435374196 7116644494448 -7916212930678 8109077073332 -18290274975669 -18571620310505 7148511622661 5014649496247 16570998953969 2442091727717 12318786542963 -15674722726908 -16323655510995 4667387728526 -542088797715 -1250465618918 -13750943490022 -15804201586678 -10151708827021 -7196904878423 -743483861113 7483476487485 -11397966121854 -2336817850487 5483414946904 -1585181657195 4441937352351 4163864917304 7779355938423 -17360749813394 12823567787710 -5041260840790 17094215731574 4534801974150 5127797010316 23122582644690 15098513272318 -9148215739393 -3192192445526 -8424199164655 -15640751436455 7188179753522 -4887427621813 3665489032154 25085603127241 1936920370647 -2017602678074 2584693829239 -5248398041008 2678528060511 3662963630989 -3338916533730 -7810489536655 -1708988044544 -2960783000064 1126898169344 2774194822144 -1931130648576 -2302981405376 3613918778496 -1223653219008 1942739819584 -1377663690944 -1599081842688 -3082137660928 -2311099081536 225587142400 -2293078828800 -2866838131392 190702634304 843017378752 1141587796928 -1930084587136 1624248377664 -554813805120 -175095129856 -2616181600448 -1508971982720 1443035632192 -2215195912448 -1011611234688 191750576192 -2002071865408 -404127271360 -1054275145856 -3697810115008 -1009584986432 -1141296927552 76890846144 -295475255168 1445833217216 -1415698373888 457827226368 -2305375464128 1848205004864 -1499033801280 -2699652284672 -1856471016000 -602923846208 -1681600611264 -753458420480 182064015040 -1999730090624 -2166698732608 1112613704896 242727662656 -563711973184 -1132277602816 -2670906229760 -530606073984 -569246060800 -2556748842496 -251195923904 -2770428861504 1805825421568 -106807314816 -2030593829056 -92092680768 -2627137306304 -2082360733312 264773972928 2718763460928 -735550313152 -2981944476800 2864325944768 -2681244504320 1638775848128 -3040467752000 -1829302760832 359776022016 563962805632 -178895127104 170812053376 -307381462848 -1704170455680 1105949112576 -2923728834048 2491328453504 -3399585689152 -626138763200 -1911417404160 -2009036119680 810973121152 ]
[16103133074576 -4521261790949 -7308861689199 -15710905463200 -13057703136844 10736909763488 5772865803642 -5677560268643 -3907484105955 -440739759034 17118144865061 -3387255803456 4376299487831 10324149975969 2841554771202 593087624363 -14446631207383 -10876666337140 1885234337599 -25554434187293 -1949613592779 15122055694781 452544502205 -6645090092908 15760260398835 24117011318817 12499019233496 -11955684524692 -12911218330795 10899723863237 -16315078450742 -12786654802613 867425093587 -22531479928926 7850592615729 -10895356554930 -1201949215830 -18274619184259 12190472983613 14143867038818 -8194368056343 -9617285420531 -398986477362 16969345420 -5742804248122 2840232321326 2141441902551 16257402476989 6408169060418 -1265528027782 3188487662940 -10341466730818 18581807891624 -18679659637389 -8759145870571 6456919575750 14006070372444 10648874518281 -19116833877469 12733271551632 -16563518520267 12455479690730 6994329987403 1290083229072 -3999504814031 -5810863145785 6701313259630 4229833188423 6166802735594 -6652328369168 -23653095608116 13618352793692 -2878204420279 5167038733797 -3588913807184 -10506618551528 12404022794831 -4892529064412 -16500497210665 5427817123090 -18496614749209 -16096743509790 7096756385560 -3197517812680 -11133932904188 -6488358315010 2593159642980 12693232703228 12588184198958 3593936066862 -1864977252992 -1615329693440 174781743872 608818098496 -162084647808 -1813701993920 -608972677376 -1705120011776 -463699776896 -2149313632320 1489372422720 -2551905892736 -2924057645888 -739346041664 670499202944 -1664121571840 207856069760 -441954720064 -1992387527232 -2077959040576 -3267705754368 -2609614417984 733405790464 -2004627501504 135141896448 1764188858432 -2454579264192 638545513472 -3007478874048 -645002584000 -419785270592 -1892613849024 -1677153997120 -1383832756608 -1814836941696 388310123776 -5124734730112 -3911880291072 -1216457133760 -1473669600640 -1163050268736 -3712543772864 -397755424704 -2418968834432 -4323519576896 -1409502796672 1460315914752 -935101314624 -423781005632 -2517891035136 -332157039552 2049706520512 -1473549968064 -3372195002880 -1513785537088 -400719035328 -596135846912 -2307513511488 326990476672 725732228032 -694061151360 -476038631744 -904707298176 -2222562356864 -1280675314176 -230892676672 -199159572544 -719946064960 -5047383353152 729494240448 -2780971884096 -2206296677312 -545803151040 -1479072940416 -973298976640 -664326920896 163735594624 -3085235239488 -6201421488000 -3776687610880 -2757410406656 1687125281728 -2479861333504 -1600520365184 -572001128896 -2633778937984 -2686985044160 -4159732463744 -2181142472832 1477124004800 ]
[4848133422611 10176633012203 -3867139576759 11989621065789 8921679362576 -8818154002107 3538783181937 -10892144750165 7499566158032 -18780917082653 -538466874964 27712929820305 -11054732291406 -6731347804927 -1797925673304 3697764705737 -20345040605771 -3590294710715 13828233697812 8745526977374 6177519329553 -1760726610141 -2196539580580 7718154450648 -5183502537182 14723290765932 -16551988354915 11083922142904 -19595293985829 1785513510480 -10406399254853 6125505761689 -3664999508883 -3044511744435 -5243700604325 -10584441642019 18801955608330 -9698011792048 17443933238430 4055787907315 5241088756690 -2769696380882 -10915722020675 -3504462853600 -3365792798704 7975857443926 -1587718738578 -1658948046396 -17867779949795 -7825779318393 10306441648152 945437542055 -5372314294171 13236889392336 -2123789683346 24421827888636 1232953674376 20868021521115 -1859607891064 -865801754666 -3195957516208 -2392995064263 7345423140855 3894523094966 3521576048782 -9976004226105 4198885635805 -6135732897682 -1501725605904 7376899910887 5088193824656 11088285185443 4601691950211 8181009250306 6128579343266 -2551024589623 -7194249215832 -8510682540289 5100510162517 -5721758778611 -4677064268924 -23281939490044 2280389988226 9760826016636 18591451857994 -6238065257956 -7203635924353 -5347853421419 15913669350776 -2303574133808 1173242857216 4230716037056 1417970959808 322886421440 1841226731328 -172422073088 4695983651136 1052427946624 768518548096 -68499971520 -211298206464 3454246475072 -1852794699648 677647391360 -347030586624 788349685952 916662511808 2218006300992 1192206505984 304775853632 4329765268224 1025184729728 601960055616 1547042420416 -299799517696 -1458247691392 345268546368 1846034731264 -472734047296 -525688972992 1206950559232 179140337536 89833248000 2028829975424 238619278208 2370770853632 557509582720 2312543764608 -91642987392 -1843321915712 3404738120256 -1766986636480 2164004808768 -1525617545856 735337233152 41512760384 -276823103936 136405665664 2389546201536 2253354955520 1312112985920 557674733504 1637825841728 2426728729472 116628249344 758517085632 -857580803712 1580626551424 2881415080768 -611446659776 588430845824 2999389490560 977334446848 440775613504 2450765718592 461122619008 -845074526656 2710901114048 -2113290087808 -399384778752 -1504740811712 1549830401408 731338075584 -2584774658112 985678947776 -1081432989824 2444897554176 1396436875584 3346560806656 2085775786688 345837153088 1731653844608 1916009888896 2966374600832 -198232699648 3687973453760 2012848038464 -2031196972416 1580776488448 1395563820864 ]
[11354430255387 -10696420833022 4744727191399 1357404486958 21700062036931 4072064890976 -5216033348926 110187924479 11164073843489 -1604948610750 -725871926683 11074609515602 -12758568353661 -7389298600002 -21831798586837 -19759594366163 6034477068365 -16020207200 -6218082577092 -3824200264771 -1769224221604 24756506106827 18368125764341 4817587955740 3347892890298 -464177862938 12323220175023 -3559414448088 6304297901419 4423656001577 13394821969880 -171640715206 25101017020810 10556001108379 17109641217498 -5981986322380 -2011385256828 -5343589227445 4106677831654 -4590905143882 2166918678612 -5757383631012 -781606579498 -8062017169674 -2037858158975 13534595740126 972322514849 -6552671264781 -8664415617701 -16800027483785 -2557635640392 -17381497029101 18831825476566 -17402767119953 -1283677279162 -17985700769690 -6034701863348 343792049273 15293938505565 -3710474977523 -18519653314168 16428373856212 21940392937074 5906538227185 16663825008447 8467421859337 -15640445942293 -4947035477342 11720875057830 -5405908247404 -756922707134 1692556203076 5121574840736 -603531004987 -15856104682655 18233673234489 -4897688181531 -9844763272848 5017586339378 -615969853422 8024452736937 -14259085231634 39872103086 -9964027519736 -20432367445957 681757734984 -1950022747522 9317477318450 -16630712076303 -7414004224660 2122999841152 128142016896 870496340416 357542516160 1210785417664 2767708382016 134097510400 1284914357952 1404656308864 268015419648 1220020393344 254865108288 2293755344128 3154955949888 770364901952 -1383826907648 1332564023296 30381563776 2607748838080 774665123136 1537801837120 829744422208 -726028367040 844230526336 -287415258496 -2416186399872 1026868741632 -1285805944640 3253918574528 -1170440188672 39608955008 1723713704640 -595801231616 1690641182656 1873613963072 2707705663232 2938766188544 3974258801152 116729429504 1623558198144 1439839197504 1280098741248 1093131321408 2219300254464 2257009810752 -515133616192 -1722040789504 -308890598208 -1058859292992 -1065103295744 -168376801408 1080923903424 -215631336448 2118236243968 -1652533931328 -2314906243392 1172745268736 -1246174973952 -1910954859328 -1696466177280 976186091520 236715866304 -823869597248 89681629056 -1408702225408 411991944896 -201277097856 3756995820736 -1278867816064 1444490368064 896269754368 1309031400320 631802233024 3040277607744 2635453430528 -2901000383936 1558627676864 2833408878528 2938206334464 2580228635200 1443862845056 -670256946880 -1277127646080 830579074432 413690235904 1117416197376 1782136088704 48580571200 -1346684200576 -2832258168576 ]
[-7615642182883 2039334516350 -3116179518196 8412810667109 13123028050789 -5086857227151 -7267707965391 1383331041633 1976004684932 -2752370328042 8044608237720 -2076389317320 5366134504101 -4460842687462 6703721239633 -23667108063623 21439157694943 9527769368154 -10041807452559 2491906767237 -3500509633159 1861941871687 10545803831279 -11495563492824 -1794321224847 13753235726036 10020662439814 10960967762887 7126916246540 1495711084552 11249171935582 -11175734747715 15334016751932 -11463981953966 13241222417348 9988100996549 17349214261185 1193997887026 -13098598599412 -9261112557438 -11737962505288 8385232405161 -10285804338627 5062101447453 -5992324685724 14306772700400 -1325737924849 3714349087232 -7331958191517 16709563329588 438355222575 2681126968032 -11532853400354 -20137914491167 2530232746754 673108337909 6412404172094 -13224432733795 2925012375248 7373885675914 -8968220829296 7776253682633 -1635456932768 11764463203673 -7532936621698 16352562996214 3108689358417 -3992785193219 -24470441043141 -4533211389253 575585176045 16582446495754 11174028375098 -10031570528370 5701861603038 -12559393746229 12321087848704 -6642869606862 -5048908430144 12356975768620 7107539037708 -30137128721041 8191895969203 -10798196345697 -406589851620 -6868380736665 15101006719748 5309734728025 -5729967290579 16082608395977 1293432915584 -530231366144 -1658352810432 -942273482688 198922559488 1821207337792 4177124375040 561187125376 -1177549795648 1403017029952 -124681799936 3506746848512 1240597193600 366219255360 -648391503360 3155850663040 828658724800 1211533805184 625522770304 1974474535296 -942480841920 -654244281088 2007218333376 234299408384 2568153728896 87129408128 2609747147904 3084666237440 776777389760 486465895808 -17950133120 -1038573019776 641343326720 1111425006976 1123195437760 3746567571008 1133968580800 750296477312 -735950177856 2994376780032 699412861056 1698373163712 2379538167808 1003233740544 352792836864 2875976421952 589535824320 29101517760 -2171453865664 4459151683776 -595258787904 669282558208 -287900604736 1372327390848 832933805504 -3151186464192 4343459178304 726523983424 -1577688326336 584702691584 1146751946560 -941184925632 -278435698944 3983653330176 318409000896 -167512349120 1401120740032 488339088896 2567328672896 644841237760 73496426304 -20431437312 2505097803520 -1003111293632 3834881493632 -765339913728 124743288000 1907533879104 657504626560 3547279510912 -1560209523328 4065205380800 1038516285696 940180629888 535669672960 917321801600 2603778309376 2879557072064 2500368713536 -977008512256 ]
[26545706797865 13345820443199 8798711750210 -6652747771194 -19336809225810 -3849654785807 -859122937922 5427413322649 -18959765849229 -9322048340676 -16200474719482 -16930482556736 -7510055476810 -3135399702736 15905068325301 -5184195757301 -4839570513352 -3225448444162 -6338553350844 5085991253504 -2220489718219 7872458268632 16101886162695 6121022174975 16100892899496 -5203062631482 6697258508491 11519632946269 -31330378224757 6895248174248 397322030234 -17847486802899 -8640166515958 -6843852466485 -8826819344280 -6775085580941 14319095708154 -14408443310421 -7087793826054 17391054848468 8090343562343 -20164640045041 -9532472950383 15499351898322 10716434038634 5173174876328 -4196227665688 6945752506653 2083709327767 3770430594566 -930061412405 -14619101749263 -10704405812439 -395388460739 14800964932680 5945615422865 14693623416296 -301659179297 -14385004023759 2228311794107 -6862343832209 -5457381233534 8720785676419 6511793201264 -16273396876200 -11502784944805 1905685697227 7528562071042 10017189966774 -1951956322586 4345698599188 16798955802864 -13214640622700 -292862609673 -6711891332823 8369875041462 994866836068 -13517260190718 1876458839963 -722422059302 -4301539433494 -793875536605 16723968781633 8262193977091 685296033794 -608243717889 -7963006733130 2445211847996 2864633138333 -5800508742350 49782225152 -1809440732288 798176402624 -1158317816704 -266232887616 363026615040 -4522379419648 -216729877952 296240101696 -357572611136 -1678862090624 3467178149312 1221964942144 90341019712 1549794557760 107068355904 1117881443136 -123042466496 -696931625856 -345434122304 -1208762028096 -462502469888 -2493268342336 -1995692870912 -2036527796160 -1774289566848 -1252604443776 -1266106398656 394844215104 -490484798016 -3195846124160 -165841959168 -583402634048 1264278790784 1676595525760 255927454848 -858036338304 -919885927744 589775388288 223700134848 2231010690816 -552017316032 -59169196160 -906732697792 -1472378616128 476359829440 441611266368 -1262076912768 -4836908663360 -703158600000 -1262298118080 207587449152 -1010334606976 204672776128 536367143680 -2679374983104 -1903527110656 -61779638528 -371261402176 -1332445302336 -505742638976 -2393505089280 1050483116736 -742286680320 -3528958524352 -532975148736 -3239479699456 -1298337776128 -1132723866432 -1757310031104 -848397630784 -2432210493440 -128349146304 494626079296 1155150407424 -357700498560 -2049145720000 -649406954944 -1037767223232 747649148736 -1240621954240 1476695403456 -3691734882752 -293243484288 346149525184 1356760467840 -1207951113472 -809676303680 -2879191271872 -126336276736 ]
[-398262020758 5919995306104 14727150572275 2354424419246 28044233185261 -826497552552 -15206834400560 9959375979130 18053336046730 -6394467295463 2035335767264 20173865626720 -12990614224658 258482391653 -8201013177753 -18145502738027 -9501330940839 1056195018431 5500015501143 6436241132481 2074282191321 6371092882108 -29224594424238 21406891995504 8755537126513 8504527788337 -3598791774961 17088489901481 -17457973171887 -2320168278056 5985996999659 -15199013512340 9993150565174 3769471777013 8783999443341 3188029136400 29034774931795 -8554103337053 -2905849849480 17018567808259 2367629891392 -2699467097334 -10269600545332 12179068826718 -1627057146191 1773772553626 -5008444738879 -2611189452174 -6866590008488 146131804407 -1773648605211 22402074409210 -4818354495303 -9361906364528 6846635345186 12570965158841 17477881974550 2249326663522 3410786716608 21438080937975 10484117215606 4212296017294 12358365159959 -11124898996609 -10681407892142 -7483773880188 -7042566641723 -12859734361944 -12630229147837 -18970665006907 -5032818511509 14522731234377 11821260428865 -2895237520318 7387402052450 -6960108744873 -574152788095 -888833168154 -4556425186327 -19674879705994 1835202437021 -37569009144025 14371405233322 2384626839866 5011418044174 -9474826644545 -6459489522057 -12206588660878 -13429112005139 16444516131089 1156896390976 4689001631168 -33484156416 -1058430724352 1977159268032 655061974336 589452379520 979693308672 1357984618624 1187202994240 1335547162560 1480405330304 2823500893504 625649293824 2414130659840 3123785307008 1690390919488 5422596633408 2177505511552 -2029062072576 441719301120 3326954816192 499071253504 1335273768704 2429031632832 -694431403968 -1650806215936 -1368195610752 837373990080 138565247168 2783138864640 1861397631296 4162059590016 2288467066304 140078876224 1852892415360 -52252485312 4794147501120 1155203121792 3067840115840 441564168768 665689175552 1063314999872 2306127193728 1623300224192 1592757291008 -1385825765440 1090750940864 2515601954752 1131732871168 2463750453952 2759768295424 725276030016 2930429615744 805739781184 2778276688704 1687314492672 3266807004736 2396064049216 -1733333881728 2843810503872 -2786957038400 3477821419520 3242179364224 3819712672128 1135584602944 -476711768704 1827583655808 376362460160 377065291840 -2342418722624 2746925566400 1614636423040 732103153536 2913191508608 -511197876480 -641231380416 -469795538240 4295595905024 807840261120 2699069273280 3061424113408 2035371712704 -1091480815168 1623933907392 -871641092544 25070900288 1346574349312 -1027827199168 711795101696 ]
[10831926963942 -6738578685075 -6999042152165 -26933208733269 -14237654561849 -4508104960050 3272077548790 9642911332186 -11724734883940 2246015249949 -5751527469328 -19457191138194 -1205664055087 20627766684927 -3040156355396 6561439529659 -5946719546671 1390662069527 2358380408484 -18280523100239 -9762362725438 7984376177558 20743289210957 6335856562864 -12261127029560 -16210537853334 16444332604175 -15746417190793 -7524612594255 3962973805852 3417821178827 -165015161320 -5226139952525 -1296699727314 -2742210009660 6208187742190 -7318896806861 -5829628442635 18039876980735 -18695310649283 6468191735850 -9152883456775 -8679262058204 3832496855909 3110384790894 9515010534610 4470965341837 -319780995692 12779884670078 -14069760177298 6342267503421 -8036599221415 18229046685509 -11037162890444 -48874556935 -15111435312829 -1198420445571 -3926860977909 3541135041338 -2232088606834 1623516625032 3931016144000 7902680554389 -5018924339935 2640840451224 13044182349614 -866003745432 -886918383507 10765171014044 2987130030619 -2052460962997 -5902278846018 15767332032832 1485698465240 4890734576937 16178037661407 -1706549480994 -6049475353078 -4631488066600 9524963002776 -680668425014 11381647170007 -10166951311542 1703498852763 -9721637051394 -9799193110000 985346303697 -5396743909091 10729900364992 -19200916232278 -2874796413504 -1819746585856 -1345109553664 -347305605824 -2449263193536 580841277888 -1890664316864 -2248964400448 133885184704 -2589220367104 -2392558992128 -1138788772800 -1087147956992 -432769013760 -5107496943424 -217585580864 -413413480704 -631636037184 1598680164224 -4793485412352 -928692272640 -610085397120 -3007584081408 -3130017078720 -3488888756224 -2851885725184 460753250176 -414544725376 -320810689792 -398570941696 -2810824364992 -4516082810880 -3416387432000 -788954656064 -1066814296704 -1023222124928 -2269562553472 -1686791522560 -1345679381696 -4266753187840 -1555614942912 3084319484096 343669004992 2465256086144 782711146816 -650537383872 -2897596540352 -1269458414592 -4542714070144 862537832128 -2057881657088 -1772286133824 -4275392262464 -3278186266560 -2617451240512 -463138183168 -1186666800832 -4798868638848 -2330426805248 -258883693440 -802732418624 36410306688 -5650168358208 689037196736 -3584769951552 259655373632 -1993058587648 674357176704 1624683549696 -486908153920 2417405179776 -1294514396416 949110237824 -541674734336 -1223721219072 -612120998976 -2977921348544 1416943514432 -2605451368000 -1074139149760 -197490991232 763632982848 -919324467840 -325778738688 -119831577792 1446673023424 -3818575046848 -1781922970432 1025388752960 -1830006403264 ]
[-2661842597128 -13719589322466 -11567490710004 953430810371 6656369917018 -4550468872800 -2261799735953 20393423716923 -8028882711904 -10554725239712 -11778826973342 6844283604 5677435837641 7148656739137 12283350118804 3232900225080 9461155244477 -733977539085 3971286500618 3131833285170 -3709719422278 -10045903742111 7120996183150 10233570643605 14446986472544 -4774145800802 3118304786867 1714064518288 -405441247780 14757627002829 903539663065 3133626104382 3303271082372 6910276615077 -10597732636824 -7117914748682 11453287416389 4193089415786 -9417164517383 233391070749 -9758786141098 -1743239667015 -103851781403 7181850313740 31588677895638 -9743750946364 -10947364883509 -6841001531513 4028584805500 -10291479408244 -2537488959403 -300102948805 2100760155231 -2608316683294 -9265071618516 -3537456951070 -8174960907754 -4214535452402 6684553767581 4848597961561 7736523408897 -1290332494679 20863938942950 -2120581401544 64047875496 11370112634190 -4926853810839 15445572099496 21366926589328 -13223072939862 1757195595204 -265730493716 -1651230522173 3741812206446 -11216990232354 9317480889309 -64563072963 -1783813822218 -888728678906 564087421184 -4041269605701 4633224079939 3545399867918 -11506116001999 -12809702323552 4509527003561 2834272390850 1010115793914 4635307583163 -1271546883308 1778144384256 2150937249280 4136016633216 -914619990080 2589107513344 330504535744 315461732672 1626796619584 2533836700224 384164361600 335250369728 -655172769664 -413293957888 -1597592129280 2148435610304 -859722147392 -2000716814016 983669520448 694854034688 509041833088 170419777984 954968397888 -741156558016 933025140544 528109374656 377512963392 -524726933824 3318234058496 1570801197120 -124663079168 1533399377728 550898851648 246689738048 2184156839488 -2323004284288 -789701905984 -1122299619136 -309982968256 -403694254400 2146229041408 2200317730432 -64855781568 2069423498880 2180738629696 -1665955723136 -886829048960 2475294274560 1590417211200 2373023508992 459178078656 -1687984912320 746096751296 -117270231680 808068472128 847528243456 434288515456 2448309039488 503764590912 2247806681344 60044323712 3846408899712 1288382050624 1972280157888 2666182687488 217244735296 -232409358144 -181132305536 -608079000448 -1631457006144 275526635968 3460394715008 2450439958720 -2876723200448 2609067202688 -980938112576 1903258740864 862994293312 820654051584 183138867968 -302029747968 1982235780096 -557200296768 -784604831360 1451584235584 275217985856 3555401986496 1068379546368 1707990352320 -2165316036224 31162434752 ]
[-2302159599740 8792569146693 -3530934112251 -6149980250968 15497471877902 -12828433944561 12636749121018 5917379953065 6256837457755 -2154779375673 -2704629165426 -3660787350647 -1262868048216 -11402264921473 -9162027038505 3295604378046 -5622256466539 -4516398250021 1193023593385 -839676517865 4605548690532 13617719103996 1693722646883 -10493846537018 -5377378686175 -2982826101561 -3221569875460 -7640548255794 -4656175572697 -4995989138040 14984431820752 5438024674354 -6764181212732 -848376031187 -2153606854764 -3054962811018 -3849308315230 -2016727501552 -8982105030260 11840200600053 11521339389985 7137644998884 -3053343729238 6549255785205 -2375598878133 12187318973897 10327452711296 -2979212396765 21927212169531 3575189534431 -1357122504500 -1203163317511 -6694391582070 -4782629817759 10072668556475 -8801643084485 6475897139487 -12780548136151 -4534855149075 15247777256335 2332075569633 15474054545862 8311348799768 -15591642147825 -16617441798421 9882926709240 -4049096942724 1039880397087 3277521411643 -11626093180182 9344418606366 2598150761350 6533242746534 -8963606853082 -7946620424749 23421450850159 -6779866610701 2432015281816 15859740992876 -13494683521472 -4553365344085 -15480594764875 7615570167752 -8128069403898 4686460412190 -1428921705178 -21969347441237 -2395369510649 -26523478347535 2853870185994 531712593088 52140692288 -780448959040 -73248772928 -1398543502080 3157453409216 1791075582400 121505697984 -3752758690048 -563925144448 231080800448 -326290051200 234082407360 771621759104 -2559742238784 -644790900224 1115235342208 -211566459008 -3978735556864 -1010576839936 816968338496 2832726360192 -1264226002048 1173753966144 -641971127168 -1415437649664 -1507924115520 -1582447775936 893146760256 598028965440 2320703523584 -2600995953088 -1508542246912 -710461597696 394989840128 329181331072 710346910592 706252564288 -984939222848 -586368006784 -163269479168 -1971790349952 -1196755166656 -4782588073344 283353637632 -66679416704 1417586690816 994022927680 -3649454890240 118041764096 -559419869440 -1337167657920 -1275923037632 -816800383040 -524646556928 -1929132915136 2483104670976 1887995650560 -1130780503680 -156133233024 2152794619648 -1486760289344 -92373397312 4339077360320 -1909283923264 -368531938944 -217607974976 1141175722944 -427121420672 638757455104 545875188032 1405995823744 -4470760929728 -1465812667392 191466641728 -369413745792 3621040795136 -5635880718720 -2956153906240 81626091520 -968297838336 966839380736 200165247552 1168411961792 473844922496 -827277141696 489770692672 -426012396096 1642660767616 539235824960 ]
[-9752957546718 -6185151181556 -2168963587616 -3493137344223 7789408950740 2799705464745 13834952297998 12174844827567 2528526659486 -2703640543545 2935901053270 8087716028719 14350811948337 14789371920568 411473741706 -20247546597256 -1511686957964 -3183874442345 931420361797 4516838368757 2044320232214 -9369550734018 -4815608814825 3150189142975 3525233040583 9435509730817 4684067425806 9882946686603 -13521311154570 2621454861709 -173394645686 -6788051751979 -815449752394 -5549613200270 1202661486380 860688269468 -4431109238355 -1996046442061 -6372505932348 -1460995906066 2502766987214 -5068451193975 -27309852845068 26343001397050 2969698569341 -40824643125 9446204687341 12919891308059 20155848022557 27518423499847 15276679803336 2418484653854 -6440594039778 -24987918452106 3158363640066 -15752171971104 -13010230327572 -1453605295183 -5597470514409 -5064450357540 -2923164537261 31445341021203 -8648211125860 8670155578691 -16287477798175 4447260916107 6372457524882 3761353913124 -17854980696215 -5238545728639 13818121157678 10188777318081 20685158288848 -3064661572859 14246072648300 -9821823743112 3713199871642 1707755796586 -9072320369934 1100314966956 4232287254402 -18697039527436 19434638467531 -18009733176684 5873305751853 -3681778374968 7187636245113 4670457953875 10245277669096 16651375288002 -143184674176 933697966336 2746504940800 1985170537472 1157786783808 2085778185280 1841820953664 532708079488 -20888276864 2639161927808 711965458048 4030041311040 3666036595136 2324486691520 1522389216000 3322677202048 2244989021184 1282872549696 1865753181696 1452504470336 -1242081824384 -729781276480 3806702113664 2591401620160 2397388687104 44487428032 1772146032576 2814421966144 2696330500096 5780529358272 1068807629312 2206103746752 2753870174592 2932044413248 6411889148032 2927891678272 2345306053952 2854898835008 2229128476544 244920291264 3991297779328 1524726577984 2257823246976 -252270943808 410954734080 1472906336256 3176700883584 1814844610816 356181380288 2876899549760 3408986522560 813539744000 2261047248320 1148969684160 -284765333568 1261782006784 3171947851840 1760904114368 3121873315840 2106486121536 3921404845184 1469136702720 2136407616384 3286092195968 997389123712 1911494656896 1365888014848 631986839488 4479853186240 -934866149696 2350812231488 293758442624 2989128796480 1128887211392 4425945185280 -1007690572544 2751692884672 -1566060944896 738485666368 3167862499456 245444624704 1029896856192 -3497633942528 2624276635904 3011526795328 1052586441728 4347340270016 676780411008 3217597650496 272901532032 ]
[-9824754111458 14954185705739 -120512313887 -12183212542214 9570816080097 -12071430710515 9082241509108 -5051446903233 4111224266572 14267902992730 30237318520825 -850548472855 7297986949549 1926092065618 -7685935529925 13359506717362 -933042483728 8344660126041 546045589497 3256582308400 -9827689665603 -12918922927530 5405107811680 7290860640622 -12859710056818 -2662257610856 -12250090430142 -12795053122887 14094218972987 2907579126364 -9892141039079 9262976960168 -4791706746896 6513158288759 3325844749717 -3797148648436 -9556326233367 1323485494102 7482469133680 -14763026633658 1413499873036 17004480343202 -13820517267257 -6330092259730 1291316475697 12006630291666 -454240787557 6482584118398 8078178584293 -3202068194008 -4447669732830 -3803271470190 678388318344 7745862885459 -11896931931304 -4665650587005 2686356536719 -7792104940258 5629433935721 -863376859740 6196333199231 1386203936222 1179235890443 9437615069146 9294784540240 9223046912670 -10139085563057 -2711605645876 8590796448390 -10270984934461 -3070425811491 1270819616832 4303523587481 3511880361916 960712784830 -14180741634880 -12808609619488 -3775830570535 8828136516597 -2050350679199 10999883780453 -17818291358071 -11226120115498 -1869545121973 3831703955341 -8975022209379 9124212223812 15717724955437 11742464216972 -5408197914334 -1899102093504 -1449697000128 -719314558976 1779613419072 -280989371200 191900610304 324368291456 2428317510784 2177483774912 1497562976896 2514203010560 1589202271040 -919962840448 636358180352 -678722116864 1162409177344 -3918761069888 474551140096 -1720100207360 -190508408832 -839444756032 74740772544 2333640101952 3994910036224 3127722474560 964909879296 2250577211456 1853609472320 2617695647104 -1712097189312 -405667438592 -2039268664320 -888780512576 -422096141760 -1653360937664 230520575360 -1288063338880 1234119469248 -1748752712512 -71144527616 -1931379864448 144806610880 1871938921920 918949324224 1827322181888 -587087818304 2472765575424 -1920085974592 -609671858176 2256284681920 1514145183360 -2181915271488 1129076604352 -132497093248 3203573815936 759597274304 2106987883072 3018726531520 -1131907220608 1657205935168 1156432758656 1271060007616 -1313441671872 88608042240 173054842752 3461632632832 821482051264 2633507127296 1031528023104 -2267512428608 -1513336394304 1822892144320 1062313033984 -1231846246848 209446459968 1288462139328 -2943539520832 -1471001240704 -3167462363136 -474174401984 -810441330688 651621365120 -1578007982400 184931050112 1545304034304 -1573849924480 -915485611904 -1467155327168 1764379516672 2029021257408 ]
[-9053199831214 16977784643647 -4503207029378 -15704728521441 13013889326822 15654532366837 4810499890346 16965303506698 7184378647273 3914949371971 9953383902262 2276107946422 -2424614082573 6175167035798 -5353363446165 561398163075 -2314821722234 -2787635957920 -15715119812517 12528379341073 7313213361468 -12154328238580 8614945916976 -20130398846118 4908116645600 -2499163511691 -11348978526450 5898681627438 3838605942642 -436942311516 -5270477621390 9734254964907 -3742495228836 7187507974292 -7921629529722 9067377439062 -14371818441682 9983350090633 -2802384734578 -5162035852715 -10632376946438 5092718816875 -5899182237424 13080506789962 -10433251825450 -7933001773389 -2990375663218 11082502829204 3024387627540 -5621386849079 -2791811591310 26153605433448 -13867436905661 17691419900019 -873715029202 2254479766086 5974360008536 -17233236208585 13250425482743 -32903787651921 -8487852485523 -2588076644221 -23860904261738 -2062676107372 3991109828421 -5607134657992 17497925146951 -3506310935639 3256150056777 6667414543711 4259616848632 16632532420819 -4787437436178 -5288509527020 9382260805281 9642881161664 7552042333033 -5579571379676 1007836521153 -19465631787227 19774785115610 -3691338759706 -8276641563806 -2306792757912 11096567692448 4966752615834 -5087398565630 -30238367710245 26607043338576 -8033612604928 1963945901184 960989711232 1781834028864 2462739851648 1911590725056 2374453774080 3971747679744 -93005301248 1013436563648 -155992950016 2128563031680 -1626207674176 2143562784064 333053512768 -456178503232 1332370491584 1585517231616 -469978216960 623718134144 1357375546944 3520145878784 454593752000 1586658517568 2126021558592 2600513588800 -4173134731392 1447183525312 -850851815424 939676974656 1256824855552 1094117373440 489250066048 1199345000832 1872423786496 1003810767616 -2153816693632 1362616105984 717926919936 -574499425792 2515043923392 1122197341760 1073707849344 -1273178944064 1009067322560 1251018570176 1547062071552 -1851557257920 3542858575104 679571184448 -1763751204608 3957208062208 -806680722816 356108092544 1336615629056 -2013290099840 3396052326592 -1008206693824 850551481536 1795288465408 -1778217241728 -736563340672 396480444992 3074117588480 -1938221550144 5647040353984 -1021571069376 5325384455168 105663710208 2514168050304 -624549539648 -763918844416 -1873649725504 685027651456 -1193823250880 746605585280 -114558031680 -2419759627648 2260371461888 1053440358464 -1370283137536 2351472829120 937154605504 5846688211840 -366929821632 1346310106880 -522773479680 4274690608832 -2775406572288 1463255710784 362010916928 ]
[-19700614814846 -3409585774353 -12322486346565 -17424584763537 10103739145926 7195599874341 8875092325357 -1926293696337 -12633382203549 327534294759 -6425348602616 -19895263631873 -12444280630803 6808830123323 -9861061581442 7658482450383 2100582984047 -591397912093 -12970970942885 19163435797338 -12228935152754 -9888409167366 2154715183329 758771888879 -4266674796510 -14637316093600 475994668051 8115220043134 -4644977502762 2378618928469 20217390365999 -2241140935182 10201734660913 -1149588381147 1200241207308 -8492480511622 -8138942812495 -8051470962606 -13741604150000 2385008462476 4902239497454 -2302960637465 10413212162601 11417573957163 -7331890634135 -8028909842214 -12115505546055 538766833690 3929505908238 5856051666392 -6577474871002 2604890170506 -10296368194089 7765753958277 15709083916931 3561327958854 -24817050324212 -4545661877263 -419555454359 -15978598356239 2064507339199 -9940335050004 5020172477 12988597197727 -6798882587389 22011637213222 2232787404440 16840468457728 171620899011 10094011536814 4759233706994 4059038059154 11529783547113 9471938042968 -25454037571858 4445933202502 -7168119983706 -15964364059906 3442199827938 8666616050582 8781990174955 15905027593678 15618231459666 687868784242 228922181629 -6259200659486 19059865857618 10023229828269 2211484239262 -9305969607459 -3166259098048 -2041927761344 1971974577280 1134899385536 619597488128 -2659797970112 1877457997504 -805961782208 1027107696256 140064306112 -423923553984 -2166090919296 -58646704192 2787059792448 -4069391135296 1720839782976 1367767503360 750120628416 489954582272 -1171000565184 -843893909184 -3043883667072 -166934414720 -464129124480 125234204160 -1166563199872 -575034480704 1812771606400 59160547072 2328501035904 -440493488512 300844754688 -1766478883008 650716843136 1377921082880 2296846331776 2099464051712 -1160112432064 -2140193977088 78164076864 99515290112 1219990647360 -3387624218368 3165673320256 -1552685874432 242255143104 935015066624 93593078592 938075328832 -2634964723200 1529543012672 -523233717760 1998231771008 -671653489728 1778186749440 52192055040 -1012208860352 -1210138523392 -656139584128 2212960214208 -26710124864 -1842305784704 546480364032 -2664458321728 -996040519872 3434382110208 622874012992 -889878401664 779011577216 1591928027456 2688961013120 1199947384384 -3665646084544 490037089600 -562277867520 633469825728 1166299844352 -365575589632 2696770513280 -542898930816 204970838016 -396925078272 -2077517623744 -761046801216 2042869492800 2470605163392 -1230826365760 -794348028864 876457435584 -567609681728 ]
[-2078913361142 -19077252146735 -6257798419127 -11649305642425 -5990544576801 437274462701 -17206943285135 -251128854277 9665789746761 2220136614251 -3362668601335 -5816629743907 -5749241020735 13250185760451 21091752186269 13511428510599 1153976406435 7561553267864 8269069910211 -5614554562231 -7285097121969 572758013342 18077219076846 -2948840380130 -9226253584739 -2597784581883 12320529202878 -1633401717765 -10920929824481 6549195638617 7458357356456 -3341781144388 10560644754251 -9067846020774 3313190851517 18055465259343 7015663208902 -3253138636022 -8569419021212 -7930065841782 2145899581271 -2478304797499 -14736350110055 -8651098562436 -380164096470 14751126223092 1623137150544 10147081537325 -10156303182093 -6513896993529 3686759879232 10501139455914 12715259916395 1381578025538 6302260795952 7275786866800 -1002978060589 9822275613559 12234827925927 5390686513958 1206767010761 8540463063636 -14268019877358 -14419284336488 -15902582259339 11359206901890 -14672613006850 1636753275750 -2556560136148 -4089581716497 -28552587906063 2975822217296 3520056161069 16322491915062 -7164542773358 -13174650121973 -3340045229914 4867771399864 -12677486516151 -6275977120721 -4471794622974 231704048956 2506513280823 1964989098525 12338195286732 -7834572401804 2755909651711 4573882275080 -221143259889 2964777086693 389436538432 -954240468288 718747368832 1567224260608 545370594752 -519143538496 1460428786688 -1618090323840 2374286772096 663747752384 -2623140070848 1689290424704 -375360853376 -578233320256 -726412569088 -1765555532544 -149094687168 315259447232 716638289984 859038419712 -1537531390464 -129134119936 476668967808 -212674054912 -3167659214144 -957573487104 -1084016706880 -3241413038720 72159768832 905113036992 1265805839040 -189688029056 236755461120 -2690239895552 1058963820096 -1580381267712 -1110972076608 -125463880448 2441069871232 -1148963581824 -615109813056 2863629256576 2000231946240 -483180946944 -1112439628544 1259746084480 2214881962048 -807478928192 -981550202880 2954642911488 3623354584000 1843639247616 -910779268608 1108865196544 2187642483520 -1191285420224 3203947535552 -2542888065664 -1802501700864 96231577344 -23403401984 510790065344 362303403520 -178481979648 2364310166784 -102987094144 2174000642176 -762124400512 2214358278080 -309137061888 -1179182371392 -2201365111104 1582422707968 -2029014488128 -4974272512 3196725875648 2194606381632 -304225017856 -1573425137408 801763127488 -975369387328 1324188766208 44365307264 1910455699776 -1369605871744 -2384893954176 -1477659614400 695824267712 812366760128 -395333327360 ]
[4274711526946 13399141239567 10153490317708 5330111014444 -6512485086849 -921627473411 1645953118638 9867722255812 -3735186372751 15700156952373 -12960104444245 -11382679900825 -8193123897873 8415580956271 -3458120234549 -2684006270720 6137340421216 -9329751180902 -9950240940451 -4190835065076 19139785479653 -4124041977237 -8219172258555 10092410107930 15798034295796 9196079650715 750372854557 -14483146361131 13901322877354 -21842861312095 -7174933288841 -10809115999484 -19123087146943 5182778682123 -9741527009374 -4614890296360 666883409363 -7556422899312 8358371572945 4836538524881 -1552352469319 1350906750843 -138158316569 -814990678019 14345204832466 -4987783719380 -3496662912135 -6486203890508 3356847568162 -4957930839378 4928063298412 3637287072098 -12607065270954 11501726738011 -3413233991435 2349027469037 21868778402266 -17535597564363 -8029265799903 3941195942584 14521959794296 -4796945548224 5133831818485 -5187043228400 -6704907544967 -11146811004951 8987062704167 16370213600462 -2663204960212 -5713636175362 11048824637989 9810272037957 -21337568376049 -8952669986708 -4808608029426 -4145390857283 2882631950090 2497281746135 -8823717928961 -9782720190436 -1824190915077 8978664415542 5166294165980 8677397058417 9958999130568 -3918433523728 -2702127115825 -11073361730413 15705212190088 -5116413248382 -52456455872 -60342512256 1629015943872 -1526869906432 1145989203840 2120909095296 -1393495125952 1535154917312 -59574441088 -3177945101696 -318668901696 -397827771072 -539356186880 606232166848 832056992960 537152686720 2487955448896 -1155491495744 -306875190336 -1549136967616 1407494411648 -580545598080 1140677949184 -1010309501568 -1639623146752 1901592848320 691397257984 -515307877568 -1441284659392 174500975232 282634860480 1521127163072 4573953828224 11871347136 -2310207321344 -2607812615808 -1226483610688 -829875367872 2173385615360 1853495678848 930882800640 -4078355376000 -1516327894976 -118607534784 -743660422464 -694269388416 733086148544 5054263100800 570511475264 -1753356761344 3771794674304 -387668419520 3372079692800 -533085647424 -694860322816 3105101363776 -1326080332352 1142509835968 183979782976 1228060445376 -544002193344 1191618551488 3392366536256 -2406628940800 1986524008320 -322156441920 -278914511424 -1436614119424 -575596983936 3084622564928 2104378715520 -59484210880 -1760583709888 2492693876096 -2517507712640 2823052038976 758996192448 -570766231360 -838848848832 -1652587348160 187571078656 -430321121088 2592723845440 -472231748032 66283410944 -721413069696 -371510101248 -22646242176 1869606416512 2668878648064 ]
[-4450071420274 3563218306237 -12768434920685 -10139467932642 9544807336879 8918533200463 -634652452751 27845944282795 10802037597402 14970838015052 13931444582357 -5350289703651 5497286807287 3246556210012 -1259790388810 -19879199766206 -1660555989289 -4294952417477 -9162562822874 -2473763494494 13885496220095 1818775667272 -11680977702793 -670205126148 -5407713154140 9274936296508 -12898107062983 -2032039537315 2909549380611 2688490767556 6627342803135 -7053459587389 13819995500113 -14605858193464 2609676342317 -7164181061518 6922288267258 -12028317519700 -5178853378893 19706231534125 7429995592916 -9319844008579 2630422261825 8511399112973 -3710267325091 11915756674504 -3251339146412 12229007076616 5549842651832 -20687105091584 2368446130535 -5739640404523 1061241716842 -4648600925362 6379115867368 -4052518462544 1205618020344 -7557439282275 12256176195128 -1957797962026 -5568126769100 549499414758 3351641336579 11358575525479 -5507065344335 1857649754803 -2852570117825 -4878895443525 -5287226835130 -10039023509429 -13494230737222 4418826790953 4599916569639 -2168022482645 -13305164076538 -7617877277823 -7506080828234 -8365270632353 8531689648245 6720134507476 3867721470123 2044778637558 2976773515791 -9608380435091 -22323729791110 -5386460592986 -5903835269171 16857030129289 -10324786282133 308338871268 -125125818432 -1492839903744 -1402629438080 -720300788864 -1362010227264 -1697445850112 -881395865536 -54331237120 1073694585088 -1449077369920 -246429722304 -267189075264 -1534525608704 991196286464 -2521994494848 -1681531534400 1405627741952 -1789666333184 -2495375240576 1618437580992 -1266596764608 -1194097253376 -5417942213184 -3226986911552 -928299319360 -2339043841088 -914921879488 3271465527104 1594976071680 -907046053056 -510846633792 1273086139584 -269598768512 396747416192 422488221184 -672351627776 570555381376 -1310781476544 -3189104779328 -2646032775424 -3588742678080 -2576682197056 1251223240256 -550533971968 -3093146767040 -1622854470272 -926694389696 -928521431424 -1019193347712 -401078215808 -857775167808 -1352189308032 306627924032 3753658585536 -927419557248 -4391825879680 95561160064 -1280948582464 -1931626303104 -898254250624 -2850702644480 -3791140038464 165637590592 -1291173808576 -366154122432 -468040048128 404065961856 -159581935040 -2273764705792 86013024704 -2495293919680 -2374009373376 -3744727788160 -1506872926656 -579011166848 -261407870016 -525204274112 -1616685756480 -1149317453568 -1143070473408 -2412967270656 -1510937595392 -614204598656 1158062729216 -2461862877760 70170285760 429596092928 -1364324995136 -1914076358528 -876070882688 ]
[2192509120617 2135525481181 2377738635090 -1490697011869 5819896438706 8175723993835 -5088813663816 12196807749185 29592802015186 9407832419063 -7523632129994 -1455869665737 22004935898372 7143508417910 -11080048651759 3828180266942 1236821458931 9161941905373 -160803603844 12249554860215 5587226771437 -7033394754102 -10754878023223 2630527891749 -1500578170845 -16448941848364 717611601548 8266888235345 -7471969442070 -15011811631695 -6448876732101 1899166177540 -4444252250003 -3499700173142 18448563949767 -1649576708106 -19789994213791 -3633875761225 -13411018633154 -17123195182211 -16726326470922 4026064128453 5017498126262 972697068309 8593742739807 4425942877370 7790037015935 3152658444379 -7466114344708 17850635024505 4214267283180 -12680532071869 6385755132951 -3309950602210 4629195817074 10711044207410 -1150149638649 -2144904126998 22303616926136 -12576570289515 14704812602169 16944031497601 -14288327479333 4755473724398 -1241041952428 -15347551194207 -3013115862229 -5413598673240 -26843128127376 -23650625282379 -2760367768939 12916833807563 10435197896125 -4578465042913 -3989763894967 7641839191226 718598296635 -11298065582391 11510394808260 15815576772539 15649398104611 -9394722153975 -14518569313685 -13797458423615 10197185503708 10898011228747 -8679804704291 -3099708131637 -2943518774729 14351534193399 730176853440 1024626094720 -778535261952 -1200222383744 1636854919936 1392898988608 826611809408 233210129472 2299129513792 801055699648 -2340171226368 3726829560384 22997806912 -1592163519744 1826212271808 1862642156352 -568329773440 3711779172096 -1790287392320 1382144057216 348510082752 2365303204544 -1011094907328 1236709835776 -485094005696 1748486964416 1468980325952 -28260927936 2741494770752 1083424818816 133912600448 250595362496 3796893443072 2826107236096 626995717760 -2498341250816 -469469338816 1043367546112 1728884370624 -1588320489728 -2981707026816 574513339520 -1582440175680 899789465984 -1171896428992 748254385728 -317560941056 1111287107776 710016860672 1702996659840 1992761919104 3944040254784 -1260736316096 1638211189120 1537922690048 1225955479296 1815463558912 3625594444544 341952784320 -553899587136 -1215637647488 -577422370112 1171656455872 -1245159367680 1761131095488 -297679154880 -1413943062784 416699355008 1811883685312 -478580185536 -1756092541312 -4080583863808 518681863104 -444091584896 736868994560 -1926899675520 -896730557632 1230208365888 300107475968 -257506237120 1780419215104 1736250785408 2214565361664 -1643951569856 -3758162751104 46500168576 490756053568 1280935575232 1352081338368 -776674349632 ]
[19652674900743 3327463347732 8484902150489 14121505824932 4681887570331 -15459292122174 9967811129565 -8716534770939 4310894833202 -4050464317518 9830399458171 11895570574280 3701636843703 3890223237370 25863214372778 -7690090777279 1535846978293 -6549195241107 -14710725515332 11941195476528 9908818709867 -7731563443867 -4842449698891 -9814085266786 -5587979116526 2982437208074 -8790724223514 19800832944776 -7594154785024 13261115202258 -6079743268142 -2874219337471 -11241711964922 -19207818600747 -6763519470314 12993992142750 6048747826265 -7258434887192 -5936729575098 4022754590072 16731030446214 4586537725033 -17627924592374 -1180166625553 -11453344100541 10646748125990 7007213809385 8734780522948 6314946361356 19983256131301 -1084250577564 -4377183561455 -13521668178367 13973083845297 2276985137240 -3123560357384 57411109334 2807842586899 -13112713665160 -6534593486587 -6940084016179 13433701832987 -10239687299941 -9001968031273 -7292749273407 -4172641614867 3477022602835 -12496942357031 15159120404683 -5247491170251 9754961300355 9034214065 3576439692324 16475222415298 9900689834214 -2465848492539 6478760126380 -4337777149484 -2133532136416 -10003841664878 -11722850364057 -18861592573027 9993944645223 -4317373061393 12569990620415 12148452411607 -3853266640395 -2380654517416 -1208279420928 6070626845763 1202037520192 5040669729408 -590917335296 556699764352 -165879954752 2450257276928 2337064292672 2028284466112 -1550703300032 1811011379456 2533255113344 679710805120 -672172561088 3288490222336 1725822504960 2794619596224 -391148250880 2018568216192 1450583459776 -97682843328 1840106236224 2751640303680 876405357760 1124501570496 598702907776 2654144236032 1697651171520 2711477298240 2476036802432 1735396808832 1456992670272 3244461070720 2658869901568 5238988962624 867008224256 -1228529741184 452782993920 4794627041536 3388248006912 -1191145835584 -104313876288 -175434615040 967793333248 -731024003648 261041816512 2582520328000 3708298309568 47073578752 2177460886784 2269808872768 2734335139776 178503187008 1945632629568 662570827840 2899157139264 1418630462272 787686235392 -1461155960896 2742883860928 792691966912 4545610771392 -726899307520 786286826688 3580486257600 1959154970688 4079559116352 444753158592 5227180235712 945278040768 1777756979200 2063681155200 -936755313280 1745785957312 -155213248320 615839811648 72781182016 1450612461888 -1450348830592 1278693010688 3243202671552 -435023465280 1830892378688 -1089249984256 2851329543680 1946847128960 -1096440378560 2541969353728 4664054502208 1536528498240 -1013616247168 ]
[-11239361732227 6229261902625 -501518211675 -12163431473853 21577993701055 11015204258939 -6709686860896 1410261221952 -6995916893552 -7238842128877 -10676122193164 -8369306447515 1158715289272 11832710422065 -7680537152389 -5547658367165 11356162326232 -11256980488131 8218639395747 9050149399169 17648671139481 13586249114770 -12561072579515 8731980532462 16911411500261 -6689283078204 10257483882348 -16643772318356 2779113744727 -9316287068918 12232529570228 -12422403322557 410249384997 -5423481593620 -180016326191 9842614954101 12509585085445 -19548387812937 -14020312965344 11690983540239 -1252561072296 -1518862965055 25756542939440 -4256586411452 -2652649112810 -11830050070344 -5533600176899 -20741033630005 -8932392097331 564369183364 31205535066202 912257718260 -5375440504849 -8687636410620 3379054777404 12924987353912 -3270439261961 -796162032968 3836091206992 6359561785078 19114362962890 -24352860890756 22425925042518 -8101521576277 -10111054266149 5032309898741 12179936308772 -7707033821369 9572546443767 5738662891386 16083362495106 -8065568171279 6154070415798 -5166281262958 13498074193783 5781651642341 -12910517209106 -3370790193305 1085731615758 10396345057973 -2740879512197 -396845801164 -3633275166078 11794424648500 -26307103590570 -6777311472286 -5232139959360 -19775990573900 -4104967211477 -11004696428493 501145070592 -137711181952 146987786240 1998154729216 1686220272384 19937072960 3277407552 3148211658624 1909149833536 -1084345070656 -2531014380736 1213181813376 1295283137088 2169776303360 -3571585501504 2129423987840 2902165981056 414126607552 -2643141010816 -1395066819392 1281796781440 558840585984 661693535744 -78490875840 -259442269504 -1633048370048 -1290324627648 -221173788864 -3250272661568 522959295488 -834426020288 1692515120128 1516549910080 -878301803264 2209993214272 3713154771712 3186805597312 813776528960 -1012021681280 5757940152640 748169423744 630973948352 -2718594402304 -1241260663424 -72277629248 1158529773952 652213410624 -984930193984 -75931788992 -65966262976 261130005824 2643054743104 2120055143424 1790288179968 853561574208 630880833536 1811806953920 1966011980096 -2532220771648 2248493084800 -2810482974976 198985295936 1331701712960 1560587304128 -3271865117184 -518048545536 319780906624 385191729728 -832250426048 1285320430080 -78791533440 965782454720 -1723263746880 -424659755840 988543387136 2047747915968 -384813364544 2535712246976 2713235401088 91950285568 -149104536896 -1284225755712 3670296251968 1535828664576 -4065649295872 3575843073856 2551926589632 912401447104 252688508544 -553252255360 ]
[-7410484906970 -4819244424637 -3618880225629 10065962933939 14238287577009 -7723178512101 -8793341410210 2935238224862 1606397697216 -4825582323541 -974426945379 17101808421914 3273542985817 1198325705154 15780748172941 -2654227747155 15836729191142 -3803960391109 -1268822949701 -1032453865809 13199457201054 -18239809153517 21384612740264 -9029113805026 6801164939011 11649820107644 12978165023492 5331638775530 -5123974253820 11385684122028 -5917941953823 1992234422261 -8841905100730 -8670685119260 -3472070552652 1645008794228 9751433606296 -17908677180254 -4749737879294 -17204311682549 -1727132648057 -5845382771293 -16054782133537 -5894714093925 -8029248059869 16844809024661 10080090078966 6408766175048 -5658346559884 8606392477531 84679469795 13811244511769 -4459303963678 -2734446812416 1703789291734 -8460016936009 -16191601008298 -14143953618851 2339616402601 -26237467225675 874431001741 6191900734075 1415447152194 -2041055927535 -6807606221186 18223176066500 -18053683801887 1136324132200 17687061998548 9572189813133 -3407040952634 -2479999273415 13205931894441 -203566099828 -5994174309117 3632149649679 -7269858518835 2206794621354 4348571408215 -1410418252223 -2678080201614 -3372825798686 11487804403365 2119640370869 -7147965424152 -2217162762263 -3552473664735 22034762782272 12812734424907 12839460310091 1927305492608 519082254208 842986955136 -392270690368 -456111921536 111890072576 4188795682688 -1162423363712 -236911310784 2977016358336 1411535524800 1722823615168 1573241494016 -1020607132544 2459776881792 -3052385735936 -1003795852416 1081064847552 2284229574464 1546533279680 -332258778368 3900426162432 2689069425088 -552559763520 1367457219072 413358977344 2132145497536 2442899984576 -282807288064 91913172736 1358946273280 -853604242432 2018202755648 223937553792 -128803892032 2772220028032 3072990671680 1528060228032 258424497792 -506137033344 2311889121664 1677701750528 2058580162624 1582209562432 1284750462528 1281648229440 -1111168202624 -556414504768 -852805838720 2702493295616 -214218537920 -1780308626304 1798610661888 2452725003968 -49352062976 -2606636411776 1090433019392 157184763456 720054387840 -2132013627072 1930151920128 1437544835520 -361358562752 2198147322432 1614286144448 -2463976122624 -646683374016 763592008960 1279328402752 505208367552 12502139264 855126970624 3325318642560 1101513463680 -2021695204672 -1363226032896 -2455654191872 1152456157696 1638832599168 3322764002368 -897755406592 2365769190912 1913168089792 3318568780800 4103175233536 377971399360 1386183756608 -608494645312 208638156352 1744475643392 ]
[-18962307617857 -3154971107133 975431736615 -2091021718414 -2743289489907 6830465357828 -7279735685349 23904021491186 15522967196692 -293366941117 7821587277472 4774049701161 8235638784132 -7922313916685 -12617570048465 -17376072397832 -10986848023573 1197206508646 -9032579790990 -17640050239378 -12330182617136 -24841304291698 -451166780990 6421638428818 -7904462153701 -339048834294 12185889214643 -8289459384849 22645699998214 -10632798394961 9726824267388 -11724185529441 13518051379656 8223434677523 -3822257902417 -4432990845788 345939640600 576888872198 -17002341673229 6741227153981 -22145826152211 2961784154313 -7186476555931 -8555552417092 14689459247648 -9223097907688 -12427747365414 3278526828130 12452554066616 -7227252839346 4370036340427 8705404894144 9089671222663 -1361920393204 7960594962049 4023077298522 -956138007855 -6229050342565 9347921394743 -7401368650124 4385142488923 -4665082748908 11868581215937 1114019835825 8791723838847 19566923604857 -3503487688397 6975377723028 7817664359976 -11083780916475 -1280450055202 6911200567752 -3026778205146 -15221468207478 -10980623753487 -11320258949954 -14215692596140 11295446194455 10790061424809 -2445973160981 16618104304557 6745685557476 12247083030674 6975610751673 -3614665405086 5200108260178 15107763842512 15131794241822 -12670003907305 4567423571280 -2708866076288 -2718787793472 -652640333056 -2610755639872 1380135662336 1636287392704 -39391681856 91899720960 2142771582912 -948881378560 -2467578403520 -2255786351232 1530278664640 -2282707518720 -3558756796928 -1105161256128 852719936512 1864960665984 -414780366848 -2172654441792 162187586240 1303054270144 -4145112098496 -658213419584 555636483904 -611881567168 -829696348352 1841938268096 856543475072 -253881179968 -28783250496 -3382260024448 -219459494144 -1135226569280 19178653312 791734488512 653327321088 -4036614429248 -2986437462848 -2603426965888 -118693474880 -1290828084992 -123367099904 4029551968064 956596364416 -1595831695360 -1567791138112 179589904128 -4966709312 -32253922112 -1227752571456 655127539712 -3848826860160 -792968706816 1739823472640 -658111707392 -3756353890624 -2056917958208 -3096162105216 -2510021888 218394826816 1878118516096 433155885184 -1574847313472 -175427170816 -1840970653184 -717977608448 2081899655616 101018379520 -67354478016 1453217698816 1152755119872 -1108494099776 -301099049408 -2123756039488 1099273296640 -1456802778752 -1838131034624 2006202055552 -2516156219072 1397374763648 1545636088192 -1456439753344 -751481662656 -2774677445312 1316067180224 -1295087714944 1174087891200 2375291058752 1226399264896 ]
[12234488570462 -1206243282389 -6930223366029 -4014368814058 8556854188633 2704665510786 16516378741188 18076474139080 5292595040620 6123244577409 -19277927465496 6499467817169 -6461165365366 -5024485725568 10034692556181 -8782034847053 9111400999804 9228098011107 2602969277404 2612624178569 1943700123442 10129310992641 -8313860163074 -3912482579073 2553657197639 -10588882435361 -1554877300577 -7197595322469 3186379472503 2614073004580 29348341943518 -12432439937809 3056428144613 -20697047447101 -13693983339385 -10188316750164 -15021590310734 -4373674732538 295096632472 5475351870567 5743494777722 4226589721547 4950505439193 7363190478516 2431861397640 8938335663328 3310771042978 13720435150209 7121600768544 -1223547771177 -2817758616001 -8544599356800 -25396215671905 -5879462687976 -4764286565051 -11837318863507 -14487320246844 7021586395450 -7032892486319 -10820916713983 5123314154515 18644885935214 5379846338328 5381936720640 -2540842335736 -18707666668100 -9834951115143 -341412791926 -3398800864903 -7162805719357 -1701020579336 -15172993676174 -2485115501367 4166077698453 4055779265181 29443011447676 5355895553797 -4924132659644 -9806720276909 5348634993496 47191383215 215036481909 15995034586410 -14302092891724 -13924695795076 -1199442019010 7911551115326 3755063433263 -6372895676115 2093961936224 -361918168192 -51177511808 -2163557929088 -2154435822016 -1133241558400 -1915763633728 -399037063296 -1674873071424 1237696609152 -1648786584640 2639081338752 -2505304153792 1561261163136 1810647012608 1095473761024 -1228799998336 400816132416 992649331584 -1954661792256 2299016744512 3357974665152 856781977600 -2989343166400 -2187643072704 840480306752 627763555072 -2048575855360 3473361039744 2274923636928 -1233294692672 -421437076352 -1032738638656 -1186849983552 862076546560 -301282759680 1658639769472 2042351136064 619822517120 -2626712262912 -1552114232128 -1495245249024 -137971662016 689349688960 977761026752 56534708224 -530943741952 -337936406400 759827376704 -147861843712 -794603005824 -1767424977600 -1369113057792 -1978165221568 -570800609920 1933544795392 -2856789641536 -1336843933952 264835419264 986257501184 2623160955904 -784986224704 77892974592 -1119872553792 -1923987624832 1187041937280 922026227584 200393679104 -98172148800 150604883840 1003153539264 1018536740480 2609553775552 -731030885696 -98979630912 1210608417408 1138267008320 938408137024 -1381455709504 2134743793664 -3027820838784 -1135016248128 -665455841984 1266112845696 -98456858944 -868264240576 760909826880 -2679403685184 1514737709760 1264644206976 2239090830720 ]
[-26661481722053 1737855852180 8377050069485 -11646706161390 -7185776668655 4892206807547 -20898076081666 1866248999634 12273488535449 2891326414088 7571835459312 4324686105499 5140670619278 -9600473880962 -16518464823059 -8161643427397 -3518999963702 9039790573898 -2756547690365 -3120867663308 -4970886676830 -3297180126839 8447260320214 6598407751656 -5528598692716 5740986244796 2326741402850 -6930298878749 19201782620820 -14103231443661 10813582781609 -18663056958713 27101447896379 1389196036551 12339626115823 10583868737020 5832429574539 16227674594485 -6528664313523 -12114809960543 131774806021 17628244219354 -1015995822733 -6565866442253 8342765944245 -12007177513553 3315388206650 -386163029658 10086453812842 17453636311320 11812481734593 -15090743914849 8277613524553 1006788853549 -4018957071021 -415681941669 -779700590245 1342920030824 18501141930946 9134055483107 -1789415710962 8821310455335 -3580889799376 -2871495549279 510849539419 10629206431978 -4017686390636 -13848368465869 -372406917705 -8436120028968 1622433639449 4870880794988 5368311794228 8935651942525 -10780461805252 -22958444504989 -4388295792907 10131315521348 615175852035 -8055271950188 8402101611399 -2743668954961 -7350626830489 -9374312529751 -180474372991 -9633761691828 11529724663007 8101163701052 3110362740445 4337233207438 1127532739200 2533516914240 1814306898688 264642625536 3090148223104 2283535247360 1092307478272 -751170865472 2822354807616 2277503478848 -1669252372928 1337570223424 975773943936 -456723472960 2998619382208 -1085936267904 1113528962112 1964439364224 1959703407744 3046335255296 -43063998528 -70459749632 -164329499328 3058144928896 579871040064 1924060702656 3264850896448 -690440283648 885280478656 -488212857472 2506042217344 841696227520 1504815318400 295508016768 -903957744000 -1053071332352 80915108480 881046077696 932922729280 1592118603840 -273528999168 2576528460480 1187581737792 481115010560 -2607453749312 286786841408 -1925362842816 4308023341760 1655897259456 2124520014912 1746986662528 2571341930112 341153533824 954096842176 -1213017075264 1161983302656 1515019849856 109438454784 -831304181440 3174642229184 1780254014976 1067851597248 2917312242560 -4124074420160 253221553280 -877565371456 71423583488 498708797184 -1212836882816 1672182042688 688185375936 -450993318656 590170177920 2465720240448 -1256837650752 454459662144 2595767207360 -46589923392 2916927324032 1554089076160 1835635529664 1299024801664 306953626752 -966765005888 1718692659840 -736529545920 493367043328 597034734656 2817445208640 1382899126784 ]
[15428947506164 -17667386841980 -5539633432300 4844566097980 11254470212688 -992383517415 3252100485840 2931515919598 -8984764994094 -9183198733822 -11737252125487 -17124431053767 5572067035319 -15433609007245 5092669585636 16594269371462 4976498193945 1447962209769 -2122593328641 -3240834523789 7455201414415 8286616402461 -1824691305171 -3194792513722 -4643197303506 -6548376183627 13328150603548 -1864484900988 -6552967982063 -7386778698343 6787362871108 3749926254364 -2320516571648 22051252596634 3806789935817 -5267159407357 1870081388286 -1622370669896 -3948896392966 8026991052600 -5282969430185 9381959029415 17246589913153 8338320969734 -13335587642321 -7538262162552 5733057203823 -2059835901909 902029900647 11319425166814 -17584734399600 -19977325839956 4246177007577 2329230336890 22998178871226 -11788942537098 -14137269818183 -17935451058892 -10959113924090 5955238487318 541759363113 -9797815284941 12975700104839 262265520339 -2295348572114 20729748351421 14731866564803 152688490976 -5684631669089 -3064942360018 5977245964388 -8750120053491 -8939007883455 -9787538488376 -8516028328493 8865550725716 20518271367581 5788032998537 -3062520951060 13409724361813 3903609508970 12046673906790 20670387243585 -1052512189080 6887100587735 2620198134053 -1688531336049 1619396974014 -20980766248291 -7205234712486 -3095539227904 791266427648 145424355712 1851889309376 507432670784 2241969583104 -3472886811200 2368590162176 1881342006272 126734056960 543905229440 -910839832768 2008588852608 1713636689600 1117851728512 286193971712 -1440331172160 931353527616 -722091776960 939294320448 -796213251264 -604269409280 1476188346368 -2526487686976 2752682727360 -40672719808 -1325609943232 -386131950976 1521745990336 -396317573376 -1761366532416 -528148203200 457742693888 314681088768 2382366186048 3176369182464 201459741760 137729184320 541890396544 901129913280 199588619648 685456745600 2371271066048 577667654720 -1424339566976 674138857088 871075969216 -1636180322816 222748897984 929247815680 -2936361685440 1788581478656 765250061376 3440540073088 1221111506944 1602705633984 2619283456704 1028615633920 1030994169792 1988913767296 -1946124762624 944535808896 -161144550272 -548517669440 -909017416640 3154923036224 687787163520 3968649350784 2076855816896 138085558272 -74397995712 2281950560128 3056987103552 2576480960192 362687253440 3787245694592 -274501547968 1218847870848 541002020928 1127260918912 -1283508509184 1264843578432 1340560611904 2156295225408 -1919766681344 112391969024 3266609363520 747569249728 -447622400448 301656648768 ]
[-16282954755044 15977657322622 -1354626625548 -1508367667463 6559323944583 1460318393237 -10234024896457 1497152208503 5615958165529 10138956536823 4616260650802 2997781399313 -6976872560022 3669009772005 -15855639362843 12199105524166 -878014706479 -3421493995005 -3640346194207 -5524843182559 955500641940 -34303204063497 -7408885610579 -5952297337742 -3445785275665 6816464169604 -11767745591503 -9096940595964 8474331768234 6250517478611 -12802058023690 19001598057173 -7115927049016 -4626124149123 3395317854245 1598926193703 -4310295891423 187070420362 386524766281 -12020440657373 3375889388384 -4891856343950 -578309168106 -1186819168066 -8123677662342 16059050832962 -9040319770141 -504641307646 -11317091968671 7414210453673 -12007648702068 13488850474224 8008547329958 -6583767498101 -10782197273880 17260863375713 6904762865860 -4150639215199 14049051820864 -4607337778662 -1143955147005 5587288265493 4166733624362 -6541670339611 14013731944428 10489619406037 927445124477 -1702164336461 8528985476868 -10532208628099 355103973457 465563960645 6583410877819 -16851178085543 9851343074906 2020604718946 -4254356201106 -1699016393029 10831477539158 -15461672946526 10370069528529 12935398197753 -18366211410489 7800089449791 3712900817684 14276301066217 -1236582936454 -8775407931804 23426923318235 -9282831989656 -1083488572160 -1387399656320 -1891129322176 -3825845346240 1328458891008 -1568888832960 1515276435712 -420935452864 -1494104133056 -2041499136 -1554144949056 -2705132848320 -2483116262848 -2644190497984 -1305354287488 -155426620480 -2165566710592 -48105909696 -1289249446208 -2078053182208 626956981632 -2064690517504 -1313226262016 1870711388224 -323051152000 29354347648 -889190174848 493924529472 -1214815138368 119598792960 964632474816 835126135936 -689753713664 1812826468224 -2700741545280 -4215334322880 1214414880128 -1771648407040 558216512320 -3413814255232 -833298841856 -564041719360 -416011931456 3459621744768 1526798266240 -2876528295040 -791869237184 3586759078400 -762381425216 33561373376 963723639296 -2881064314688 -370752838784 -2047380684800 -1097475570496 -1593287755392 -1254019839744 -94997221824 -529002680704 1171277743424 2057215653440 -1031897798464 -1913177084480 2075636419456 -1054244963456 763801394368 415300201664 -2328909805248 331080165888 -1357752957248 4773212368192 -642829116928 -98402621632 -95645972224 -319860246464 -2069731374848 397041715392 -1350061370368 -1196236724736 -3439922458496 -304777983552 -815122940288 -1480620435264 -7130052160 824891988608 1179007311744 -2393318609664 -1938418626432 1044298282432 -210081867968 ]
[3534387688781 -2045353906352 -11934204592576 -12518430325033 462503893509 7578051749953 -715748930952 9386119587854 -11439490680535 20944129649244 1280442639740 5143015403586 5823612001661 24123168211240 10142161787862 -320854689498 9352872450284 6016165906860 482851596080 -2400242301029 -4045450466084 1120520779990 -591466838870 -6074022817074 12271823527021 6402478049426 13638587115628 -9081826840429 251000753544 -5979199561152 2592401545664 -4283580609483 -10261082265146 7077459961500 -9065218722167 6100451976162 -13888087267134 -7233087066983 -6068259704389 -5684801525135 -24773517989866 -998172238866 -1863553371431 8829671185406 11667851931148 -1126262815789 3885147270187 11287957683077 -3633084914968 -14463010675987 1740288875478 -745283005267 7719490705226 3641768703132 -4298166892871 -15524303796195 1022118141650 -15362219757856 -1504830785779 3499547600252 5445860432320 -9136748841867 2594814746260 -13425221183342 320147055185 6829786932359 -2615893617590 15693514373981 19199314958186 -1970298115243 -4679143318154 -11471210976570 2281683742899 1622236596491 -10418362960620 -2469122316385 7485726955345 -8946999729425 -16453326461065 -10652907396294 3039498689631 960207685786 1326754087786 1812364576483 2497212435874 3050750157538 8244490025195 1492015046497 -1256761880279 2906071112804 1008051678720 -1980300411392 1976973486400 1854806597120 630164339648 431434373824 -720603515904 1533333574848 777640459456 262642641344 625887130176 3700878273152 -740897356736 1056570897920 -221172967296 1149149315712 -2231743984768 294444013312 -925951873472 435522977600 2048162996416 2580656061952 1877792981440 1851802921280 -415803140608 1486128530112 958989388928 534908965248 -2539992467136 1898071087168 1011901333504 649466766592 -322026703040 -3764793311680 -828569336832 -4875401633920 -2395259833408 -890851334784 3145734541952 776989920896 1811520849408 -141443982144 -782574473344 -4093047222848 -248352108224 254345801024 2013510804736 1515008693056 2060404238976 -377150268288 -334516063296 1380538263040 872855319040 -2328649991360 -27438726592 1529252138112 968699266304 -97795075456 -1340764824576 -1765137113216 3377892927232 1661760191104 1821160981760 -2426166109760 3410144588096 -186876078656 159253184256 -650343063040 -2029599013824 -980912203136 -1925127500608 -405015046656 -2348262045888 -100401822784 -2881884933824 -1235078310720 -129884051008 158665200128 251057730944 -1147446199232 1433126856896 210687788928 -368183080448 -714998035328 -692609897664 698161545856 3519324203520 -820512585664 802683841344 2051432765248 ]
[8366987763970 -4495118085419 -10949891581095 7555543198806 11408511482389 7297001997989 4054046662948 -7582242308627 -7949582703994 -4185918644773 2116505712924 -18990233541648 -9867797614598 -9169371952636 -12289724047607 641236524853 13828080733697 11641668255392 -15917855399134 -6993102794823 -9381813324910 -7981702093462 4910662548963 -3222805733856 8769315439319 -7732568644897 29579055126726 -11022927963260 13355243633027 6105041786419 10110907729041 -14182190935475 6447783718792 -993957348009 -9670758983691 2569014819029 10891212339095 -3382800441037 11636464354414 2768485672937 15054757111654 -2487120966930 21946078098156 1526818441052 -16660522448 -338352496834 -9241232317986 474594819081 77202487461 -8601696079289 -5189275142161 -22854779970189 11096764191718 -8640915428869 -20631345261786 -30175564404793 7474681567935 6775723733445 -8874232021688 -7750817635028 6217888475943 2750022073808 -350422101328 7453862240294 6518932249575 586660031167 4256171485577 18072517699984 128086218692 -7907641681888 -8710818718697 -16186684932975 3479905960241 -12117302732730 1239081448558 11107771067673 16302816387396 1962965728547 -4970197967618 2337193206826 119548378128 3481847489151 9772022421593 -3775933069433 -14796573400850 7549108976300 -1948311148556 10898291710969 -15613060400405 5729547320971 -1891411058496 -3256229578752 -1379277505280 -2594446747776 -1943584969024 -2392466985728 -67955090496 292550979520 -580418525824 906937374528 -1968317309824 1381441327424 1609984750400 1140532313280 1100834809024 2220242530560 3151975278272 36754675968 843705162304 -992613690752 -3225173058880 -1234758141120 -1605659133952 -3294099583616 -1768868222848 666931174144 -732412087872 1676322924736 3892898520640 -2171109603648 -270437873600 3383203186496 -520268231488 934566512192 2891830048576 4385793635008 862993526464 270238230976 -423170207360 688532971712 -3177222794496 981467888320 -1425568621760 1596711121408 -3570085374272 -314580310400 -1804235349632 -873825640000 146567947840 -924162457664 -1139291161664 941952873984 -853735783808 -306920225024 2414264887296 -2125773258240 -727023729408 -969586463296 -433262664320 -2031191762112 -2225897255552 724647483008 -447906479936 -197503560576 -3127651155072 2141029593664 794238534272 -2031304547136 936812709696 -4712126400 -878686449088 938334438144 2455837991424 -861017992896 -1906101448896 696860572608 -296360078080 -696159292672 -206777284096 158417088704 36453914048 -1029082832192 -2178997240384 -2483561374528 -444261059264 -1300519969088 -146672526400 -2545139517120 -1303598805056 -893639722944 ]
[17558750828668 -20614462958930 2604587517116 -6737283753983 -11313738691897 -2311715987959 -588517448271 23856133670013 26036812934197 4667558422441 -11276907135845 3859283393066 14554405612007 6043791771335 10485377897589 -9658191703052 11152490548509 -18894806695526 -8599274289422 6021009919299 17886433347516 11664107842403 -5202926797770 -11788029546598 70251797261 6058451684345 -5358561615521 -4412554497242 1274398380890 9547845465101 -17080751522424 -13393584682019 8186921056383 2800072808372 6287693279713 -7522111993695 10701354738982 11303216778704 -23410860013485 12096255186621 10412410970174 -5998125570387 8386650074210 -1997065554415 5354903721031 1501778166451 12452454907222 17090473787175 16766569893547 -8587903648041 -12446665642501 97366649054 -559075039603 9103450548781 34539001041538 -17722002312581 3959414499020 -13838791577114 -159049160868 -8710221393099 -5599930644249 4884515204906 -3574224225820 -9492457926232 -5375883960842 -2188584578250 34101670195363 2402914115606 -39467210264 5345313512340 2140060202629 -308690199539 12062720594153 3916770512206 -1872895479918 -3196252082521 -725605572811 -540125935481 967813589229 -15836518312097 -11345213843989 -15988404682164 -3689810561817 5489573027150 6994413037672 -15941785360562 2008413381201 2301407435643 10252730403629 9828990745572 2945781236480 2105289435328 1878197068864 1203837534528 3008260144384 3465696622208 1463388730176 3807652367040 973736797376 1576395228288 3455712993408 -1835136486016 3485700272192 3248872437824 3871292981376 866222821760 -1008964049472 1379588506944 -133322540480 6495663378432 2474580485632 1987520455296 931731801792 4020619549568 3622533479168 396719430720 1092127387520 3563991522944 431873731392 2336445202624 1645303360896 1904870248000 -2133069144960 4192352158272 -965186140928 4091419061120 2866129917056 1248984425472 151376968512 12048118336 3119188438016 2410580755456 2771059304832 -596581014976 1392585213888 1032867943040 81937905280 2371122554944 1752742052096 1454860528640 -703312736448 690829774464 2471005966976 2385283311232 -919969805056 2098409838336 3941848023488 3205970466368 1908075624192 2601101301376 2241080430592 2858901021824 4000546340288 3424043119360 974897145536 4091925364416 -1183799931136 2489109891712 -1215345279168 1095566291584 -514090796032 3998517721152 -3140843570304 538178933376 4946832666880 763714349952 437588751744 2265805278016 -522640107968 1735430242048 275628786880 4166400107968 705238335616 2956518594944 658328575168 4458852188416 4870600353664 3198132040384 1497226458560 -694122808128 ]
[-3304196327922 -664494064916 -18016951157738 4173440888909 -7235714817755 -435405846704 -4135145755698 -351665514144 -9355319653199 -19936052013384 3866090261328 -12516675112964 -19775132138817 10453333656222 24936577237897 15081751452091 7224313046829 4363642585021 12298822490173 -1897790552868 -5378230134632 6209974346887 -3683038424560 -17906162180092 -4496812950465 -9670779680701 -22890773827438 -3384799112550 -15863498482278 19193456424208 -6028917091518 866780286068 -1656564007129 -4109650500558 -13681878890162 -10958123763416 -10025146506080 -2912482857456 -1767572397251 2895536098336 4071279298540 4021247204669 8567735086941 12526620075888 -9002685753997 5223845515524 281865331739 8127671440897 -3541232483028 12253635587467 -3597240746753 -794100339980 -946638925405 -2378808589940 14601789785942 7066444118945 -14237995820505 2073098973783 4146737211135 13129709676252 -13018114041112 -9054563088047 -1260930477985 13611515190297 1246542679186 7002518956493 6009279533586 3341369678369 -1729024808677 8433470844087 -4910207267746 3596791257048 1080062015451 -92897863346 -800904756117 2730176660404 5170798439677 -1716155801453 -3239929291909 20120331290536 -2192124065884 3844447591158 -12215108102444 2043414103026 -12001092418542 -10322286903362 -4563571555580 -7243364944560 -20395055078015 -10766143530445 -3089545022336 -1526592737984 -1126185658688 112715903488 -2090213217216 -2567486070464 -3976940684096 -947439142848 -2176028068288 -1712321878016 -2442103390144 -3926559330304 -3027721848640 -1155114729728 -2751064176064 -4829282948160 -1510369628800 705853942784 -527046817280 64744376768 104433203200 -964585299840 -209041121280 -812946280320 -124256180480 -737554514624 -2393776135872 -422709301056 -2290762837312 -647402067072 -2768188173568 526616115584 -4055641118912 -1816444369664 -427771622592 -2930822161216 420046480768 -383650091264 105709210752 -3205823361280 -2355449783936 1459275425280 -989768308864 -4513071007936 704229311168 -1530679720320 -2164078958208 -2673722555456 -2688393286528 -1218548226944 -2153300704896 -2648134560256 -564831312576 -982148680192 922896172864 -2755199940288 105155744384 -819253462976 -3055724235776 2345067461376 -1019071858560 -3169287058816 1055942105472 -2394993972672 -4674220283904 -1737143761600 -2826847169600 -1799804107328 936667431616 -3036116086656 -811172527936 -1809087631424 -2122227890240 -1078692528064 -1400621822144 -190584700800 -966792642432 -3100069820032 -3802568720832 -2337751881664 -2371179949824 -215514742528 -2734095392896 26688733056 -2701768271424 -2404431479616 1022318062720 -371054450112 1643958072448 530037967424 ]
[10522184869776 -690748629070 -11540335099949 1449793287326 -401729376714 4120270504260 -24667076128820 1384519485779 11179421550300 -14667949577147 -7347805189233 -7043623139873 -18150686584115 14501750649861 -5183832023888 7971256352615 109030117739 7421097503677 -4251852440126 -11451390364351 3815917686111 29491996789431 -1672481975962 11838491615847 -827755764959 2436236840499 7952578948888 -519959514847 1787721382109 5881138402510 -12784786940566 -5053539117005 3246912635574 18604175114094 -4584219695543 -5005690409190 -3291035175895 15362945838474 6572905766911 -6788976881960 -2289972239388 -18631773091723 2093918805928 7158841481148 10294011136143 2420884734811 -3809006118427 13111331277661 -15904870718904 -7594903115772 -3744851333992 1032060009060 2440350811085 -13808525116486 -8836349806554 -11806870786488 6423017757824 6406596436252 2467565512577 2263028854099 4675650261487 -6085240002220 410078925590 6284406385172 5283092206271 -16639468984003 -8936438691946 2539581801302 318567897798 44744915509 -9416796506803 1133627278196 -145113165730 -7601912044891 4418946637487 20383748030034 8873939413305 1368895512025 -13399622485433 4846473776537 7327446368657 8625255330820 -4100079368713 569371939146 -7886669073317 -8068864976245 3505751096252 -15630350119708 -2076513666256 -5888473521508 -1693251423680 -205698376768 1050700971776 -1591772347136 -1909376824192 -3467049723264 -1439781755584 -190571569408 2399124167680 1174258317696 -1865799086976 -1439578303232 -2701312570112 -2777637534016 973160824064 -124575834176 -4158370617024 619428816320 1172724024320 -2217154001152 -220514507776 -2314602573760 -1075369767488 -425253695104 -845696082560 249219672256 -836710355584 -856812214400 -1146073657344 -1363818213056 -1042303295936 913768533504 771228603520 -1843892603264 -3662776359936 -3312563459328 -2987473628416 -1364130199424 1718734240384 150592682112 -1877070717760 -3522974504512 -313354939456 1402128044352 -1756288852800 -1076127649472 -1584914376064 -872224216320 799245716992 -1533218594752 1055265323200 -1140106715264 -383117848960 -3479571228736 -1134980045824 958580360576 -2622993544576 -67006187392 573882859328 -804313583168 1503312854272 -904410654912 -1618142861440 -2987790988480 -1531192707648 -1115619209728 -3192753865344 -3730319128000 -1053364968000 -668450529984 -3064910299328 -564150407360 277735281536 455111185152 -473752722944 -202758178496 -3261812986816 -731886171712 -1452024421952 -2669496569792 -2649377774976 425184072192 -1461849078848 -3931126706624 2291311391808 -5343833216 -1411998685248 -2859137093888 -919125305024 537029123136 ]
[3716609284549 -2328787308605 10068410509335 -21619762024092 -28810911707975 -4934995256975 19649859406916 -11033865916482 -15448517995096 -12223824201241 1695791948412 -3466855475530 -1630844818167 396465535745 712970569827 -5992631840821 23757922833315 -11356585200104 13550115490215 -8785872789245 -8401578876468 -5957528404271 85274880005 -17493401862221 -11708387471456 -3391882878249 14809882896201 5111070482779 -17137359420341 10244737952154 904555705224 -6853783895779 5654248765795 -3989408019850 -231986625582 -4675053914085 -7419796911810 -2667897586367 -5156160558623 9809641479471 1864279293265 -4508278414121 -5148090002251 -4800505826506 9186963069950 2022057544970 13106082019772 -5720205612471 24473411326370 -665992453604 13250535653473 -10686016019403 -17299905842622 11299989867143 6371981028706 -1393311940967 -2871443823137 9147596890755 1614976456820 8919402205083 -29080943307730 -5892249106256 14446511648320 -4179991427640 18208152900180 -4416443137379 11994359431170 7431631711574 7843417862511 17156532573753 6139999178830 2176660325552 -12961909025776 7378773332509 10696053213832 -5722659793197 -10143122254686 17878475994211 -553915999419 8795517251575 3874624492734 -28898788423401 -2352552310372 -7705140050040 4538195910095 5237843457394 1654087021282 -6890097427244 4715984178810 -5421013219138 -2222875160896 1135575563136 609805134016 -1053875735104 -966380199552 -1207716215744 1467941314944 -435874293888 799846131200 -3600601336128 756176793664 -1218089046272 616442603520 -1872135322688 -3041175097920 945175219712 -1401770988928 -251697832448 -1484958505536 -8906103680 -312505017856 -997642199296 -3007635937024 -1509977699904 -1300627018432 -1444565896384 1480797429504 782060488000 783813760192 239118728384 -3682676949248 -2355483192768 -1297314686528 -1375616306496 272725174976 -1720759360704 -514744446272 -1490034384896 -1489568281536 -266635997632 155590675136 -1959408471488 2290897060992 -1088323266304 628274922240 -623666089664 1274599713664 -787611344448 -69459907904 772635506176 -2395693020224 2212655213888 -2650680782976 -651751730304 -1946646674048 1819106431616 -2580543029696 -1573475573760 1815753339200 -2493787931776 325659949504 1568574770112 -1064503238784 427767868544 1229254851264 -780388595392 477321384896 269265239872 -1496154363904 3722307531904 134800007808 -19465039104 -2406439909312 -3372630964096 806087419584 -574988734720 1056502728448 -2430499702208 340159251776 -291298326144 -757747129088 -1890158479168 -115598669504 1892896306176 -881849557760 2820247767488 -2295687984704 -139288711040 -196907647680 1158682209344 ]
[-3428411187195 18166830714653 3295904517381 1791765349713 -28406283801531 -11213697007882 -9670436381136 15566019003578 -1990440013252 -5527521498603 4294144934356 -10763072363482 2878734225924 -11953744110157 -1213107673959 4041193354073 -1477520610343 1407855131540 3099807476504 -6775336096611 -10494101349154 -6128091969428 -868245926336 18128648309781 -13726750754464 14530719296744 -6869174266810 -12002759666042 904312728596 -16597499431224 -7491513029528 568314880023 -11811365522637 992857546318 -11483884349484 3769611323814 -10985501650948 10751506690490 21398262572343 15339040316986 17760625336379 -1525936325883 -6108257974134 -12359450777702 15217239315906 -11843090890877 54466319074 10102921617690 3623376687806 5340042986582 -15719376805289 1736816471017 -13588381359475 -9889552904879 -11973865659175 -2440571908243 9809852317287 -11606460150769 -8550200289724 -11064729960386 -3519020251615 1099019268527 1353298114756 7429556843684 16055879711258 -6714494118187 -11215484519440 15191269567277 -4895239016107 -10721277826510 -9319942654769 6752501977688 -3211524182939 5768126522225 -3544681111055 -2540660960965 6834069280965 16184086553222 -10582632934280 -6568871884847 3306549962410 5502461214148 -584549676382 -12137501266905 -15065895761298 1829510496817 14073569073840 18470206630571 -4055784032821 6857184679602 1092052850944 -1740991334400 -2788025050240 -2265606067264 -4279667575488 -2432801829376 -4239958714752 -1490859770560 -1465796880832 -2507129932544 -2142980236288 -1216904315968 -1656297078592 -1202501364928 -2333898209536 -5313791150912 -450787774848 -2777059661760 -134808617792 -4271799146816 -2585515412608 -3375887201600 -3183258407360 -1231027490304 -3020680589760 -3725812224704 -939848431680 -3396924333312 -738871110272 -6773467821504 -2496563339008 -3263202894592 -199677937920 402050098240 -613344968384 -89979664704 -4620040414144 -1310417602368 -1877747472320 -3900185251520 -1538361759744 -947288253760 -2301486697600 -2488929789952 -1923313189056 -3362318420672 -3526233366656 -4429381716992 -3797506816512 -2327968037056 -2287881487872 258085283968 -2660650867840 -3331211341440 -4972141825024 -2444987999680 -1663153832448 -375155654720 -2435357912512 -1966470421760 -732544203648 -1682294701184 -3020392290240 -2771243884416 -1258828331136 -2585440039936 772631857920 1515439230720 -2126765935360 -2498803088512 -1296339647104 -1790225820288 -438855478272 -2258545868480 -342422200768 -1907096788352 291142986432 -1361849817472 -4474119488768 -1432956945664 -341298506880 -3598679987584 -1226871146752 -1890626072448 -3192066267648 -4242008542528 -4794573059392 -1842568033088 -3181621811840 -1430186672320 ]
[1986544462843 -23697408676439 -14551073918489 4405951339907 27805034552689 3487741396008 -5327417254988 2288096884243 1532130066922 -14173861937785 -1985959630319 14726766909855 9930772125315 -1551504204122 8112449682583 22284624648345 -11856011809298 342290551531 9236544244760 -1115793828086 -19247715984694 -10759901118126 6084790422626 -21952877130060 -9696035748400 4545109697106 9641498839267 4596659259089 -18351649761394 18544276950795 -26618362494415 10645322463734 -20996719416096 -2065942483878 -12347289767555 3649055294942 4082227462417 -12324268529293 4968052963206 -7290129277970 -3091575631373 -811868433437 3900948475895 -746481696985 1759560935708 15104565451484 216481020362 13051722615344 11770504095858 -5198898030665 -780278898662 -4095801367461 6206512359284 20818898790798 11178132446344 2813866216802 -17550700359368 -176152929828 -14867280477930 -10088763290436 -5203278366714 -8071045779362 4686574109445 506766646933 -12569413718270 15867421782942 10892601981413 6715384773474 15727328981134 5011498597946 2128723582443 -8396069303058 15993693737062 -3696374393 16485651425583 -16393046602378 -1001531217034 -807471299667 18886368858245 -1406129314043 37859059424 -14478376656531 11277410407376 6459743460635 15059252424683 -25837577660196 -6390308853517 -3534125098801 -1604835358243 -13173088709209 -1799759640384 -1162289856640 -2759588111232 1475278041088 -1350543683648 -1069593222848 2289146368256 3869243692160 -821235784512 -136012000704 -1499934286784 321564604224 -1322830986624 2145712573056 1180093818880 -2911783475520 901539848832 1928790670656 406752800256 34375725568 1069886907264 -853155267456 628823617920 1459276823680 -388924369088 1081877350912 743930259968 4440532675520 -1640038901184 2377123116736 699633192832 -79126498368 -2097468858240 -1185685154624 357979846080 302817029632 1852485503616 6151449536 691470616256 -3200026904832 -399687925952 2493350939008 -1382468673280 -1305463035520 -1274241215296 1679868815232 285660525440 -1739637724992 249093559872 972152903360 -1293369107072 1967972430400 -315690637824 -3010680124352 678364618048 -1766945341376 1993069122496 -2363749188800 645126864576 99874910144 20934507584 827154838336 651392906176 808609069568 778944128704 18294794368 -653262940352 52480495744 189834530112 2102605581120 2936857422912 -2156280851520 602788295040 -2321208756864 2782718944448 -1411175868160 1716743189248 772464081728 -37096577088 150706842688 1133525519552 -643688719296 -2950870656768 1741035933824 1481323687744 1324631792768 3031801177216 150204051008 1075612636288 -934638432896 ]
[-19493003419847 -12335385163088 -18224859882311 21223325837528 -2626112767994 22478223323979 -1233732299485 859653586130 -2961948571694 -9540892720802 -7464564815538 -11884641640514 -7364719270822 -5686512156122 4866017149309 -3442138951406 -8134495502332 8114853372432 -8658119349780 -5416103674344 -3610995187760 818111354653 586547803036 -5102102184285 4091737771276 7584729055409 -2883755405604 -1393246504026 -2612305578660 8387137225149 -425483252736 -2723076691455 -4740292990108 -6493104121679 -2743549402567 -20534506013168 -1371934967642 1071730699037 6329525808402 15390398250803 4865619195375 -19374784672833 4165528700207 -1764616194746 -15831175338264 9177904113121 11431925680389 -8666459851847 -2083049066460 4036047890651 7165406997139 -4003979638361 -1173053829557 4116082409116 9189180203591 -4250933538398 -17118936475347 10438395209802 7252824338019 -13116379933672 -16550609231334 -3111940733449 -1842244706348 11760747029002 -5496255772735 9367735906176 -8680537865674 3642315720425 -14743635983357 -12845998881486 -2236023990538 2942934798964 5060961654261 4755470441706 -8410656773670 -4285186530588 -11715492724922 -4771834322932 5770383190009 11940854027551 2749662971055 -7688663551730 -1904155394565 6444028389477 1441087405475 10121319309519 5341971618128 -11508421923287 -8749107579744 -1290013296487 -463457794688 -2090348143040 -1172730847616 26640028224 -2519280440256 -2584174987456 -2662546199680 -3978784818816 -2385326519936 1633776384832 93026863296 -1051615823680 -1656974240064 -964028685952 -3931316228288 -2264251645248 -4307638771968 -4731089269248 -3114540505984 -2916145780032 -3173946516288 2050579967040 -3944927927744 -2500815602816 -2658792362688 -2719691303296 -3605648869888 -3239037440640 -2615214034368 -2213254564928 -2699558289216 -4408383846848 -4335019392704 -1975008277696 -1853664174912 -296502179136 -534152042944 -1641274791744 -1726959227264 -4463620025920 -3845603949504 -1793025604480 -1573654039936 -1068251938112 -2114564083200 -2476143001024 -2008807691840 -2823215926464 -2894982481024 -1187514766400 684624384640 -1481148441280 -763762869184 -1502687349888 -4406613177856 -627700004480 -88647402752 -400224096640 -2044380663808 -1833132347904 -4934473124992 -1293598242112 -3379126189568 -4358295619968 -242982696192 111208054336 202267091712 -1601793740864 -568410081664 -1210395115200 -533380819840 -4276627662080 -4358572777216 -2677274084352 -4374429162304 1421301115392 -4324062845248 -2695795514816 -2375956696192 -155569124288 -2775259816896 -2918149168000 2296164778752 -2842267677376 -2015051283328 -1327851662208 -1774225400576 -2988397800768 -4416961657920 -3661657378048 ]
[10478664249708 6326260279015 -866047769978 8767092213696 657879831040 -2405015509596 11510667537725 -8647977454917 -951623989960 -14971902627304 -2139591852874 -5761331411014 -4179463830852 -15473049406062 2076539928445 -504302512554 -7369792886023 5220133712725 -11741058253846 4834033939401 -2538476015635 -2479307875026 6238717051933 -3488213915093 788594081843 -4309908000362 55994811698 15487443824937 -240217784975 10866365919432 773781808156 -1692502452052 12986027547039 7398883836242 -2544549835725 3493354359781 8462783432939 -7133328444871 10764597041838 -9904438870400 10973779192365 -10479444650757 -17034161118560 1597276688071 -9816664005176 -3814924614215 -11861758324282 -180268416485 5485129519496 -5320135227943 2761610212333 -6731946138175 2747811992518 11947735321779 -127620800718 -335542283451 -3138360312852 16037050017777 -11134256590613 17087168737359 1981627161495 -1148352461959 -12405305440084 6485645138233 -13576338411103 -4667486847719 11943054187617 -16473521539664 15427149380781 254463510749 6399406261396 2547605709056 -8172187501159 -2803429442392 9170123831734 -1431824549020 107197211359 -5392651542030 2771848387287 10143482994763 -13342910379817 15241113033399 16823929439822 4123592050971 12964119826103 -22959959650902 -1118079107763 5066528760493 6054391501487 -10233035044526 -474650917248 1180306646976 1295677064064 1355197758400 53594799616 643395315712 1558862132992 673901780416 1925580807552 -1908445686400 391013828032 2606491817600 1075638464832 665553915904 1129905273280 44904601728 -754906191040 -3836757354624 2069135576640 3023960763584 1783477775360 1859426887552 921118404416 -1979244323264 876851791488 1862072456256 2782323636992 1366194795840 -728554442816 937998410496 358847494464 3160953528448 -435763739840 -1990764093056 -465215729920 -384738150400 339671901056 2562514655040 3123185848192 4141202193280 1235674678272 1657280554496 1713313179072 8722457408 421542363264 467838446464 1296198261760 -560908566656 2398624393728 863626016832 617593272256 3481907209216 -1040156831232 -185259366080 843215923712 -1083467713792 732791066240 -1111033674304 1513506571776 1119768279040 -1003630100800 2533382240448 61806812416 -64721015616 1428117387264 2775088188800 272409491904 1821105049792 158038258432 106043276992 1381669480064 -1172315464128 2808608346432 -1672835380608 1254969147776 1840811961280 -710599187200 1855500117248 1915438057728 3276273329920 -1395542271808 4155551324928 3821717412672 -167299900416 -180273547584 -2865288379520 3024006508992 1614509129600 2887081002176 -663151764480 ]
[14666789958463 -11237902793668 -2035879930356 -11247266191457 16146016444799 3240032239982 6527242117102 6461146292481 -2091503851632 -6494892193486 918869630470 20069714355166 -7706799982389 10463829445649 16727826216302 17889338893674 -2352348427156 -12568491807973 11823412955651 -11290288795420 -19323726420212 6033842153335 5154171896488 -24269240457956 -10152606322325 6832771001818 2977366253584 -1925522306843 -16314497003589 7375319970158 3557963527084 -4330631686972 -4224754678159 3177002722304 -2583253645164 -48496192215 13324087502626 -11830052611637 -8254397232920 -12339343615405 -9930802316362 17071219852353 1100964515457 13395048002419 -13138844818807 1903139398537 10466612811274 11139522048826 -5032934669260 197445753756 -301355201470 7766611740092 -5417323779919 2554872128246 19539515071692 6030649879842 13780942647572 8445690627523 -5621962199424 -3742588596051 -11201158584577 1459687472097 -3491623628526 -3667067217372 -6572146481103 13299959330836 12513146180918 3534299110350 18423221083 14245447018232 13063124359415 11828666641833 15578208551047 -4548943781176 5325408676506 -2963256681688 -8212627814239 -3387235910188 -2992922219386 -2498191088227 -7432406909097 -23930482428288 3324751945090 2475233193095 8370797663948 5396295857230 -851861906188 -3197265128027 -5794047027875 -11435002176475 1111265271104 1030835560896 3934413617536 2646427176192 4589166029504 1632759672832 2860404894720 2702885767296 -765742645120 -79968388544 1627650266112 3385876548352 4840921161280 1535766477248 -39344570112 2514772405632 1947536955520 2721606562176 42332364608 2698111949312 4928264434304 4596002149184 -1310821374528 1837898586368 184507205696 3134334400128 279898039296 1533037809792 1372032948160 4160010043008 1379816386240 2289622780544 -1176961724992 -2667613061312 4963488645568 2244372611840 1677180440768 564943700608 3510042177408 3643166318784 4962504471296 2789056515712 3059139319040 3509570270848 3408513218496 2962681461504 3203989230912 3146997514368 3455718337792 2617078631744 2234069768768 3068146638848 2174960505856 415234481792 3051278036416 -1215347369792 3284073266432 883149491904 298313734912 1374009473536 3199297555264 4296642547200 2777314835328 4183623330496 1724520130944 2510351436864 -461974226752 2266388904576 2743041557696 1124789298880 3975351058560 2460620388544 402144484608 -1455939948608 2919679435008 2767589005888 3473888571264 406925518016 2792701115392 735667500736 588013667328 2722914008512 2536076158080 2684846089856 -369415185984 1915758556480 5788572468160 1643838641600 3917880998336 539747112704 ]
[-15933227695315 11120072390555 -21413906639609 4580992134166 35586285529398 1096713487329 -6439792354161 11939219401625 361338527726 -4914245781820 5596591312470 167379378211 -14230224468755 -10039734358965 -4178134867656 2084613405621 -16755223531269 -13891625903194 3568632850324 8907704879582 1022535699268 -3057820373516 1038927228963 6757976684259 10294419337155 10264181543837 -14781068067412 -13295781529359 6843257833945 14155092740385 2059505698927 4784564033078 2550912069152 -4084853012667 -10639841983034 1775084282678 17381103943402 -3995965697044 -1846672043901 12055925222845 6538470087151 3499598877691 7247254252193 -3101340123197 -13539100778209 5253163593663 -6158944690485 -10249182773162 -5168539199423 -566742813133 -5049765811566 6438044702107 -5596856306609 1227675623460 -8528802333821 9651971225682 -8720643207547 -2195019007532 11765674960019 3362534979935 -6281579194750 -11952862066860 7323820183154 -12150935355768 -6701249361583 7265789329054 -11732264364539 -9826436069592 21511641061449 -6072323918449 5373479297530 -688214686800 12332317772898 -2437217119992 -11451921475274 14349140598426 -2719005017857 -7537867783591 15231377219324 -325112605741 4860945663680 7808647781694 2758581319823 -1090545897783 -12130251875511 13256810818099 -2866042347689 1993189922699 -21136382653161 359621741903 -84798756352 -2491450680768 378973271936 -1599807968960 -734888824320 -346623778944 133008265536 -2467695793664 538541302016 -1947859582720 -294575009344 -636264661248 -343263060992 -4293706621056 1444569407424 -4833085361344 -1161665177280 -1946503809728 -33226315968 1535188935808 -2446038901504 -1387309845312 2200602619648 -2331148383424 886292495936 -4683309331136 -2460911777728 -2163388325760 158005700544 -3319658314624 822849945472 704222974144 -345832858752 -553105330176 -1455063887808 193641309568 499009479296 586981971776 -2852253062848 205696838912 -2408160370816 -654218252352 -547098448384 -1815393973184 -2755391262400 -1820277687808 741116773184 -1706531688896 1219233152832 -1432116647104 891404388032 -1173533334016 -2970196457600 329660718720 -3007246680128 -2162470592128 2169366305024 1326476574016 -636388958528 -1968769547712 1274276337472 -2016799540288 -801137585536 -2548124465408 -1171299456832 -3060024570112 2983243801088 -2448617962944 -1010800143296 -4230901510080 -2261920611584 -1633149333376 1237177134016 -1055359027520 1152734516224 -3054595554176 398674535232 26915584192 -1737036758400 -1023820938112 -1401395808640 -2300038920960 -2452571742272 -1018183007552 -2529694084224 -1519548795392 746316295104 -2038559867584 -3759435400128 -798098069952 ]
[7318465430805 -5862171538345 3044275637453 -4742989072329 15791027625623 2846764924959 14018499507363 507722787570 -200456806017 -14536797837266 -1466593471555 8533039500131 -4443932999130 1717103463336 -10922846787626 -6271879328504 -8511484998633 -1045745410862 9562469451148 -309215993280 -6567040877974 -26359528194594 -3486740723815 -1795084764395 16497121168061 -10149293254245 3731168176081 -19732244467010 -10522666028258 12036334514170 1148144141263 -5938600672002 -7567477917100 -3553262063000 -9259107699837 -339286560303 -23902298794598 -5286531188718 5930084114337 2458982355988 3938077164349 13431967081040 488068521527 15979248599114 811011071868 29314530092665 6112310763287 3335970970511 7878689659259 1041673993538 5107445469290 -728592850820 -3103825893386 1140930925930 -7991488820812 13940831664367 -1129423440474 7850871980768 -12183225858939 -7919870351852 11664878952258 8407259744607 3867393451974 -4303661483441 -16366494339267 -12011918357988 -1186278089630 4513435343191 7882064891829 -9128682573725 1919381139548 -2083382414469 3945680182333 -11806931423473 16896697298407 16202971946283 1584030832598 12253855966399 2007772839712 -14106729395725 -9357558853396 14331937082598 18350396808770 -1262153155901 -275346434545 10399169003325 -18051924040729 -14672802644983 6461924590842 2665738077888 -3156499473472 783220454336 433831662208 -2446973192384 -2166763236352 -611015877056 -3683509106048 560710555136 1248395412416 883040573888 616774051264 -149246445568 -201727665792 -2439698450112 3706264748352 2765362939648 718312544704 551382468224 -110088864960 -3143630763136 -657344193984 1192658790656 109825266240 -1060222029440 -696135752832 -1945399952512 918556728768 947301064768 358726110400 1982675657984 -161517902912 -1025087844672 4103274452224 183888419264 77306596096 -1641712495552 198707459968 389477290496 -1625931569280 -2167826216960 546741418880 -1391206591552 666698158208 1724376428032 779819436864 -359773285312 -1643164970624 3074568356672 990783752896 951193855936 -1740573759872 546368464704 654467221888 2643373984832 1027646639616 2258180390400 2175937552384 1028590419520 1438736132480 -922679927808 3664254889728 3105956783040 678486575552 1556052095104 1009640477376 1338792108544 -899115747072 -2289117538112 917500740800 1940543890240 1059227980864 556898196672 2374054737088 -189405587264 -1638648535168 278982392128 2255607478976 849356212672 -1303791846016 1057142129280 -848079994560 -2324337887104 637869332672 580302496640 1675992450176 596272097152 -1142491136384 226857188864 377778535424 1852878611200 ]
[-7197768929267 23496122434897 21529225786173 -11097059302309 -11753566893496 -8441073665026 -7165374535709 -13018150833458 -4970411779527 2360646263730 -1722928301502 -12740650710945 12023703664595 -4428436008297 -18226911958696 -5728748025271 4349095056194 3231503369645 -15262083152818 -2861833031555 9798477556020 -2429589503055 1376133470517 5547631309229 599676245448 -22283917935268 5664482213312 -5428089083192 22160859235159 -17510964959857 9333520572825 3021314063122 18741853432574 4497448367179 -193435822660 3560310234128 -19719741619762 -721094088461 2073164158384 -9725083761190 -2780598597891 8996794414416 16938708230686 4819268951677 353584600896 -131412723326 -6440624073736 -15154077428105 -3542158703398 329698720585 -9234593587114 -5928635373438 2006760861716 4858059769579 -7911739734791 2015053324462 1550208133138 7325334483458 8065685012350 -6263897895335 5073972075161 -17346606198926 3657235681821 9331118122093 23578747726998 -4389072128324 2664954736530 3916085956768 2743809486216 11375353666472 9127499560401 -623425199760 -5984790893898 -8931344491640 -5992697483228 -1263251625503 2926514979106 -4579929213206 -6737498509285 8964761067537 5221041457828 8147022060998 -8272305793213 10335939312859 -17062941083805 5275208157484 11946527440629 2691728592701 9806263823845 -4968531976220 2648304977024 2883238732224 -1065894753792 -3905357921600 483387978624 -1625377307456 1002847114688 1371059212672 1813483925696 -850591786176 -1386430916160 -110454335488 1551891287616 -911320642688 820834893696 -1040000666432 -2096080822912 -246034676480 3409277984768 623308227392 1182491512768 -504842570368 -2127943705536 119450236096 -2251759536064 62913757760 2836752152192 -308118691072 1240341286336 -3047229834496 -198875609472 -3793358246976 2416841881088 830198097856 -244990572480 -1295876087168 1814549481536 441080173440 -429109009536 79212224128 941649854336 907691717120 3267964254336 4579721180736 -447312418496 -2491345611648 -2167593338624 5289334336 2697361076480 -2045352584640 -1708766296576 -149847125120 -1574934301056 -1617736862656 -1113806444224 259407610240 -3420155108416 -247697825088 108429055488 437897986304 -3245369868608 1371830654080 85747658112 -1079872486784 -609532830848 -221275112000 1509240350208 739639552512 -811232091072 3111222705280 571256879552 2004159213248 1310064774464 1648170530752 1598067534656 551724525952 -836091692352 -770315488512 1844462024768 1006015146496 1821122076224 -2332727716928 3114540087616 180442739520 -1901434607296 69934245504 -954629326272 721493376384 -389507044672 1285216808512 ]
[1385898865028 -1851030253346 2533427058012 9811332957378 -11033498497194 2210953876561 18151233731553 -3214731466365 -18039028048294 -2649317490467 -8921289348371 -2517628325976 17245765959788 -4718384489098 4530359764843 -9916025679671 -6173758472843 10700803649560 6913606336057 -20706042397697 -22948732261136 -14650654291864 10534832963956 -5229342939218 -8262249746657 -2793233400394 17902891233500 5299968866034 -1312226548708 5801782292715 2389948335575 -1558572745062 -14652171946899 -11130968802728 -6131603716155 -590441912959 -19709234684005 -28652179053990 -987172976221 -698252554328 -13953779790476 -13671659725871 -4595332770297 14463351690909 15097317868251 4297569526210 -9585413854461 13089656595957 8294337563768 -6663942403434 830146683141 15163769699589 -6746460625247 -19168392585985 -11399627312572 6157559480481 -2102717348742 14495201660970 -10929477047387 -9471868659886 -7272125506091 16727488468924 -9492519299710 7960994550562 -16144039873216 -10575498099853 -10174610610980 1611081406880 7926934168815 10322680253771 -5333536000684 4254385154915 2704737147582 -1064799686563 5255056656951 -4411284118331 -4486180619746 -9802403075901 -4124397475557 6034608916401 -10193658570581 582756411583 10560297764509 3637969235764 -1412173636549 3983617041030 2609294805435 18797934868711 1820725702832 18295888897019 -3408074049024 -3353502313984 -1243715287872 -33368511104 -2934042224704 -4937626862016 -2244629915328 -5207676255488 -1298245304000 -1886745607872 429179210624 -2746473797760 -2592097654848 -3189971560000 -267765424832 -3536095450176 -1715909887104 -6541007741888 -3544983127552 -1850133390592 -4846275980480 -2597417460992 -1802134396800 -4845958000128 -1046074361408 557506292096 -804148253184 -1503822448768 -1414787493056 1927793749120 -1134388250112 -1361781166336 378276721472 -2076749638080 -1894683779584 -4069391712064 -6843622731584 -2999941972032 -494884696192 -1870098299904 -1865730848768 -4948296602560 -1741238291712 -2527671017280 -4101038742848 -2876853100672 -364563335552 -2603410908480 -2183576019456 -3358625570944 -227125988736 -1551416927040 -2109243530816 -3790377320640 -6136404429760 -691774151360 -2829567568064 -2977283400768 -865684058048 -2833727369024 398455863488 -1015277235648 -4340121632128 -4239367179968 -551808195392 -2399283263744 -1149911957760 -585517622784 -4131621429568 -1639521892224 -1275120270080 -1685980544064 -740312860352 -3581084101120 -3501362577280 -4823775970944 -3791777018112 -1752348541248 -2148261023808 -2465818656320 -3318091611200 -749634222592 -2600156626880 -1891296076352 -1933940528768 -5095490042496 -1606661301312 -2347835829056 -2648323397952 -1001089234816 ]
[-8651009352304 -9538570213082 6219113190314 5333024182505 12027322234845 10885032147130 8399068621278 -20051135475048 -5491609159583 -713605518227 357802971031 -706672178733 13970315737497 3696442273766 -8515319068957 5194380866322 -6548819667345 29732428913995 15429454218563 -6978896506939 -7620260975865 1674108141651 -7757829357170 11637137527810 -3928952977759 -1178955505946 3103541693083 4415590989380 -10272875791266 -6027526345028 7401769291715 12601136664715 -13872849967214 -6219411616644 12616600260941 -12226514528852 -5844933798512 -5038716842066 23129386257171 209344585567 -7765409838202 14111485598066 3149073115047 -2783071885902 -7465013957943 -4140811164441 14404391805265 -12277957288477 -10670884935707 19566007266783 240682432144 -11392257742804 5020214606393 -11641311129606 -11646564917504 -8231046090105 -15984027221822 14030198589169 -3208530888470 9466884775705 -3886790831228 10866918220342 -8297286191363 10881715275765 8803550361411 12002198155586 -15523783042077 -5295076343869 -13567147469373 -12922977991904 -10022185460105 -9507817245216 -242955545551 1831320951034 10326274511094 -576614674196 2668735284196 -9894349261666 -9619163975564 19270529493131 18323908888672 -1425898146208 -9390891560434 -2523291617997 253898461774 8423198289662 -8164476842464 -2799558969058 -34892335335897 -7753318767872 -2412126657728 -2082442884992 -1283080964224 -1749727421120 1122725611072 -3588689315520 -1563481848128 -5164491851648 1006245034752 -3114919991936 -128608960896 -3598469943936 -2160840345216 -1164613736768 -4228477865024 -1160848870336 -567846773888 -3374568648000 -2916845394176 -2003298373504 -1825148482560 -2384041608320 1782986912640 -3026212558784 -955630398784 -1124765553856 -2409994048064 -1702097800768 -85129365632 -2422060068224 -2777205692032 -929968025344 -775969030464 -3388768469376 651639508544 532877796800 -2535690877184 -1112186841408 -2452895267648 -1352734932736 1028807143232 -1683469162624 -1741892670656 -2405337042688 -120725087040 -1909949094656 -2665405430848 -1544124563456 1010266654336 -1865034030400 -1662016301120 -2331078805440 -2779398280128 -3202171984576 -1158707205504 -1231189750720 -33187906560 -2249011260032 -1109275213888 -2416271968256 -2113590701696 -1553772764864 -3348543393728 -4287523045248 -2951716557504 -5758049487104 -3162408302464 -484925930624 -434631389888 -1907110642880 -1252035156608 -4388044570176 -319482102144 249144108032 -863135842048 -2742822515840 -1841978744640 -1428911733568 1310562233280 -2747691684928 -3272208851136 -2651670811264 -3068581845632 -2246270671296 -2832085601600 -5156524052352 1320769948992 -863458473216 -1331743134080 -4561195632128 ]
]
